id,valid_time,knowledge_time,zone,price_eur_mwh,price_dkk_mwh,source,quality_passed,quality_report,created_at
4819,2025-07-02 22:00:00,2025-07-02 22:00:00,DK1,83.489998,622.96062,energidataservice_csv,1,,2026-07-12 14:53:35
4820,2025-07-02 22:00:00,2025-07-02 22:00:00,DK2,83.489998,622.96062,energidataservice_csv,1,,2026-07-12 14:53:35
4817,2025-07-02 23:00:00,2025-07-02 23:00:00,DK1,80.910004,603.709995,energidataservice_csv,1,,2026-07-12 14:53:35
4818,2025-07-02 23:00:00,2025-07-02 23:00:00,DK2,80.900002,603.635365,energidataservice_csv,1,,2026-07-12 14:53:35
4815,2025-07-03 00:00:00,2025-07-03 00:00:00,DK1,62.950001,469.701432,energidataservice_csv,1,,2026-07-12 14:53:35
4816,2025-07-03 00:00:00,2025-07-03 00:00:00,DK2,62.950001,469.701432,energidataservice_csv,1,,2026-07-12 14:53:35
4813,2025-07-03 01:00:00,2025-07-03 01:00:00,DK1,44.080002,328.902935,energidataservice_csv,1,,2026-07-12 14:53:35
4814,2025-07-03 01:00:00,2025-07-03 01:00:00,DK2,44.040001,328.604467,energidataservice_csv,1,,2026-07-12 14:53:35
4811,2025-07-03 02:00:00,2025-07-03 02:00:00,DK1,33.189999,247.647178,energidataservice_csv,1,,2026-07-12 14:53:35
4812,2025-07-03 02:00:00,2025-07-03 02:00:00,DK2,33.16,247.42334,energidataservice_csv,1,,2026-07-12 14:53:35
4809,2025-07-03 03:00:00,2025-07-03 03:00:00,DK1,13.58,101.32717,energidataservice_csv,1,,2026-07-12 14:53:35
4810,2025-07-03 03:00:00,2025-07-03 03:00:00,DK2,51.610001,385.088022,energidataservice_csv,1,,2026-07-12 14:53:35
4807,2025-07-03 04:00:00,2025-07-03 04:00:00,DK1,4.08,30.44292,energidataservice_csv,1,,2026-07-12 14:53:35
4808,2025-07-03 04:00:00,2025-07-03 04:00:00,DK2,30.92,230.70958,energidataservice_csv,1,,2026-07-12 14:53:35
4805,2025-07-03 05:00:00,2025-07-03 05:00:00,DK1,2.58,19.25067,energidataservice_csv,1,,2026-07-12 14:53:35
4806,2025-07-03 05:00:00,2025-07-03 05:00:00,DK2,37.91,282.865465,energidataservice_csv,1,,2026-07-12 14:53:35
4803,2025-07-03 06:00:00,2025-07-03 06:00:00,DK1,2.3,17.16145,energidataservice_csv,1,,2026-07-12 14:53:35
4804,2025-07-03 06:00:00,2025-07-03 06:00:00,DK2,31.18,232.64957,energidataservice_csv,1,,2026-07-12 14:53:35
4801,2025-07-03 07:00:00,2025-07-03 07:00:00,DK1,0.0,0.0,energidataservice_csv,1,,2026-07-12 14:53:35
4802,2025-07-03 07:00:00,2025-07-03 07:00:00,DK2,26.049999,194.372068,energidataservice_csv,1,,2026-07-12 14:53:35
4799,2025-07-03 08:00:00,2025-07-03 08:00:00,DK1,-0.01,-0.074615,energidataservice_csv,1,,2026-07-12 14:53:35
4800,2025-07-03 08:00:00,2025-07-03 08:00:00,DK2,4.33,32.308295,energidataservice_csv,1,,2026-07-12 14:53:35
4797,2025-07-03 09:00:00,2025-07-03 09:00:00,DK1,0.0,0.0,energidataservice_csv,1,,2026-07-12 14:53:35
4798,2025-07-03 09:00:00,2025-07-03 09:00:00,DK2,4.15,30.965225,energidataservice_csv,1,,2026-07-12 14:53:35
4795,2025-07-03 10:00:00,2025-07-03 10:00:00,DK1,0.02,0.14923,energidataservice_csv,1,,2026-07-12 14:53:35
4796,2025-07-03 10:00:00,2025-07-03 10:00:00,DK2,4.14,30.89061,energidataservice_csv,1,,2026-07-12 14:53:35
4793,2025-07-03 11:00:00,2025-07-03 11:00:00,DK1,0.06,0.44769,energidataservice_csv,1,,2026-07-12 14:53:35
4794,2025-07-03 11:00:00,2025-07-03 11:00:00,DK2,4.13,30.815995,energidataservice_csv,1,,2026-07-12 14:53:35
4791,2025-07-03 12:00:00,2025-07-03 12:00:00,DK1,0.0,0.0,energidataservice_csv,1,,2026-07-12 14:53:35
4792,2025-07-03 12:00:00,2025-07-03 12:00:00,DK2,4.14,30.89061,energidataservice_csv,1,,2026-07-12 14:53:35
4789,2025-07-03 13:00:00,2025-07-03 13:00:00,DK1,0.05,0.373075,energidataservice_csv,1,,2026-07-12 14:53:35
4790,2025-07-03 13:00:00,2025-07-03 13:00:00,DK2,4.14,30.89061,energidataservice_csv,1,,2026-07-12 14:53:35
4787,2025-07-03 14:00:00,2025-07-03 14:00:00,DK1,2.03,15.146845,energidataservice_csv,1,,2026-07-12 14:53:35
4788,2025-07-03 14:00:00,2025-07-03 14:00:00,DK2,4.11,30.666765,energidataservice_csv,1,,2026-07-12 14:53:35
4785,2025-07-03 15:00:00,2025-07-03 15:00:00,DK1,3.16,23.57834,energidataservice_csv,1,,2026-07-12 14:53:35
4786,2025-07-03 15:00:00,2025-07-03 15:00:00,DK2,4.12,30.74138,energidataservice_csv,1,,2026-07-12 14:53:35
4783,2025-07-03 16:00:00,2025-07-03 16:00:00,DK1,4.21,31.412915,energidataservice_csv,1,,2026-07-12 14:53:35
4784,2025-07-03 16:00:00,2025-07-03 16:00:00,DK2,4.19,31.263685,energidataservice_csv,1,,2026-07-12 14:53:35
4781,2025-07-03 17:00:00,2025-07-03 17:00:00,DK1,74.0,552.151,energidataservice_csv,1,,2026-07-12 14:53:35
4782,2025-07-03 17:00:00,2025-07-03 17:00:00,DK2,35.630001,265.853252,energidataservice_csv,1,,2026-07-12 14:53:35
4779,2025-07-03 18:00:00,2025-07-03 18:00:00,DK1,131.050003,977.829597,energidataservice_csv,1,,2026-07-12 14:53:35
4780,2025-07-03 18:00:00,2025-07-03 18:00:00,DK2,106.290001,793.082842,energidataservice_csv,1,,2026-07-12 14:53:35
4777,2025-07-03 19:00:00,2025-07-03 19:00:00,DK1,151.100006,1127.432695,energidataservice_csv,1,,2026-07-12 14:53:35
4778,2025-07-03 19:00:00,2025-07-03 19:00:00,DK2,144.990005,1081.842922,energidataservice_csv,1,,2026-07-12 14:53:35
4775,2025-07-03 20:00:00,2025-07-03 20:00:00,DK1,133.300003,994.617972,energidataservice_csv,1,,2026-07-12 14:53:35
4776,2025-07-03 20:00:00,2025-07-03 20:00:00,DK2,133.300003,994.617972,energidataservice_csv,1,,2026-07-12 14:53:35
4773,2025-07-03 21:00:00,2025-07-03 21:00:00,DK1,117.029999,873.219338,energidataservice_csv,1,,2026-07-12 14:53:35
4774,2025-07-03 21:00:00,2025-07-03 21:00:00,DK2,117.010002,873.07013,energidataservice_csv,1,,2026-07-12 14:53:35
4771,2025-07-03 22:00:00,2025-07-03 22:00:00,DK1,109.07,813.847619,energidataservice_csv,1,,2026-07-12 14:53:35
4772,2025-07-03 22:00:00,2025-07-03 22:00:00,DK2,109.07,813.847619,energidataservice_csv,1,,2026-07-12 14:53:35
4769,2025-07-03 23:00:00,2025-07-03 23:00:00,DK1,103.459999,771.987475,energidataservice_csv,1,,2026-07-12 14:53:35
4770,2025-07-03 23:00:00,2025-07-03 23:00:00,DK2,103.459999,771.987475,energidataservice_csv,1,,2026-07-12 14:53:35
4767,2025-07-04 00:00:00,2025-07-04 00:00:00,DK1,99.980003,746.020788,energidataservice_csv,1,,2026-07-12 14:53:35
4768,2025-07-04 00:00:00,2025-07-04 00:00:00,DK2,99.980003,746.020788,energidataservice_csv,1,,2026-07-12 14:53:35
4765,2025-07-04 01:00:00,2025-07-04 01:00:00,DK1,96.379997,719.158624,energidataservice_csv,1,,2026-07-12 14:53:35
4766,2025-07-04 01:00:00,2025-07-04 01:00:00,DK2,96.379997,719.158624,energidataservice_csv,1,,2026-07-12 14:53:35
4763,2025-07-04 02:00:00,2025-07-04 02:00:00,DK1,95.010002,708.936132,energidataservice_csv,1,,2026-07-12 14:53:35
4764,2025-07-04 02:00:00,2025-07-04 02:00:00,DK2,95.010002,708.936132,energidataservice_csv,1,,2026-07-12 14:53:35
4761,2025-07-04 03:00:00,2025-07-04 03:00:00,DK1,87.330002,651.630276,energidataservice_csv,1,,2026-07-12 14:53:35
4762,2025-07-04 03:00:00,2025-07-04 03:00:00,DK2,87.330002,651.630276,energidataservice_csv,1,,2026-07-12 14:53:35
4759,2025-07-04 04:00:00,2025-07-04 04:00:00,DK1,96.699997,721.546368,energidataservice_csv,1,,2026-07-12 14:53:35
4760,2025-07-04 04:00:00,2025-07-04 04:00:00,DK2,96.699997,721.546368,energidataservice_csv,1,,2026-07-12 14:53:35
4757,2025-07-04 05:00:00,2025-07-04 05:00:00,DK1,111.290001,830.4126,energidataservice_csv,1,,2026-07-12 14:53:35
4758,2025-07-04 05:00:00,2025-07-04 05:00:00,DK2,111.290001,830.4126,energidataservice_csv,1,,2026-07-12 14:53:35
4755,2025-07-04 06:00:00,2025-07-04 06:00:00,DK1,100.0,746.17,energidataservice_csv,1,,2026-07-12 14:53:35
4756,2025-07-04 06:00:00,2025-07-04 06:00:00,DK2,100.0,746.17,energidataservice_csv,1,,2026-07-12 14:53:35
4753,2025-07-04 07:00:00,2025-07-04 07:00:00,DK1,81.93,611.337081,energidataservice_csv,1,,2026-07-12 14:53:35
4754,2025-07-04 07:00:00,2025-07-04 07:00:00,DK2,81.93,611.337081,energidataservice_csv,1,,2026-07-12 14:53:35
4751,2025-07-04 08:00:00,2025-07-04 08:00:00,DK1,54.189999,404.349516,energidataservice_csv,1,,2026-07-12 14:53:35
4752,2025-07-04 08:00:00,2025-07-04 08:00:00,DK2,54.189999,404.349516,energidataservice_csv,1,,2026-07-12 14:53:35
4749,2025-07-04 09:00:00,2025-07-04 09:00:00,DK1,6.69,49.918773,energidataservice_csv,1,,2026-07-12 14:53:35
4750,2025-07-04 09:00:00,2025-07-04 09:00:00,DK2,6.69,49.918773,energidataservice_csv,1,,2026-07-12 14:53:35
4747,2025-07-04 10:00:00,2025-07-04 10:00:00,DK1,-0.05,-0.373085,energidataservice_csv,1,,2026-07-12 14:53:35
4748,2025-07-04 10:00:00,2025-07-04 10:00:00,DK2,-0.05,-0.373085,energidataservice_csv,1,,2026-07-12 14:53:35
4745,2025-07-04 11:00:00,2025-07-04 11:00:00,DK1,-1.56,-11.640252,energidataservice_csv,1,,2026-07-12 14:53:35
4746,2025-07-04 11:00:00,2025-07-04 11:00:00,DK2,-1.74,-12.983358,energidataservice_csv,1,,2026-07-12 14:53:35
4743,2025-07-04 12:00:00,2025-07-04 12:00:00,DK1,-1.37,-10.222529,energidataservice_csv,1,,2026-07-12 14:53:35
4744,2025-07-04 12:00:00,2025-07-04 12:00:00,DK2,-0.49,-3.656233,energidataservice_csv,1,,2026-07-12 14:53:35
4741,2025-07-04 13:00:00,2025-07-04 13:00:00,DK1,-0.61,-4.551637,energidataservice_csv,1,,2026-07-12 14:53:35
4742,2025-07-04 13:00:00,2025-07-04 13:00:00,DK2,-0.61,-4.551637,energidataservice_csv,1,,2026-07-12 14:53:35
4739,2025-07-04 14:00:00,2025-07-04 14:00:00,DK1,2.39,17.833463,energidataservice_csv,1,,2026-07-12 14:53:35
4740,2025-07-04 14:00:00,2025-07-04 14:00:00,DK2,2.41,17.982697,energidataservice_csv,1,,2026-07-12 14:53:35
4737,2025-07-04 15:00:00,2025-07-04 15:00:00,DK1,39.919998,297.871049,energidataservice_csv,1,,2026-07-12 14:53:35
4738,2025-07-04 15:00:00,2025-07-04 15:00:00,DK2,39.880001,297.572603,energidataservice_csv,1,,2026-07-12 14:53:35
4735,2025-07-04 16:00:00,2025-07-04 16:00:00,DK1,74.57,556.418969,energidataservice_csv,1,,2026-07-12 14:53:35
4736,2025-07-04 16:00:00,2025-07-04 16:00:00,DK2,74.550003,556.269757,energidataservice_csv,1,,2026-07-12 14:53:35
4733,2025-07-04 17:00:00,2025-07-04 17:00:00,DK1,90.82,677.671594,energidataservice_csv,1,,2026-07-12 14:53:35
4734,2025-07-04 17:00:00,2025-07-04 17:00:00,DK2,90.82,677.671594,energidataservice_csv,1,,2026-07-12 14:53:35
4731,2025-07-04 18:00:00,2025-07-04 18:00:00,DK1,91.529999,682.969394,energidataservice_csv,1,,2026-07-12 14:53:35
4732,2025-07-04 18:00:00,2025-07-04 18:00:00,DK2,91.529999,682.969394,energidataservice_csv,1,,2026-07-12 14:53:35
4729,2025-07-04 19:00:00,2025-07-04 19:00:00,DK1,96.760002,721.994107,energidataservice_csv,1,,2026-07-12 14:53:35
4730,2025-07-04 19:00:00,2025-07-04 19:00:00,DK2,96.760002,721.994107,energidataservice_csv,1,,2026-07-12 14:53:35
4727,2025-07-04 20:00:00,2025-07-04 20:00:00,DK1,107.830002,804.595126,energidataservice_csv,1,,2026-07-12 14:53:35
4728,2025-07-04 20:00:00,2025-07-04 20:00:00,DK2,107.800003,804.371282,energidataservice_csv,1,,2026-07-12 14:53:35
4725,2025-07-04 21:00:00,2025-07-04 21:00:00,DK1,92.239998,688.267193,energidataservice_csv,1,,2026-07-12 14:53:35
4726,2025-07-04 21:00:00,2025-07-04 21:00:00,DK2,92.230003,688.192613,energidataservice_csv,1,,2026-07-12 14:53:35
4723,2025-07-04 22:00:00,2025-07-04 22:00:00,DK1,57.130001,426.286928,energidataservice_csv,1,,2026-07-12 14:53:35
4724,2025-07-04 22:00:00,2025-07-04 22:00:00,DK2,85.290001,636.4084,energidataservice_csv,1,,2026-07-12 14:53:35
4721,2025-07-04 23:00:00,2025-07-04 23:00:00,DK1,44.200001,329.807147,energidataservice_csv,1,,2026-07-12 14:53:35
4722,2025-07-04 23:00:00,2025-07-04 23:00:00,DK2,76.25,568.954625,energidataservice_csv,1,,2026-07-12 14:53:35
4719,2025-07-05 00:00:00,2025-07-05 00:00:00,DK1,25.040001,186.840975,energidataservice_csv,1,,2026-07-12 14:53:35
4720,2025-07-05 00:00:00,2025-07-05 00:00:00,DK2,71.410004,532.840027,energidataservice_csv,1,,2026-07-12 14:53:35
4717,2025-07-05 01:00:00,2025-07-05 01:00:00,DK1,21.059999,157.143395,energidataservice_csv,1,,2026-07-12 14:53:35
4718,2025-07-05 01:00:00,2025-07-05 01:00:00,DK2,68.57,511.648769,energidataservice_csv,1,,2026-07-12 14:53:35
4715,2025-07-05 02:00:00,2025-07-05 02:00:00,DK1,13.0,97.0021,energidataservice_csv,1,,2026-07-12 14:53:35
4716,2025-07-05 02:00:00,2025-07-05 02:00:00,DK2,69.150002,515.97657,energidataservice_csv,1,,2026-07-12 14:53:35
4713,2025-07-05 03:00:00,2025-07-05 03:00:00,DK1,8.7,64.91679,energidataservice_csv,1,,2026-07-12 14:53:35
4714,2025-07-05 03:00:00,2025-07-05 03:00:00,DK2,13.71,102.299907,energidataservice_csv,1,,2026-07-12 14:53:35
4711,2025-07-05 04:00:00,2025-07-05 04:00:00,DK1,11.9,88.79423,energidataservice_csv,1,,2026-07-12 14:53:35
4712,2025-07-05 04:00:00,2025-07-05 04:00:00,DK2,107.769997,804.147387,energidataservice_csv,1,,2026-07-12 14:53:35
4709,2025-07-05 05:00:00,2025-07-05 05:00:00,DK1,25.16,187.736372,energidataservice_csv,1,,2026-07-12 14:53:35
4710,2025-07-05 05:00:00,2025-07-05 05:00:00,DK2,38.400002,286.529295,energidataservice_csv,1,,2026-07-12 14:53:35
4707,2025-07-05 06:00:00,2025-07-05 06:00:00,DK1,17.860001,133.265969,energidataservice_csv,1,,2026-07-12 14:53:35
4708,2025-07-05 06:00:00,2025-07-05 06:00:00,DK2,17.860001,133.265969,energidataservice_csv,1,,2026-07-12 14:53:35
4705,2025-07-05 07:00:00,2025-07-05 07:00:00,DK1,3.34,24.922078,energidataservice_csv,1,,2026-07-12 14:53:35
4706,2025-07-05 07:00:00,2025-07-05 07:00:00,DK2,3.72,27.757524,energidataservice_csv,1,,2026-07-12 14:53:35
4703,2025-07-05 08:00:00,2025-07-05 08:00:00,DK1,0.66,4.924722,energidataservice_csv,1,,2026-07-12 14:53:35
4704,2025-07-05 08:00:00,2025-07-05 08:00:00,DK2,1.93,14.401081,energidataservice_csv,1,,2026-07-12 14:53:35
4701,2025-07-05 09:00:00,2025-07-05 09:00:00,DK1,0.55,4.103935,energidataservice_csv,1,,2026-07-12 14:53:35
4702,2025-07-05 09:00:00,2025-07-05 09:00:00,DK2,1.74,12.983358,energidataservice_csv,1,,2026-07-12 14:53:35
4699,2025-07-05 10:00:00,2025-07-05 10:00:00,DK1,-0.08,-0.596936,energidataservice_csv,1,,2026-07-12 14:53:35
4700,2025-07-05 10:00:00,2025-07-05 10:00:00,DK2,0.57,4.253169,energidataservice_csv,1,,2026-07-12 14:53:35
4697,2025-07-05 11:00:00,2025-07-05 11:00:00,DK1,-0.54,-4.029318,energidataservice_csv,1,,2026-07-12 14:53:35
4698,2025-07-05 11:00:00,2025-07-05 11:00:00,DK2,0.37,2.760829,energidataservice_csv,1,,2026-07-12 14:53:35
4695,2025-07-05 12:00:00,2025-07-05 12:00:00,DK1,-1.49,-11.117933,energidataservice_csv,1,,2026-07-12 14:53:35
4696,2025-07-05 12:00:00,2025-07-05 12:00:00,DK2,0.0,0.0,energidataservice_csv,1,,2026-07-12 14:53:35
4693,2025-07-05 13:00:00,2025-07-05 13:00:00,DK1,-0.9,-6.71553,energidataservice_csv,1,,2026-07-12 14:53:35
4694,2025-07-05 13:00:00,2025-07-05 13:00:00,DK2,1.27,9.476359,energidataservice_csv,1,,2026-07-12 14:53:35
4691,2025-07-05 14:00:00,2025-07-05 14:00:00,DK1,-2.0,-14.9234,energidataservice_csv,1,,2026-07-12 14:53:35
4692,2025-07-05 14:00:00,2025-07-05 14:00:00,DK2,3.33,24.847461,energidataservice_csv,1,,2026-07-12 14:53:35
4689,2025-07-05 15:00:00,2025-07-05 15:00:00,DK1,0.0,0.0,energidataservice_csv,1,,2026-07-12 14:53:35
4690,2025-07-05 15:00:00,2025-07-05 15:00:00,DK2,4.51,33.652267,energidataservice_csv,1,,2026-07-12 14:53:35
4687,2025-07-05 16:00:00,2025-07-05 16:00:00,DK1,28.0,208.9276,energidataservice_csv,1,,2026-07-12 14:53:35
4688,2025-07-05 16:00:00,2025-07-05 16:00:00,DK2,25.75,192.138775,energidataservice_csv,1,,2026-07-12 14:53:35
4685,2025-07-05 17:00:00,2025-07-05 17:00:00,DK1,51.290001,382.7106,energidataservice_csv,1,,2026-07-12 14:53:35
4686,2025-07-05 17:00:00,2025-07-05 17:00:00,DK2,51.279999,382.635969,energidataservice_csv,1,,2026-07-12 14:53:35
4683,2025-07-05 18:00:00,2025-07-05 18:00:00,DK1,79.480003,593.055938,energidataservice_csv,1,,2026-07-12 14:53:35
4684,2025-07-05 18:00:00,2025-07-05 18:00:00,DK2,79.480003,593.055938,energidataservice_csv,1,,2026-07-12 14:53:35
4681,2025-07-05 19:00:00,2025-07-05 19:00:00,DK1,105.360001,786.164719,energidataservice_csv,1,,2026-07-12 14:53:35
4682,2025-07-05 19:00:00,2025-07-05 19:00:00,DK2,105.339996,786.015448,energidataservice_csv,1,,2026-07-12 14:53:35
4679,2025-07-05 20:00:00,2025-07-05 20:00:00,DK1,112.269997,837.725037,energidataservice_csv,1,,2026-07-12 14:53:35
4680,2025-07-05 20:00:00,2025-07-05 20:00:00,DK2,112.239998,837.501193,energidataservice_csv,1,,2026-07-12 14:53:35
4677,2025-07-05 21:00:00,2025-07-05 21:00:00,DK1,107.230003,800.118113,energidataservice_csv,1,,2026-07-12 14:53:35
4678,2025-07-05 21:00:00,2025-07-05 21:00:00,DK2,107.230003,800.118113,energidataservice_csv,1,,2026-07-12 14:53:35
4675,2025-07-05 22:00:00,2025-07-05 22:00:00,DK1,80.029999,597.159844,energidataservice_csv,1,,2026-07-12 14:53:35
4676,2025-07-05 22:00:00,2025-07-05 22:00:00,DK2,80.029999,597.159844,energidataservice_csv,1,,2026-07-12 14:53:35
4673,2025-07-05 23:00:00,2025-07-05 23:00:00,DK1,70.0,522.319,energidataservice_csv,1,,2026-07-12 14:53:35
4674,2025-07-05 23:00:00,2025-07-05 23:00:00,DK2,70.0,522.319,energidataservice_csv,1,,2026-07-12 14:53:35
4671,2025-07-06 00:00:00,2025-07-06 00:00:00,DK1,73.919998,551.568849,energidataservice_csv,1,,2026-07-12 14:53:35
4672,2025-07-06 00:00:00,2025-07-06 00:00:00,DK2,73.919998,551.568849,energidataservice_csv,1,,2026-07-12 14:53:35
4669,2025-07-06 01:00:00,2025-07-06 01:00:00,DK1,74.129997,553.135799,energidataservice_csv,1,,2026-07-12 14:53:35
4670,2025-07-06 01:00:00,2025-07-06 01:00:00,DK2,74.129997,553.135799,energidataservice_csv,1,,2026-07-12 14:53:35
4667,2025-07-06 02:00:00,2025-07-06 02:00:00,DK1,73.489998,548.360318,energidataservice_csv,1,,2026-07-12 14:53:35
4668,2025-07-06 02:00:00,2025-07-06 02:00:00,DK2,73.489998,548.360318,energidataservice_csv,1,,2026-07-12 14:53:35
4665,2025-07-06 03:00:00,2025-07-06 03:00:00,DK1,79.669998,594.473624,energidataservice_csv,1,,2026-07-12 14:53:35
4666,2025-07-06 03:00:00,2025-07-06 03:00:00,DK2,79.669998,594.473624,energidataservice_csv,1,,2026-07-12 14:53:35
4663,2025-07-06 04:00:00,2025-07-06 04:00:00,DK1,78.459999,585.444975,energidataservice_csv,1,,2026-07-12 14:53:35
4664,2025-07-06 04:00:00,2025-07-06 04:00:00,DK2,78.459999,585.444975,energidataservice_csv,1,,2026-07-12 14:53:35
4661,2025-07-06 05:00:00,2025-07-06 05:00:00,DK1,77.57,578.804069,energidataservice_csv,1,,2026-07-12 14:53:35
4662,2025-07-06 05:00:00,2025-07-06 05:00:00,DK2,77.57,578.804069,energidataservice_csv,1,,2026-07-12 14:53:35
4659,2025-07-06 06:00:00,2025-07-06 06:00:00,DK1,70.57,526.572169,energidataservice_csv,1,,2026-07-12 14:53:35
4660,2025-07-06 06:00:00,2025-07-06 06:00:00,DK2,70.57,526.572169,energidataservice_csv,1,,2026-07-12 14:53:35
4657,2025-07-06 07:00:00,2025-07-06 07:00:00,DK1,38.810001,289.588584,energidataservice_csv,1,,2026-07-12 14:53:35
4658,2025-07-06 07:00:00,2025-07-06 07:00:00,DK2,38.810001,289.588584,energidataservice_csv,1,,2026-07-12 14:53:35
4655,2025-07-06 08:00:00,2025-07-06 08:00:00,DK1,19.209999,143.33925,energidataservice_csv,1,,2026-07-12 14:53:35
4656,2025-07-06 08:00:00,2025-07-06 08:00:00,DK2,19.209999,143.33925,energidataservice_csv,1,,2026-07-12 14:53:35
4653,2025-07-06 09:00:00,2025-07-06 09:00:00,DK1,13.19,98.419823,energidataservice_csv,1,,2026-07-12 14:53:35
4654,2025-07-06 09:00:00,2025-07-06 09:00:00,DK2,13.19,98.419823,energidataservice_csv,1,,2026-07-12 14:53:35
4651,2025-07-06 10:00:00,2025-07-06 10:00:00,DK1,10.26,76.557042,energidataservice_csv,1,,2026-07-12 14:53:35
4652,2025-07-06 10:00:00,2025-07-06 10:00:00,DK2,10.26,76.557042,energidataservice_csv,1,,2026-07-12 14:53:35
4649,2025-07-06 11:00:00,2025-07-06 11:00:00,DK1,5.85,43.650945,energidataservice_csv,1,,2026-07-12 14:53:35
4650,2025-07-06 11:00:00,2025-07-06 11:00:00,DK2,5.85,43.650945,energidataservice_csv,1,,2026-07-12 14:53:35
4647,2025-07-06 12:00:00,2025-07-06 12:00:00,DK1,11.2,83.57104,energidataservice_csv,1,,2026-07-12 14:53:35
4648,2025-07-06 12:00:00,2025-07-06 12:00:00,DK2,11.2,83.57104,energidataservice_csv,1,,2026-07-12 14:53:35
4645,2025-07-06 13:00:00,2025-07-06 13:00:00,DK1,50.57,377.338169,energidataservice_csv,1,,2026-07-12 14:53:35
4646,2025-07-06 13:00:00,2025-07-06 13:00:00,DK2,50.57,377.338169,energidataservice_csv,1,,2026-07-12 14:53:35
4643,2025-07-06 14:00:00,2025-07-06 14:00:00,DK1,70.769997,528.064487,energidataservice_csv,1,,2026-07-12 14:53:35
4644,2025-07-06 14:00:00,2025-07-06 14:00:00,DK2,70.769997,528.064487,energidataservice_csv,1,,2026-07-12 14:53:35
4641,2025-07-06 15:00:00,2025-07-06 15:00:00,DK1,100.290001,748.3339,energidataservice_csv,1,,2026-07-12 14:53:35
4642,2025-07-06 15:00:00,2025-07-06 15:00:00,DK2,100.290001,748.3339,energidataservice_csv,1,,2026-07-12 14:53:35
4639,2025-07-06 16:00:00,2025-07-06 16:00:00,DK1,107.370003,801.162751,energidataservice_csv,1,,2026-07-12 14:53:35
4640,2025-07-06 16:00:00,2025-07-06 16:00:00,DK2,107.370003,801.162751,energidataservice_csv,1,,2026-07-12 14:53:35
4637,2025-07-06 17:00:00,2025-07-06 17:00:00,DK1,112.160004,836.904302,energidataservice_csv,1,,2026-07-12 14:53:35
4638,2025-07-06 17:00:00,2025-07-06 17:00:00,DK2,112.160004,836.904302,energidataservice_csv,1,,2026-07-12 14:53:35
4635,2025-07-06 18:00:00,2025-07-06 18:00:00,DK1,120.32,897.791744,energidataservice_csv,1,,2026-07-12 14:53:35
4636,2025-07-06 18:00:00,2025-07-06 18:00:00,DK2,120.32,897.791744,energidataservice_csv,1,,2026-07-12 14:53:35
4633,2025-07-06 19:00:00,2025-07-06 19:00:00,DK1,125.040001,933.010975,energidataservice_csv,1,,2026-07-12 14:53:35
4634,2025-07-06 19:00:00,2025-07-06 19:00:00,DK2,125.040001,933.010975,energidataservice_csv,1,,2026-07-12 14:53:35
4631,2025-07-06 20:00:00,2025-07-06 20:00:00,DK1,122.209999,911.89435,energidataservice_csv,1,,2026-07-12 14:53:35
4632,2025-07-06 20:00:00,2025-07-06 20:00:00,DK2,122.209999,911.89435,energidataservice_csv,1,,2026-07-12 14:53:35
4629,2025-07-06 21:00:00,2025-07-06 21:00:00,DK1,110.779999,826.607119,energidataservice_csv,1,,2026-07-12 14:53:35
4630,2025-07-06 21:00:00,2025-07-06 21:00:00,DK2,110.779999,826.607119,energidataservice_csv,1,,2026-07-12 14:53:35
4627,2025-07-06 22:00:00,2025-07-06 22:00:00,DK1,118.839996,886.593906,energidataservice_csv,1,,2026-07-12 14:53:35
4628,2025-07-06 22:00:00,2025-07-06 22:00:00,DK2,118.839996,886.593906,energidataservice_csv,1,,2026-07-12 14:53:35
4625,2025-07-06 23:00:00,2025-07-06 23:00:00,DK1,107.419998,801.396153,energidataservice_csv,1,,2026-07-12 14:53:35
4626,2025-07-06 23:00:00,2025-07-06 23:00:00,DK2,107.419998,801.396153,energidataservice_csv,1,,2026-07-12 14:53:35
4623,2025-07-07 00:00:00,2025-07-07 00:00:00,DK1,101.919998,760.363953,energidataservice_csv,1,,2026-07-12 14:53:35
4624,2025-07-07 00:00:00,2025-07-07 00:00:00,DK2,101.919998,760.363953,energidataservice_csv,1,,2026-07-12 14:53:35
4621,2025-07-07 01:00:00,2025-07-07 01:00:00,DK1,99.120003,739.47487,energidataservice_csv,1,,2026-07-12 14:53:35
4622,2025-07-07 01:00:00,2025-07-07 01:00:00,DK2,99.120003,739.47487,energidataservice_csv,1,,2026-07-12 14:53:35
4619,2025-07-07 02:00:00,2025-07-07 02:00:00,DK1,101.0,753.5004,energidataservice_csv,1,,2026-07-12 14:53:35
4620,2025-07-07 02:00:00,2025-07-07 02:00:00,DK2,101.0,753.5004,energidataservice_csv,1,,2026-07-12 14:53:35
4617,2025-07-07 03:00:00,2025-07-07 03:00:00,DK1,100.900002,752.754375,energidataservice_csv,1,,2026-07-12 14:53:35
4618,2025-07-07 03:00:00,2025-07-07 03:00:00,DK2,89.720001,669.347095,energidataservice_csv,1,,2026-07-12 14:53:35
4615,2025-07-07 04:00:00,2025-07-07 04:00:00,DK1,125.120003,933.44527,energidataservice_csv,1,,2026-07-12 14:53:35
4616,2025-07-07 04:00:00,2025-07-07 04:00:00,DK2,135.600006,1011.630285,energidataservice_csv,1,,2026-07-12 14:53:35
4613,2025-07-07 05:00:00,2025-07-07 05:00:00,DK1,131.009995,977.386967,energidataservice_csv,1,,2026-07-12 14:53:35
4614,2025-07-07 05:00:00,2025-07-07 05:00:00,DK2,143.470001,1070.343595,energidataservice_csv,1,,2026-07-12 14:53:35
4611,2025-07-07 06:00:00,2025-07-07 06:00:00,DK1,146.639999,1093.993049,energidataservice_csv,1,,2026-07-12 14:53:35
4612,2025-07-07 06:00:00,2025-07-07 06:00:00,DK2,152.119995,1134.876011,energidataservice_csv,1,,2026-07-12 14:53:35
4609,2025-07-07 07:00:00,2025-07-07 07:00:00,DK1,131.990005,984.698233,energidataservice_csv,1,,2026-07-12 14:53:35
4610,2025-07-07 07:00:00,2025-07-07 07:00:00,DK2,131.889999,983.952149,energidataservice_csv,1,,2026-07-12 14:53:35
4607,2025-07-07 08:00:00,2025-07-07 08:00:00,DK1,108.639999,810.497849,energidataservice_csv,1,,2026-07-12 14:53:35
4608,2025-07-07 08:00:00,2025-07-07 08:00:00,DK2,108.620003,810.34867,energidataservice_csv,1,,2026-07-12 14:53:35
4605,2025-07-07 09:00:00,2025-07-07 09:00:00,DK1,92.370003,689.11717,energidataservice_csv,1,,2026-07-12 14:53:35
4606,2025-07-07 09:00:00,2025-07-07 09:00:00,DK2,108.940002,812.735991,energidataservice_csv,1,,2026-07-12 14:53:35
4603,2025-07-07 10:00:00,2025-07-07 10:00:00,DK1,78.720001,587.282695,energidataservice_csv,1,,2026-07-12 14:53:35
4604,2025-07-07 10:00:00,2025-07-07 10:00:00,DK2,90.190002,672.853491,energidataservice_csv,1,,2026-07-12 14:53:35
4601,2025-07-07 11:00:00,2025-07-07 11:00:00,DK1,61.07,455.606628,energidataservice_csv,1,,2026-07-12 14:53:35
4602,2025-07-07 11:00:00,2025-07-07 11:00:00,DK2,71.0,529.6884,energidataservice_csv,1,,2026-07-12 14:53:35
4599,2025-07-07 12:00:00,2025-07-07 12:00:00,DK1,52.610001,392.491651,energidataservice_csv,1,,2026-07-12 14:53:35
4600,2025-07-07 12:00:00,2025-07-07 12:00:00,DK2,53.009998,395.475789,energidataservice_csv,1,,2026-07-12 14:53:35
4597,2025-07-07 13:00:00,2025-07-07 13:00:00,DK1,50.669998,378.018453,energidataservice_csv,1,,2026-07-12 14:53:35
4598,2025-07-07 13:00:00,2025-07-07 13:00:00,DK2,50.66,377.943864,energidataservice_csv,1,,2026-07-12 14:53:35
4595,2025-07-07 14:00:00,2025-07-07 14:00:00,DK1,45.950001,342.805387,energidataservice_csv,1,,2026-07-12 14:53:35
4596,2025-07-07 14:00:00,2025-07-07 14:00:00,DK2,51.540001,384.509023,energidataservice_csv,1,,2026-07-12 14:53:35
4593,2025-07-07 15:00:00,2025-07-07 15:00:00,DK1,60.310001,449.936731,energidataservice_csv,1,,2026-07-12 14:53:35
4594,2025-07-07 15:00:00,2025-07-07 15:00:00,DK2,69.720001,520.139095,energidataservice_csv,1,,2026-07-12 14:53:35
4591,2025-07-07 16:00:00,2025-07-07 16:00:00,DK1,77.980003,581.762014,energidataservice_csv,1,,2026-07-12 14:53:35
4592,2025-07-07 16:00:00,2025-07-07 16:00:00,DK2,87.970001,656.291395,energidataservice_csv,1,,2026-07-12 14:53:35
4589,2025-07-07 17:00:00,2025-07-07 17:00:00,DK1,92.269997,688.371086,energidataservice_csv,1,,2026-07-12 14:53:35
4590,2025-07-07 17:00:00,2025-07-07 17:00:00,DK2,92.300003,688.594942,energidataservice_csv,1,,2026-07-12 14:53:35
4587,2025-07-07 18:00:00,2025-07-07 18:00:00,DK1,97.279999,725.747705,energidataservice_csv,1,,2026-07-12 14:53:35
4588,2025-07-07 18:00:00,2025-07-07 18:00:00,DK2,97.32,726.046128,energidataservice_csv,1,,2026-07-12 14:53:35
4585,2025-07-07 19:00:00,2025-07-07 19:00:00,DK1,109.919998,820.047153,energidataservice_csv,1,,2026-07-12 14:53:35
4586,2025-07-07 19:00:00,2025-07-07 19:00:00,DK2,109.959999,820.345577,energidataservice_csv,1,,2026-07-12 14:53:35
4583,2025-07-07 20:00:00,2025-07-07 20:00:00,DK1,110.089996,821.315406,energidataservice_csv,1,,2026-07-12 14:53:35
4584,2025-07-07 20:00:00,2025-07-07 20:00:00,DK2,110.110001,821.464651,energidataservice_csv,1,,2026-07-12 14:53:35
4581,2025-07-07 21:00:00,2025-07-07 21:00:00,DK1,87.300003,651.292942,energidataservice_csv,1,,2026-07-12 14:53:35
4582,2025-07-07 21:00:00,2025-07-07 21:00:00,DK2,87.279999,651.143705,energidataservice_csv,1,,2026-07-12 14:53:35
4579,2025-07-07 22:00:00,2025-07-07 22:00:00,DK1,103.830002,774.665262,energidataservice_csv,1,,2026-07-12 14:53:35
4580,2025-07-07 22:00:00,2025-07-07 22:00:00,DK2,103.809998,774.516014,energidataservice_csv,1,,2026-07-12 14:53:35
4577,2025-07-07 23:00:00,2025-07-07 23:00:00,DK1,92.900002,693.117625,energidataservice_csv,1,,2026-07-12 14:53:35
4578,2025-07-07 23:00:00,2025-07-07 23:00:00,DK2,92.889999,693.042994,energidataservice_csv,1,,2026-07-12 14:53:35
4575,2025-07-08 00:00:00,2025-07-08 00:00:00,DK1,81.489998,607.988726,energidataservice_csv,1,,2026-07-12 14:53:35
4576,2025-07-08 00:00:00,2025-07-08 00:00:00,DK2,81.489998,607.988726,energidataservice_csv,1,,2026-07-12 14:53:35
4573,2025-07-08 01:00:00,2025-07-08 01:00:00,DK1,84.779999,632.535095,energidataservice_csv,1,,2026-07-12 14:53:35
4574,2025-07-08 01:00:00,2025-07-08 01:00:00,DK2,84.779999,632.535095,energidataservice_csv,1,,2026-07-12 14:53:35
4571,2025-07-08 02:00:00,2025-07-08 02:00:00,DK1,85.370003,636.937055,energidataservice_csv,1,,2026-07-12 14:53:35
4572,2025-07-08 02:00:00,2025-07-08 02:00:00,DK2,85.370003,636.937055,energidataservice_csv,1,,2026-07-12 14:53:35
4569,2025-07-08 03:00:00,2025-07-08 03:00:00,DK1,91.139999,679.986419,energidataservice_csv,1,,2026-07-12 14:53:35
4570,2025-07-08 03:00:00,2025-07-08 03:00:00,DK2,91.139999,679.986419,energidataservice_csv,1,,2026-07-12 14:53:35
4567,2025-07-08 04:00:00,2025-07-08 04:00:00,DK1,107.989998,805.702576,energidataservice_csv,1,,2026-07-12 14:53:35
4568,2025-07-08 04:00:00,2025-07-08 04:00:00,DK2,61.880001,461.680499,energidataservice_csv,1,,2026-07-12 14:53:35
4565,2025-07-08 05:00:00,2025-07-08 05:00:00,DK1,118.650002,885.2358,energidataservice_csv,1,,2026-07-12 14:53:35
4566,2025-07-08 05:00:00,2025-07-08 05:00:00,DK2,164.740005,1229.108703,energidataservice_csv,1,,2026-07-12 14:53:35
4563,2025-07-08 06:00:00,2025-07-08 06:00:00,DK1,117.760002,878.595599,energidataservice_csv,1,,2026-07-12 14:53:35
4564,2025-07-08 06:00:00,2025-07-08 06:00:00,DK2,117.760002,878.595599,energidataservice_csv,1,,2026-07-12 14:53:35
4561,2025-07-08 07:00:00,2025-07-08 07:00:00,DK1,94.059998,701.772239,energidataservice_csv,1,,2026-07-12 14:53:35
4562,2025-07-08 07:00:00,2025-07-08 07:00:00,DK2,94.050003,701.697667,energidataservice_csv,1,,2026-07-12 14:53:35
4559,2025-07-08 08:00:00,2025-07-08 08:00:00,DK1,81.779999,610.152395,energidataservice_csv,1,,2026-07-12 14:53:35
4560,2025-07-08 08:00:00,2025-07-08 08:00:00,DK2,81.760002,610.003199,energidataservice_csv,1,,2026-07-12 14:53:35
4557,2025-07-08 09:00:00,2025-07-08 09:00:00,DK1,78.440002,585.233011,energidataservice_csv,1,,2026-07-12 14:53:35
4558,2025-07-08 09:00:00,2025-07-08 09:00:00,DK2,78.419998,585.083763,energidataservice_csv,1,,2026-07-12 14:53:35
4555,2025-07-08 10:00:00,2025-07-08 10:00:00,DK1,60.150002,448.77315,energidataservice_csv,1,,2026-07-12 14:53:35
4556,2025-07-08 10:00:00,2025-07-08 10:00:00,DK2,60.139999,448.698519,energidataservice_csv,1,,2026-07-12 14:53:35
4553,2025-07-08 11:00:00,2025-07-08 11:00:00,DK1,54.720001,408.260455,energidataservice_csv,1,,2026-07-12 14:53:35
4554,2025-07-08 11:00:00,2025-07-08 11:00:00,DK2,54.709999,408.185832,energidataservice_csv,1,,2026-07-12 14:53:35
4551,2025-07-08 12:00:00,2025-07-08 12:00:00,DK1,53.040001,395.726143,energidataservice_csv,1,,2026-07-12 14:53:35
4552,2025-07-08 12:00:00,2025-07-08 12:00:00,DK2,59.34,442.729806,energidataservice_csv,1,,2026-07-12 14:53:35
4549,2025-07-08 13:00:00,2025-07-08 13:00:00,DK1,54.650002,407.7382,energidataservice_csv,1,,2026-07-12 14:53:35
4550,2025-07-08 13:00:00,2025-07-08 13:00:00,DK2,48.310001,360.436086,energidataservice_csv,1,,2026-07-12 14:53:35
4547,2025-07-08 14:00:00,2025-07-08 14:00:00,DK1,65.199997,486.450658,energidataservice_csv,1,,2026-07-12 14:53:35
4548,2025-07-08 14:00:00,2025-07-08 14:00:00,DK2,65.18,486.301462,energidataservice_csv,1,,2026-07-12 14:53:35
4545,2025-07-08 15:00:00,2025-07-08 15:00:00,DK1,79.980003,596.722804,energidataservice_csv,1,,2026-07-12 14:53:35
4546,2025-07-08 15:00:00,2025-07-08 15:00:00,DK2,79.989998,596.797376,energidataservice_csv,1,,2026-07-12 14:53:35
4543,2025-07-08 16:00:00,2025-07-08 16:00:00,DK1,83.919998,626.118713,energidataservice_csv,1,,2026-07-12 14:53:35
4544,2025-07-08 16:00:00,2025-07-08 16:00:00,DK2,83.949997,626.342533,energidataservice_csv,1,,2026-07-12 14:53:35
4541,2025-07-08 17:00:00,2025-07-08 17:00:00,DK1,102.099998,761.757875,energidataservice_csv,1,,2026-07-12 14:53:35
4542,2025-07-08 17:00:00,2025-07-08 17:00:00,DK2,102.139999,762.056319,energidataservice_csv,1,,2026-07-12 14:53:35
4539,2025-07-08 18:00:00,2025-07-08 18:00:00,DK1,122.769997,915.974671,energidataservice_csv,1,,2026-07-12 14:53:35
4540,2025-07-08 18:00:00,2025-07-08 18:00:00,DK2,122.809998,916.273114,energidataservice_csv,1,,2026-07-12 14:53:35
4537,2025-07-08 19:00:00,2025-07-08 19:00:00,DK1,123.339996,920.227376,energidataservice_csv,1,,2026-07-12 14:53:35
4538,2025-07-08 19:00:00,2025-07-08 19:00:00,DK2,123.379997,920.52582,energidataservice_csv,1,,2026-07-12 14:53:35
4535,2025-07-08 20:00:00,2025-07-08 20:00:00,DK1,116.650002,870.314,energidataservice_csv,1,,2026-07-12 14:53:35
4536,2025-07-08 20:00:00,2025-07-08 20:00:00,DK2,116.68,870.537812,energidataservice_csv,1,,2026-07-12 14:53:35
4533,2025-07-08 21:00:00,2025-07-08 21:00:00,DK1,100.949997,753.177833,energidataservice_csv,1,,2026-07-12 14:53:35
4534,2025-07-08 21:00:00,2025-07-08 21:00:00,DK2,100.970001,753.32708,energidataservice_csv,1,,2026-07-12 14:53:35
4531,2025-07-08 22:00:00,2025-07-08 22:00:00,DK1,97.150002,724.855595,energidataservice_csv,1,,2026-07-12 14:53:35
4532,2025-07-08 22:00:00,2025-07-08 22:00:00,DK2,97.160004,724.930222,energidataservice_csv,1,,2026-07-12 14:53:35
4529,2025-07-08 23:00:00,2025-07-08 23:00:00,DK1,86.849998,648.005205,energidataservice_csv,1,,2026-07-12 14:53:35
4530,2025-07-08 23:00:00,2025-07-08 23:00:00,DK2,86.860001,648.079839,energidataservice_csv,1,,2026-07-12 14:53:35
4527,2025-07-09 00:00:00,2025-07-09 00:00:00,DK1,83.860001,625.696239,energidataservice_csv,1,,2026-07-12 14:53:35
4528,2025-07-09 00:00:00,2025-07-09 00:00:00,DK2,83.860001,625.696239,energidataservice_csv,1,,2026-07-12 14:53:35
4525,2025-07-09 01:00:00,2025-07-09 01:00:00,DK1,84.650002,631.590595,energidataservice_csv,1,,2026-07-12 14:53:35
4526,2025-07-09 01:00:00,2025-07-09 01:00:00,DK2,84.650002,631.590595,energidataservice_csv,1,,2026-07-12 14:53:35
4523,2025-07-09 02:00:00,2025-07-09 02:00:00,DK1,85.099998,634.948105,energidataservice_csv,1,,2026-07-12 14:53:35
4524,2025-07-09 02:00:00,2025-07-09 02:00:00,DK2,85.099998,634.948105,energidataservice_csv,1,,2026-07-12 14:53:35
4521,2025-07-09 03:00:00,2025-07-09 03:00:00,DK1,96.150002,717.394395,energidataservice_csv,1,,2026-07-12 14:53:35
4522,2025-07-09 03:00:00,2025-07-09 03:00:00,DK2,96.150002,717.394395,energidataservice_csv,1,,2026-07-12 14:53:35
4519,2025-07-09 04:00:00,2025-07-09 04:00:00,DK1,113.660004,848.040022,energidataservice_csv,1,,2026-07-12 14:53:35
4520,2025-07-09 04:00:00,2025-07-09 04:00:00,DK2,113.699997,848.338418,energidataservice_csv,1,,2026-07-12 14:53:35
4517,2025-07-09 05:00:00,2025-07-09 05:00:00,DK1,116.459999,868.931345,energidataservice_csv,1,,2026-07-12 14:53:35
4518,2025-07-09 05:00:00,2025-07-09 05:00:00,DK2,116.5,869.2298,energidataservice_csv,1,,2026-07-12 14:53:35
4515,2025-07-09 06:00:00,2025-07-09 06:00:00,DK1,113.589996,847.517678,energidataservice_csv,1,,2026-07-12 14:53:35
4516,2025-07-09 06:00:00,2025-07-09 06:00:00,DK2,113.629997,847.816134,energidataservice_csv,1,,2026-07-12 14:53:35
4513,2025-07-09 07:00:00,2025-07-09 07:00:00,DK1,95.660004,713.738422,energidataservice_csv,1,,2026-07-12 14:53:35
4514,2025-07-09 07:00:00,2025-07-09 07:00:00,DK2,95.68,713.887616,energidataservice_csv,1,,2026-07-12 14:53:35
4511,2025-07-09 08:00:00,2025-07-09 08:00:00,DK1,84.68,631.814416,energidataservice_csv,1,,2026-07-12 14:53:35
4512,2025-07-09 08:00:00,2025-07-09 08:00:00,DK2,84.699997,631.963618,energidataservice_csv,1,,2026-07-12 14:53:35
4509,2025-07-09 09:00:00,2025-07-09 09:00:00,DK1,77.769997,580.257502,energidataservice_csv,1,,2026-07-12 14:53:35
4510,2025-07-09 09:00:00,2025-07-09 09:00:00,DK2,77.769997,580.257502,energidataservice_csv,1,,2026-07-12 14:53:35
4507,2025-07-09 10:00:00,2025-07-09 10:00:00,DK1,65.669998,489.976989,energidataservice_csv,1,,2026-07-12 14:53:35
4508,2025-07-09 10:00:00,2025-07-09 10:00:00,DK2,65.669998,489.976989,energidataservice_csv,1,,2026-07-12 14:53:35
4505,2025-07-09 11:00:00,2025-07-09 11:00:00,DK1,46.689999,348.363421,energidataservice_csv,1,,2026-07-12 14:53:35
4506,2025-07-09 11:00:00,2025-07-09 11:00:00,DK2,45.73,341.200676,energidataservice_csv,1,,2026-07-12 14:53:35
4503,2025-07-09 12:00:00,2025-07-09 12:00:00,DK1,37.779999,281.884129,energidataservice_csv,1,,2026-07-12 14:53:35
4504,2025-07-09 12:00:00,2025-07-09 12:00:00,DK2,39.290001,293.150555,energidataservice_csv,1,,2026-07-12 14:53:35
4501,2025-07-09 13:00:00,2025-07-09 13:00:00,DK1,48.32,360.525184,energidataservice_csv,1,,2026-07-12 14:53:35
4502,2025-07-09 13:00:00,2025-07-09 13:00:00,DK2,47.759998,356.346897,energidataservice_csv,1,,2026-07-12 14:53:35
4499,2025-07-09 14:00:00,2025-07-09 14:00:00,DK1,71.129997,530.715134,energidataservice_csv,1,,2026-07-12 14:53:35
4500,2025-07-09 14:00:00,2025-07-09 14:00:00,DK2,71.139999,530.789761,energidataservice_csv,1,,2026-07-12 14:53:35
4497,2025-07-09 15:00:00,2025-07-09 15:00:00,DK1,84.730003,632.187498,energidataservice_csv,1,,2026-07-12 14:53:35
4498,2025-07-09 15:00:00,2025-07-09 15:00:00,DK2,84.739998,632.262073,energidataservice_csv,1,,2026-07-12 14:53:35
4495,2025-07-09 16:00:00,2025-07-09 16:00:00,DK1,99.010002,738.733427,energidataservice_csv,1,,2026-07-12 14:53:35
4496,2025-07-09 16:00:00,2025-07-09 16:00:00,DK2,99.040001,738.957255,energidataservice_csv,1,,2026-07-12 14:53:35
4493,2025-07-09 17:00:00,2025-07-09 17:00:00,DK1,115.980003,865.349998,energidataservice_csv,1,,2026-07-12 14:53:35
4494,2025-07-09 17:00:00,2025-07-09 17:00:00,DK2,116.010002,865.573827,energidataservice_csv,1,,2026-07-12 14:53:35
4491,2025-07-09 18:00:00,2025-07-09 18:00:00,DK1,135.339996,1009.798778,energidataservice_csv,1,,2026-07-12 14:53:35
4492,2025-07-09 18:00:00,2025-07-09 18:00:00,DK2,135.380005,1010.097293,energidataservice_csv,1,,2026-07-12 14:53:35
4489,2025-07-09 19:00:00,2025-07-09 19:00:00,DK1,138.240005,1031.436325,energidataservice_csv,1,,2026-07-12 14:53:35
4490,2025-07-09 19:00:00,2025-07-09 19:00:00,DK2,138.279999,1031.734729,energidataservice_csv,1,,2026-07-12 14:53:35
4487,2025-07-09 20:00:00,2025-07-09 20:00:00,DK1,119.790001,893.777155,energidataservice_csv,1,,2026-07-12 14:53:35
4488,2025-07-09 20:00:00,2025-07-09 20:00:00,DK2,119.82,894.000984,energidataservice_csv,1,,2026-07-12 14:53:35
4485,2025-07-09 21:00:00,2025-07-09 21:00:00,DK1,104.900002,782.679895,energidataservice_csv,1,,2026-07-12 14:53:35
4486,2025-07-09 21:00:00,2025-07-09 21:00:00,DK2,104.900002,782.679895,energidataservice_csv,1,,2026-07-12 14:53:35
4483,2025-07-09 22:00:00,2025-07-09 22:00:00,DK1,100.910004,752.899631,energidataservice_csv,1,,2026-07-12 14:53:35
4484,2025-07-09 22:00:00,2025-07-09 22:00:00,DK2,100.900002,752.825005,energidataservice_csv,1,,2026-07-12 14:53:35
4481,2025-07-09 23:00:00,2025-07-09 23:00:00,DK1,95.730003,714.251125,energidataservice_csv,1,,2026-07-12 14:53:35
4482,2025-07-09 23:00:00,2025-07-09 23:00:00,DK2,95.720001,714.176499,energidataservice_csv,1,,2026-07-12 14:53:35
4479,2025-07-10 00:00:00,2025-07-10 00:00:00,DK1,89.099998,664.783995,energidataservice_csv,1,,2026-07-12 14:53:35
4480,2025-07-10 00:00:00,2025-07-10 00:00:00,DK2,89.089996,664.709369,energidataservice_csv,1,,2026-07-12 14:53:35
4477,2025-07-10 01:00:00,2025-07-10 01:00:00,DK1,86.449997,645.012073,energidataservice_csv,1,,2026-07-12 14:53:35
4478,2025-07-10 01:00:00,2025-07-10 01:00:00,DK2,86.440002,644.937499,energidataservice_csv,1,,2026-07-12 14:53:35
4475,2025-07-10 02:00:00,2025-07-10 02:00:00,DK1,87.970001,656.352974,energidataservice_csv,1,,2026-07-12 14:53:35
4476,2025-07-10 02:00:00,2025-07-10 02:00:00,DK2,87.959999,656.278349,energidataservice_csv,1,,2026-07-12 14:53:35
4473,2025-07-10 03:00:00,2025-07-10 03:00:00,DK1,98.620003,735.813704,energidataservice_csv,1,,2026-07-12 14:53:35
4474,2025-07-10 03:00:00,2025-07-10 03:00:00,DK2,98.610001,735.739078,energidataservice_csv,1,,2026-07-12 14:53:35
4471,2025-07-10 04:00:00,2025-07-10 04:00:00,DK1,107.610001,802.888978,energidataservice_csv,1,,2026-07-12 14:53:35
4472,2025-07-10 04:00:00,2025-07-10 04:00:00,DK2,107.620003,802.963604,energidataservice_csv,1,,2026-07-12 14:53:35
4469,2025-07-10 05:00:00,2025-07-10 05:00:00,DK1,107.230003,800.053775,energidataservice_csv,1,,2026-07-12 14:53:35
4470,2025-07-10 05:00:00,2025-07-10 05:00:00,DK2,107.260002,800.277601,energidataservice_csv,1,,2026-07-12 14:53:35
4467,2025-07-10 06:00:00,2025-07-10 06:00:00,DK1,105.349998,786.02687,energidataservice_csv,1,,2026-07-12 14:53:35
4468,2025-07-10 06:00:00,2025-07-10 06:00:00,DK2,105.379997,786.250696,energidataservice_csv,1,,2026-07-12 14:53:35
4465,2025-07-10 07:00:00,2025-07-10 07:00:00,DK1,88.900002,663.291805,energidataservice_csv,1,,2026-07-12 14:53:35
4466,2025-07-10 07:00:00,2025-07-10 07:00:00,DK2,88.910004,663.366431,energidataservice_csv,1,,2026-07-12 14:53:35
4463,2025-07-10 08:00:00,2025-07-10 08:00:00,DK1,82.0,611.8102,energidataservice_csv,1,,2026-07-12 14:53:35
4464,2025-07-10 08:00:00,2025-07-10 08:00:00,DK2,82.010002,611.884826,energidataservice_csv,1,,2026-07-12 14:53:35
4461,2025-07-10 09:00:00,2025-07-10 09:00:00,DK1,65.330002,487.433678,energidataservice_csv,1,,2026-07-12 14:53:35
4462,2025-07-10 09:00:00,2025-07-10 09:00:00,DK2,65.330002,487.433678,energidataservice_csv,1,,2026-07-12 14:53:35
4459,2025-07-10 10:00:00,2025-07-10 10:00:00,DK1,45.220001,337.390949,energidataservice_csv,1,,2026-07-12 14:53:35
4460,2025-07-10 10:00:00,2025-07-10 10:00:00,DK2,45.220001,337.390949,energidataservice_csv,1,,2026-07-12 14:53:35
4457,2025-07-10 11:00:00,2025-07-10 11:00:00,DK1,39.509998,294.788046,energidataservice_csv,1,,2026-07-12 14:53:35
4458,2025-07-10 11:00:00,2025-07-10 11:00:00,DK2,39.509998,294.788046,energidataservice_csv,1,,2026-07-12 14:53:35
4455,2025-07-10 12:00:00,2025-07-10 12:00:00,DK1,39.549999,295.086498,energidataservice_csv,1,,2026-07-12 14:53:35
4456,2025-07-10 12:00:00,2025-07-10 12:00:00,DK2,40.009998,298.518596,energidataservice_csv,1,,2026-07-12 14:53:35
4453,2025-07-10 13:00:00,2025-07-10 13:00:00,DK1,56.709999,423.118974,energidataservice_csv,1,,2026-07-12 14:53:35
4454,2025-07-10 13:00:00,2025-07-10 13:00:00,DK2,56.709999,423.118974,energidataservice_csv,1,,2026-07-12 14:53:35
4451,2025-07-10 14:00:00,2025-07-10 14:00:00,DK1,76.800003,573.012502,energidataservice_csv,1,,2026-07-12 14:53:35
4452,2025-07-10 14:00:00,2025-07-10 14:00:00,DK2,76.809998,573.087076,energidataservice_csv,1,,2026-07-12 14:53:35
4449,2025-07-10 15:00:00,2025-07-10 15:00:00,DK1,86.400002,644.639055,energidataservice_csv,1,,2026-07-12 14:53:35
4450,2025-07-10 15:00:00,2025-07-10 15:00:00,DK2,86.419998,644.788247,energidataservice_csv,1,,2026-07-12 14:53:35
4447,2025-07-10 16:00:00,2025-07-10 16:00:00,DK1,100.199997,747.602198,energidataservice_csv,1,,2026-07-12 14:53:35
4448,2025-07-10 16:00:00,2025-07-10 16:00:00,DK2,100.230003,747.826075,energidataservice_csv,1,,2026-07-12 14:53:35
4445,2025-07-10 17:00:00,2025-07-10 17:00:00,DK1,114.389999,853.475222,energidataservice_csv,1,,2026-07-12 14:53:35
4446,2025-07-10 17:00:00,2025-07-10 17:00:00,DK2,114.419998,853.699047,energidataservice_csv,1,,2026-07-12 14:53:35
4443,2025-07-10 18:00:00,2025-07-10 18:00:00,DK1,134.669998,1004.786322,energidataservice_csv,1,,2026-07-12 14:53:35
4444,2025-07-10 18:00:00,2025-07-10 18:00:00,DK2,134.699997,1005.010148,energidataservice_csv,1,,2026-07-12 14:53:35
4441,2025-07-10 19:00:00,2025-07-10 19:00:00,DK1,132.699997,990.087948,energidataservice_csv,1,,2026-07-12 14:53:35
4442,2025-07-10 19:00:00,2025-07-10 19:00:00,DK2,132.720001,990.237199,energidataservice_csv,1,,2026-07-12 14:53:35
4439,2025-07-10 20:00:00,2025-07-10 20:00:00,DK1,120.879997,901.897746,energidataservice_csv,1,,2026-07-12 14:53:35
4440,2025-07-10 20:00:00,2025-07-10 20:00:00,DK2,120.860001,901.748553,energidataservice_csv,1,,2026-07-12 14:53:35
4437,2025-07-10 21:00:00,2025-07-10 21:00:00,DK1,107.690002,803.485874,energidataservice_csv,1,,2026-07-12 14:53:35
4438,2025-07-10 21:00:00,2025-07-10 21:00:00,DK2,107.669998,803.336622,energidataservice_csv,1,,2026-07-12 14:53:35
4435,2025-07-10 22:00:00,2025-07-10 22:00:00,DK1,104.75,781.592125,energidataservice_csv,1,,2026-07-12 14:53:35
4436,2025-07-10 22:00:00,2025-07-10 22:00:00,DK2,104.830002,782.18906,energidataservice_csv,1,,2026-07-12 14:53:35
4433,2025-07-10 23:00:00,2025-07-10 23:00:00,DK1,99.57,742.941555,energidataservice_csv,1,,2026-07-12 14:53:35
4434,2025-07-10 23:00:00,2025-07-10 23:00:00,DK2,99.57,742.941555,energidataservice_csv,1,,2026-07-12 14:53:35
4431,2025-07-11 00:00:00,2025-07-11 00:00:00,DK1,95.0,708.8425,energidataservice_csv,1,,2026-07-12 14:53:35
4432,2025-07-11 00:00:00,2025-07-11 00:00:00,DK2,95.0,708.8425,energidataservice_csv,1,,2026-07-12 14:53:35
4429,2025-07-11 01:00:00,2025-07-11 01:00:00,DK1,90.690002,676.68345,energidataservice_csv,1,,2026-07-12 14:53:35
4430,2025-07-11 01:00:00,2025-07-11 01:00:00,DK2,90.690002,676.68345,energidataservice_csv,1,,2026-07-12 14:53:35
4427,2025-07-11 02:00:00,2025-07-11 02:00:00,DK1,91.529999,682.951088,energidataservice_csv,1,,2026-07-12 14:53:35
4428,2025-07-11 02:00:00,2025-07-11 02:00:00,DK2,91.529999,682.951088,energidataservice_csv,1,,2026-07-12 14:53:35
4425,2025-07-11 03:00:00,2025-07-11 03:00:00,DK1,99.400002,741.673115,energidataservice_csv,1,,2026-07-12 14:53:35
4426,2025-07-11 03:00:00,2025-07-11 03:00:00,DK2,99.400002,741.673115,energidataservice_csv,1,,2026-07-12 14:53:35
4423,2025-07-11 04:00:00,2025-07-11 04:00:00,DK1,107.410004,801.439745,energidataservice_csv,1,,2026-07-12 14:53:35
4424,2025-07-11 04:00:00,2025-07-11 04:00:00,DK2,107.410004,801.439745,energidataservice_csv,1,,2026-07-12 14:53:35
4421,2025-07-11 05:00:00,2025-07-11 05:00:00,DK1,105.919998,790.322065,energidataservice_csv,1,,2026-07-12 14:53:35
4422,2025-07-11 05:00:00,2025-07-11 05:00:00,DK2,105.919998,790.322065,energidataservice_csv,1,,2026-07-12 14:53:35
4419,2025-07-11 06:00:00,2025-07-11 06:00:00,DK1,105.18,784.80057,energidataservice_csv,1,,2026-07-12 14:53:35
4420,2025-07-11 06:00:00,2025-07-11 06:00:00,DK2,105.169998,784.72594,energidataservice_csv,1,,2026-07-12 14:53:35
4417,2025-07-11 07:00:00,2025-07-11 07:00:00,DK1,93.300003,696.157972,energidataservice_csv,1,,2026-07-12 14:53:35
4418,2025-07-11 07:00:00,2025-07-11 07:00:00,DK2,93.279999,696.008713,energidataservice_csv,1,,2026-07-12 14:53:35
4415,2025-07-11 08:00:00,2025-07-11 08:00:00,DK1,82.900002,618.558365,energidataservice_csv,1,,2026-07-12 14:53:35
4416,2025-07-11 08:00:00,2025-07-11 08:00:00,DK2,82.889999,618.483728,energidataservice_csv,1,,2026-07-12 14:53:35
4413,2025-07-11 09:00:00,2025-07-11 09:00:00,DK1,73.150002,545.80874,energidataservice_csv,1,,2026-07-12 14:53:35
4414,2025-07-11 09:00:00,2025-07-11 09:00:00,DK2,31.940001,238.320317,energidataservice_csv,1,,2026-07-12 14:53:35
4411,2025-07-11 10:00:00,2025-07-11 10:00:00,DK1,63.82,476.19293,energidataservice_csv,1,,2026-07-12 14:53:35
4412,2025-07-11 10:00:00,2025-07-11 10:00:00,DK2,6.62,49.39513,energidataservice_csv,1,,2026-07-12 14:53:35
4409,2025-07-11 11:00:00,2025-07-11 11:00:00,DK1,42.16,314.57684,energidataservice_csv,1,,2026-07-12 14:53:35
4410,2025-07-11 11:00:00,2025-07-11 11:00:00,DK2,4.96,37.00904,energidataservice_csv,1,,2026-07-12 14:53:35
4407,2025-07-11 12:00:00,2025-07-11 12:00:00,DK1,32.040001,239.066467,energidataservice_csv,1,,2026-07-12 14:53:35
4408,2025-07-11 12:00:00,2025-07-11 12:00:00,DK2,15.46,115.35479,energidataservice_csv,1,,2026-07-12 14:53:35
4405,2025-07-11 13:00:00,2025-07-11 13:00:00,DK1,38.099998,284.283135,energidataservice_csv,1,,2026-07-12 14:53:35
4406,2025-07-11 13:00:00,2025-07-11 13:00:00,DK2,37.110001,276.896272,energidataservice_csv,1,,2026-07-12 14:53:35
4403,2025-07-11 14:00:00,2025-07-11 14:00:00,DK1,59.549999,444.332318,energidataservice_csv,1,,2026-07-12 14:53:35
4404,2025-07-11 14:00:00,2025-07-11 14:00:00,DK2,59.549999,444.332318,energidataservice_csv,1,,2026-07-12 14:53:35
4401,2025-07-11 15:00:00,2025-07-11 15:00:00,DK1,83.150002,620.42374,energidataservice_csv,1,,2026-07-12 14:53:35
4402,2025-07-11 15:00:00,2025-07-11 15:00:00,DK2,83.150002,620.42374,energidataservice_csv,1,,2026-07-12 14:53:35
4399,2025-07-11 16:00:00,2025-07-11 16:00:00,DK1,86.440002,644.972075,energidataservice_csv,1,,2026-07-12 14:53:35
4400,2025-07-11 16:00:00,2025-07-11 16:00:00,DK2,86.440002,644.972075,energidataservice_csv,1,,2026-07-12 14:53:35
4397,2025-07-11 17:00:00,2025-07-11 17:00:00,DK1,101.93,760.550695,energidataservice_csv,1,,2026-07-12 14:53:35
4398,2025-07-11 17:00:00,2025-07-11 17:00:00,DK2,101.93,760.550695,energidataservice_csv,1,,2026-07-12 14:53:35
4395,2025-07-11 18:00:00,2025-07-11 18:00:00,DK1,117.5,876.72625,energidataservice_csv,1,,2026-07-12 14:53:35
4396,2025-07-11 18:00:00,2025-07-11 18:00:00,DK2,117.5,876.72625,energidataservice_csv,1,,2026-07-12 14:53:35
4393,2025-07-11 19:00:00,2025-07-11 19:00:00,DK1,118.080002,881.053935,energidataservice_csv,1,,2026-07-12 14:53:35
4394,2025-07-11 19:00:00,2025-07-11 19:00:00,DK2,118.080002,881.053935,energidataservice_csv,1,,2026-07-12 14:53:35
4391,2025-07-11 20:00:00,2025-07-11 20:00:00,DK1,113.800003,849.118722,energidataservice_csv,1,,2026-07-12 14:53:35
4392,2025-07-11 20:00:00,2025-07-11 20:00:00,DK2,113.800003,849.118722,energidataservice_csv,1,,2026-07-12 14:53:35
4389,2025-07-11 21:00:00,2025-07-11 21:00:00,DK1,103.82,774.65293,energidataservice_csv,1,,2026-07-12 14:53:35
4390,2025-07-11 21:00:00,2025-07-11 21:00:00,DK2,68.389999,510.291978,energidataservice_csv,1,,2026-07-12 14:53:35
4387,2025-07-11 22:00:00,2025-07-11 22:00:00,DK1,112.230003,837.404167,energidataservice_csv,1,,2026-07-12 14:53:35
4388,2025-07-11 22:00:00,2025-07-11 22:00:00,DK2,112.230003,837.404167,energidataservice_csv,1,,2026-07-12 14:53:35
4385,2025-07-11 23:00:00,2025-07-11 23:00:00,DK1,104.57,780.249055,energidataservice_csv,1,,2026-07-12 14:53:35
4386,2025-07-11 23:00:00,2025-07-11 23:00:00,DK2,104.57,780.249055,energidataservice_csv,1,,2026-07-12 14:53:35
4383,2025-07-12 00:00:00,2025-07-12 00:00:00,DK1,90.199997,673.027278,energidataservice_csv,1,,2026-07-12 14:53:35
4384,2025-07-12 00:00:00,2025-07-12 00:00:00,DK2,90.199997,673.027278,energidataservice_csv,1,,2026-07-12 14:53:35
4381,2025-07-12 01:00:00,2025-07-12 01:00:00,DK1,85.0,634.2275,energidataservice_csv,1,,2026-07-12 14:53:35
4382,2025-07-12 01:00:00,2025-07-12 01:00:00,DK2,85.0,634.2275,energidataservice_csv,1,,2026-07-12 14:53:35
4379,2025-07-12 02:00:00,2025-07-12 02:00:00,DK1,85.660004,639.15212,energidataservice_csv,1,,2026-07-12 14:53:35
4380,2025-07-12 02:00:00,2025-07-12 02:00:00,DK2,49.220001,367.255037,energidataservice_csv,1,,2026-07-12 14:53:35
4377,2025-07-12 03:00:00,2025-07-12 03:00:00,DK1,84.559998,630.944425,energidataservice_csv,1,,2026-07-12 14:53:35
4378,2025-07-12 03:00:00,2025-07-12 03:00:00,DK2,25.459999,189.969783,energidataservice_csv,1,,2026-07-12 14:53:35
4375,2025-07-12 04:00:00,2025-07-12 04:00:00,DK1,75.0,559.6125,energidataservice_csv,1,,2026-07-12 14:53:35
4376,2025-07-12 04:00:00,2025-07-12 04:00:00,DK2,9.72,72.52578,energidataservice_csv,1,,2026-07-12 14:53:35
4373,2025-07-12 05:00:00,2025-07-12 05:00:00,DK1,71.650002,534.61649,energidataservice_csv,1,,2026-07-12 14:53:35
4374,2025-07-12 05:00:00,2025-07-12 05:00:00,DK2,25.059999,186.985183,energidataservice_csv,1,,2026-07-12 14:53:35
4371,2025-07-12 06:00:00,2025-07-12 06:00:00,DK1,66.800003,498.428222,energidataservice_csv,1,,2026-07-12 14:53:35
4372,2025-07-12 06:00:00,2025-07-12 06:00:00,DK2,46.18,344.57207,energidataservice_csv,1,,2026-07-12 14:53:35
4369,2025-07-12 07:00:00,2025-07-12 07:00:00,DK1,40.59,302.862285,energidataservice_csv,1,,2026-07-12 14:53:35
4370,2025-07-12 07:00:00,2025-07-12 07:00:00,DK2,56.220001,419.485537,energidataservice_csv,1,,2026-07-12 14:53:35
4367,2025-07-12 08:00:00,2025-07-12 08:00:00,DK1,18.190001,135.724692,energidataservice_csv,1,,2026-07-12 14:53:35
4368,2025-07-12 08:00:00,2025-07-12 08:00:00,DK2,18.190001,135.724692,energidataservice_csv,1,,2026-07-12 14:53:35
4365,2025-07-12 09:00:00,2025-07-12 09:00:00,DK1,3.0,22.3845,energidataservice_csv,1,,2026-07-12 14:53:35
4366,2025-07-12 09:00:00,2025-07-12 09:00:00,DK2,2.85,21.265275,energidataservice_csv,1,,2026-07-12 14:53:35
4363,2025-07-12 10:00:00,2025-07-12 10:00:00,DK1,0.22,1.64153,energidataservice_csv,1,,2026-07-12 14:53:35
4364,2025-07-12 10:00:00,2025-07-12 10:00:00,DK2,1.56,11.63994,energidataservice_csv,1,,2026-07-12 14:53:35
4361,2025-07-12 11:00:00,2025-07-12 11:00:00,DK1,0.0,0.0,energidataservice_csv,1,,2026-07-12 14:53:35
4362,2025-07-12 11:00:00,2025-07-12 11:00:00,DK2,0.14,1.04461,energidataservice_csv,1,,2026-07-12 14:53:35
4359,2025-07-12 12:00:00,2025-07-12 12:00:00,DK1,0.0,0.0,energidataservice_csv,1,,2026-07-12 14:53:35
4360,2025-07-12 12:00:00,2025-07-12 12:00:00,DK2,0.64,4.77536,energidataservice_csv,1,,2026-07-12 14:53:35
4357,2025-07-12 13:00:00,2025-07-12 13:00:00,DK1,0.22,1.64153,energidataservice_csv,1,,2026-07-12 14:53:35
4358,2025-07-12 13:00:00,2025-07-12 13:00:00,DK2,2.77,20.668355,energidataservice_csv,1,,2026-07-12 14:53:35
4355,2025-07-12 14:00:00,2025-07-12 14:00:00,DK1,16.77,125.129355,energidataservice_csv,1,,2026-07-12 14:53:35
4356,2025-07-12 14:00:00,2025-07-12 14:00:00,DK2,14.18,105.80407,energidataservice_csv,1,,2026-07-12 14:53:35
4353,2025-07-12 15:00:00,2025-07-12 15:00:00,DK1,71.269997,531.781083,energidataservice_csv,1,,2026-07-12 14:53:35
4354,2025-07-12 15:00:00,2025-07-12 15:00:00,DK2,71.269997,531.781083,energidataservice_csv,1,,2026-07-12 14:53:35
4351,2025-07-12 16:00:00,2025-07-12 16:00:00,DK1,102.0,761.073,energidataservice_csv,1,,2026-07-12 14:53:35
4352,2025-07-12 16:00:00,2025-07-12 16:00:00,DK2,101.980003,760.923792,energidataservice_csv,1,,2026-07-12 14:53:35
4349,2025-07-12 17:00:00,2025-07-12 17:00:00,DK1,106.849998,797.26126,energidataservice_csv,1,,2026-07-12 14:53:35
4350,2025-07-12 17:00:00,2025-07-12 17:00:00,DK2,106.830002,797.11206,energidataservice_csv,1,,2026-07-12 14:53:35
4347,2025-07-12 18:00:00,2025-07-12 18:00:00,DK1,120.0,895.38,energidataservice_csv,1,,2026-07-12 14:53:35
4348,2025-07-12 18:00:00,2025-07-12 18:00:00,DK2,77.099998,575.281635,energidataservice_csv,1,,2026-07-12 14:53:35
4345,2025-07-12 19:00:00,2025-07-12 19:00:00,DK1,125.019997,932.836708,energidataservice_csv,1,,2026-07-12 14:53:35
4346,2025-07-12 19:00:00,2025-07-12 19:00:00,DK2,74.989998,559.53787,energidataservice_csv,1,,2026-07-12 14:53:35
4343,2025-07-12 20:00:00,2025-07-12 20:00:00,DK1,125.0,932.6875,energidataservice_csv,1,,2026-07-12 14:53:35
4344,2025-07-12 20:00:00,2025-07-12 20:00:00,DK2,52.959999,395.161033,energidataservice_csv,1,,2026-07-12 14:53:35
4341,2025-07-12 21:00:00,2025-07-12 21:00:00,DK1,115.419998,861.206315,energidataservice_csv,1,,2026-07-12 14:53:35
4342,2025-07-12 21:00:00,2025-07-12 21:00:00,DK2,16.75,124.980125,energidataservice_csv,1,,2026-07-12 14:53:35
4339,2025-07-12 22:00:00,2025-07-12 22:00:00,DK1,115.349998,860.68401,energidataservice_csv,1,,2026-07-12 14:53:35
4340,2025-07-12 22:00:00,2025-07-12 22:00:00,DK2,31.75,236.902625,energidataservice_csv,1,,2026-07-12 14:53:35
4337,2025-07-12 23:00:00,2025-07-12 23:00:00,DK1,109.139999,814.348103,energidataservice_csv,1,,2026-07-12 14:53:35
4338,2025-07-12 23:00:00,2025-07-12 23:00:00,DK2,21.940001,163.705317,energidataservice_csv,1,,2026-07-12 14:53:35
4335,2025-07-13 00:00:00,2025-07-13 00:00:00,DK1,108.419998,808.975815,energidataservice_csv,1,,2026-07-12 14:53:35
4336,2025-07-13 00:00:00,2025-07-13 00:00:00,DK2,19.389999,144.678478,energidataservice_csv,1,,2026-07-12 14:53:35
4333,2025-07-13 01:00:00,2025-07-13 01:00:00,DK1,107.349998,800.99201,energidataservice_csv,1,,2026-07-12 14:53:35
4334,2025-07-13 01:00:00,2025-07-13 01:00:00,DK2,15.96,119.08554,energidataservice_csv,1,,2026-07-12 14:53:35
4331,2025-07-13 02:00:00,2025-07-13 02:00:00,DK1,104.639999,780.771353,energidataservice_csv,1,,2026-07-12 14:53:35
4332,2025-07-13 02:00:00,2025-07-13 02:00:00,DK2,17.700001,132.068557,energidataservice_csv,1,,2026-07-12 14:53:35
4329,2025-07-13 03:00:00,2025-07-13 03:00:00,DK1,100.849998,752.49226,energidataservice_csv,1,,2026-07-12 14:53:35
4330,2025-07-13 03:00:00,2025-07-13 03:00:00,DK2,48.91,364.941965,energidataservice_csv,1,,2026-07-12 14:53:35
4327,2025-07-13 04:00:00,2025-07-13 04:00:00,DK1,95.800003,714.811722,energidataservice_csv,1,,2026-07-12 14:53:35
4328,2025-07-13 04:00:00,2025-07-13 04:00:00,DK2,76.650002,571.92399,energidataservice_csv,1,,2026-07-12 14:53:35
4325,2025-07-13 05:00:00,2025-07-13 05:00:00,DK1,92.18,687.80107,energidataservice_csv,1,,2026-07-12 14:53:35
4326,2025-07-13 05:00:00,2025-07-13 05:00:00,DK2,92.169998,687.72644,energidataservice_csv,1,,2026-07-12 14:53:35
4323,2025-07-13 06:00:00,2025-07-13 06:00:00,DK1,87.940002,656.164325,energidataservice_csv,1,,2026-07-12 14:53:35
4324,2025-07-13 06:00:00,2025-07-13 06:00:00,DK2,87.93,656.089695,energidataservice_csv,1,,2026-07-12 14:53:35
4321,2025-07-13 07:00:00,2025-07-13 07:00:00,DK1,57.619999,429.931623,energidataservice_csv,1,,2026-07-12 14:53:35
4322,2025-07-13 07:00:00,2025-07-13 07:00:00,DK2,47.0,350.6905,energidataservice_csv,1,,2026-07-12 14:53:35
4319,2025-07-13 08:00:00,2025-07-13 08:00:00,DK1,4.28,31.93522,energidataservice_csv,1,,2026-07-12 14:53:35
4320,2025-07-13 08:00:00,2025-07-13 08:00:00,DK2,14.89,111.101735,energidataservice_csv,1,,2026-07-12 14:53:35
4317,2025-07-13 09:00:00,2025-07-13 09:00:00,DK1,0.05,0.373075,energidataservice_csv,1,,2026-07-12 14:53:35
4318,2025-07-13 09:00:00,2025-07-13 09:00:00,DK2,3.48,25.96602,energidataservice_csv,1,,2026-07-12 14:53:35
4315,2025-07-13 10:00:00,2025-07-13 10:00:00,DK1,0.0,0.0,energidataservice_csv,1,,2026-07-12 14:53:35
4316,2025-07-13 10:00:00,2025-07-13 10:00:00,DK2,1.07,7.983805,energidataservice_csv,1,,2026-07-12 14:53:35
4313,2025-07-13 11:00:00,2025-07-13 11:00:00,DK1,0.0,0.0,energidataservice_csv,1,,2026-07-12 14:53:35
4314,2025-07-13 11:00:00,2025-07-13 11:00:00,DK2,0.02,0.14923,energidataservice_csv,1,,2026-07-12 14:53:35
4311,2025-07-13 12:00:00,2025-07-13 12:00:00,DK1,0.0,0.0,energidataservice_csv,1,,2026-07-12 14:53:35
4312,2025-07-13 12:00:00,2025-07-13 12:00:00,DK2,0.06,0.44769,energidataservice_csv,1,,2026-07-12 14:53:35
4309,2025-07-13 13:00:00,2025-07-13 13:00:00,DK1,0.0,0.0,energidataservice_csv,1,,2026-07-12 14:53:35
4310,2025-07-13 13:00:00,2025-07-13 13:00:00,DK2,4.15,30.965225,energidataservice_csv,1,,2026-07-12 14:53:35
4307,2025-07-13 14:00:00,2025-07-13 14:00:00,DK1,2.36,17.60914,energidataservice_csv,1,,2026-07-12 14:53:35
4308,2025-07-13 14:00:00,2025-07-13 14:00:00,DK2,20.139999,150.274603,energidataservice_csv,1,,2026-07-12 14:53:35
4305,2025-07-13 15:00:00,2025-07-13 15:00:00,DK1,73.400002,547.674115,energidataservice_csv,1,,2026-07-12 14:53:35
4306,2025-07-13 15:00:00,2025-07-13 15:00:00,DK2,55.599998,414.859385,energidataservice_csv,1,,2026-07-12 14:53:35
4303,2025-07-13 16:00:00,2025-07-13 16:00:00,DK1,100.610001,750.701522,energidataservice_csv,1,,2026-07-12 14:53:35
4304,2025-07-13 16:00:00,2025-07-13 16:00:00,DK2,100.599998,750.626885,energidataservice_csv,1,,2026-07-12 14:53:35
4301,2025-07-13 17:00:00,2025-07-13 17:00:00,DK1,113.739998,848.670995,energidataservice_csv,1,,2026-07-12 14:53:35
4302,2025-07-13 17:00:00,2025-07-13 17:00:00,DK2,113.730003,848.596417,energidataservice_csv,1,,2026-07-12 14:53:35
4299,2025-07-13 18:00:00,2025-07-13 18:00:00,DK1,120.0,895.38,energidataservice_csv,1,,2026-07-12 14:53:35
4300,2025-07-13 18:00:00,2025-07-13 18:00:00,DK2,119.989998,895.30537,energidataservice_csv,1,,2026-07-12 14:53:35
4297,2025-07-13 19:00:00,2025-07-13 19:00:00,DK1,127.699997,952.833528,energidataservice_csv,1,,2026-07-12 14:53:35
4298,2025-07-13 19:00:00,2025-07-13 19:00:00,DK2,127.690002,952.75895,energidataservice_csv,1,,2026-07-12 14:53:35
4295,2025-07-13 20:00:00,2025-07-13 20:00:00,DK1,126.940002,947.162825,energidataservice_csv,1,,2026-07-12 14:53:35
4296,2025-07-13 20:00:00,2025-07-13 20:00:00,DK2,126.93,947.088195,energidataservice_csv,1,,2026-07-12 14:53:35
4293,2025-07-13 21:00:00,2025-07-13 21:00:00,DK1,115.410004,861.131745,energidataservice_csv,1,,2026-07-12 14:53:35
4294,2025-07-13 21:00:00,2025-07-13 21:00:00,DK2,115.400002,861.057115,energidataservice_csv,1,,2026-07-12 14:53:35
4291,2025-07-13 22:00:00,2025-07-13 22:00:00,DK1,114.019997,850.919836,energidataservice_csv,1,,2026-07-12 14:53:35
4292,2025-07-13 22:00:00,2025-07-13 22:00:00,DK2,114.010002,850.845244,energidataservice_csv,1,,2026-07-12 14:53:35
4289,2025-07-13 23:00:00,2025-07-13 23:00:00,DK1,104.010002,776.216244,energidataservice_csv,1,,2026-07-12 14:53:35
4290,2025-07-13 23:00:00,2025-07-13 23:00:00,DK2,104.010002,776.216244,energidataservice_csv,1,,2026-07-12 14:53:35
4287,2025-07-14 00:00:00,2025-07-14 00:00:00,DK1,98.169998,732.632878,energidataservice_csv,1,,2026-07-12 14:53:35
4288,2025-07-14 00:00:00,2025-07-14 00:00:00,DK2,98.160004,732.558294,energidataservice_csv,1,,2026-07-12 14:53:35
4285,2025-07-14 01:00:00,2025-07-14 01:00:00,DK1,94.940002,708.527741,energidataservice_csv,1,,2026-07-12 14:53:35
4286,2025-07-14 01:00:00,2025-07-14 01:00:00,DK2,94.93,708.453097,energidataservice_csv,1,,2026-07-12 14:53:35
4283,2025-07-14 02:00:00,2025-07-14 02:00:00,DK1,99.110001,739.648026,energidataservice_csv,1,,2026-07-12 14:53:35
4284,2025-07-14 02:00:00,2025-07-14 02:00:00,DK2,99.099998,739.573375,energidataservice_csv,1,,2026-07-12 14:53:35
4281,2025-07-14 03:00:00,2025-07-14 03:00:00,DK1,107.18,799.873622,energidataservice_csv,1,,2026-07-12 14:53:35
4282,2025-07-14 03:00:00,2025-07-14 03:00:00,DK2,107.169998,799.798978,energidataservice_csv,1,,2026-07-12 14:53:35
4279,2025-07-14 04:00:00,2025-07-14 04:00:00,DK1,117.870003,879.652045,energidataservice_csv,1,,2026-07-12 14:53:35
4280,2025-07-14 04:00:00,2025-07-14 04:00:00,DK2,117.860001,879.577401,energidataservice_csv,1,,2026-07-12 14:53:35
4277,2025-07-14 05:00:00,2025-07-14 05:00:00,DK1,121.620003,907.63792,energidataservice_csv,1,,2026-07-12 14:53:35
4278,2025-07-14 05:00:00,2025-07-14 05:00:00,DK2,121.599998,907.488625,energidataservice_csv,1,,2026-07-12 14:53:35
4275,2025-07-14 06:00:00,2025-07-14 06:00:00,DK1,112.059998,836.292559,energidataservice_csv,1,,2026-07-12 14:53:35
4276,2025-07-14 06:00:00,2025-07-14 06:00:00,DK2,112.050003,836.217967,energidataservice_csv,1,,2026-07-12 14:53:35
4273,2025-07-14 07:00:00,2025-07-14 07:00:00,DK1,92.43,689.795847,energidataservice_csv,1,,2026-07-12 14:53:35
4274,2025-07-14 07:00:00,2025-07-14 07:00:00,DK2,92.419998,689.721203,energidataservice_csv,1,,2026-07-12 14:53:35
4271,2025-07-14 08:00:00,2025-07-14 08:00:00,DK1,84.580002,631.212097,energidataservice_csv,1,,2026-07-12 14:53:35
4272,2025-07-14 08:00:00,2025-07-14 08:00:00,DK2,84.57,631.137453,energidataservice_csv,1,,2026-07-12 14:53:35
4269,2025-07-14 09:00:00,2025-07-14 09:00:00,DK1,79.669998,594.569228,energidataservice_csv,1,,2026-07-12 14:53:35
4270,2025-07-14 09:00:00,2025-07-14 09:00:00,DK2,79.660004,594.494644,energidataservice_csv,1,,2026-07-12 14:53:35
4267,2025-07-14 10:00:00,2025-07-14 10:00:00,DK1,70.980003,529.716664,energidataservice_csv,1,,2026-07-12 14:53:35
4268,2025-07-14 10:00:00,2025-07-14 10:00:00,DK2,70.959999,529.567377,energidataservice_csv,1,,2026-07-12 14:53:35
4265,2025-07-14 11:00:00,2025-07-14 11:00:00,DK1,64.169998,478.894278,energidataservice_csv,1,,2026-07-12 14:53:35
4266,2025-07-14 11:00:00,2025-07-14 11:00:00,DK2,64.160004,478.819694,energidataservice_csv,1,,2026-07-12 14:53:35
4263,2025-07-14 12:00:00,2025-07-14 12:00:00,DK1,57.150002,426.50475,energidataservice_csv,1,,2026-07-12 14:53:35
4264,2025-07-14 12:00:00,2025-07-14 12:00:00,DK2,57.139999,426.430099,energidataservice_csv,1,,2026-07-12 14:53:35
4261,2025-07-14 13:00:00,2025-07-14 13:00:00,DK1,55.82,416.579078,energidataservice_csv,1,,2026-07-12 14:53:35
4262,2025-07-14 13:00:00,2025-07-14 13:00:00,DK2,55.810001,416.504456,energidataservice_csv,1,,2026-07-12 14:53:35
4259,2025-07-14 14:00:00,2025-07-14 14:00:00,DK1,71.099998,530.612175,energidataservice_csv,1,,2026-07-12 14:53:35
4260,2025-07-14 14:00:00,2025-07-14 14:00:00,DK2,71.089996,530.537531,energidataservice_csv,1,,2026-07-12 14:53:35
4257,2025-07-14 15:00:00,2025-07-14 15:00:00,DK1,84.580002,631.212097,energidataservice_csv,1,,2026-07-12 14:53:35
4258,2025-07-14 15:00:00,2025-07-14 15:00:00,DK2,84.57,631.137453,energidataservice_csv,1,,2026-07-12 14:53:35
4255,2025-07-14 16:00:00,2025-07-14 16:00:00,DK1,98.940002,738.379341,energidataservice_csv,1,,2026-07-12 14:53:35
4256,2025-07-14 16:00:00,2025-07-14 16:00:00,DK2,98.949997,738.453933,energidataservice_csv,1,,2026-07-12 14:53:35
4253,2025-07-14 17:00:00,2025-07-14 17:00:00,DK1,110.110001,821.739926,energidataservice_csv,1,,2026-07-12 14:53:35
4254,2025-07-14 17:00:00,2025-07-14 17:00:00,DK2,110.129997,821.889155,energidataservice_csv,1,,2026-07-12 14:53:35
4251,2025-07-14 18:00:00,2025-07-14 18:00:00,DK1,139.990005,1044.731408,energidataservice_csv,1,,2026-07-12 14:53:35
4252,2025-07-14 18:00:00,2025-07-14 18:00:00,DK2,139.990005,1044.731408,energidataservice_csv,1,,2026-07-12 14:53:35
4249,2025-07-14 19:00:00,2025-07-14 19:00:00,DK1,141.570007,1056.522805,energidataservice_csv,1,,2026-07-12 14:53:35
4250,2025-07-14 19:00:00,2025-07-14 19:00:00,DK2,141.559998,1056.448109,energidataservice_csv,1,,2026-07-12 14:53:35
4247,2025-07-14 20:00:00,2025-07-14 20:00:00,DK1,126.139999,941.370199,energidataservice_csv,1,,2026-07-12 14:53:35
4248,2025-07-14 20:00:00,2025-07-14 20:00:00,DK2,126.129997,941.295555,energidataservice_csv,1,,2026-07-12 14:53:35
4245,2025-07-14 21:00:00,2025-07-14 21:00:00,DK1,115.150002,859.35295,energidataservice_csv,1,,2026-07-12 14:53:35
4246,2025-07-14 21:00:00,2025-07-14 21:00:00,DK2,115.129997,859.203655,energidataservice_csv,1,,2026-07-12 14:53:35
4243,2025-07-14 22:00:00,2025-07-14 22:00:00,DK1,106.099998,791.887945,energidataservice_csv,1,,2026-07-12 14:53:35
4244,2025-07-14 22:00:00,2025-07-14 22:00:00,DK2,106.099998,791.887945,energidataservice_csv,1,,2026-07-12 14:53:35
4241,2025-07-14 23:00:00,2025-07-14 23:00:00,DK1,103.059998,769.198601,energidataservice_csv,1,,2026-07-12 14:53:35
4242,2025-07-14 23:00:00,2025-07-14 23:00:00,DK2,103.059998,769.198601,energidataservice_csv,1,,2026-07-12 14:53:35
4239,2025-07-15 00:00:00,2025-07-15 00:00:00,DK1,93.860001,700.533503,energidataservice_csv,1,,2026-07-12 14:53:35
4240,2025-07-15 00:00:00,2025-07-15 00:00:00,DK2,93.849998,700.458845,energidataservice_csv,1,,2026-07-12 14:53:35
4237,2025-07-15 01:00:00,2025-07-15 01:00:00,DK1,88.279999,658.886601,energidataservice_csv,1,,2026-07-12 14:53:35
4238,2025-07-15 01:00:00,2025-07-15 01:00:00,DK2,88.279999,658.886601,energidataservice_csv,1,,2026-07-12 14:53:35
4235,2025-07-15 02:00:00,2025-07-15 02:00:00,DK1,87.120003,650.228854,energidataservice_csv,1,,2026-07-12 14:53:35
4236,2025-07-15 02:00:00,2025-07-15 02:00:00,DK2,87.120003,650.228854,energidataservice_csv,1,,2026-07-12 14:53:35
4233,2025-07-15 03:00:00,2025-07-15 03:00:00,DK1,93.0,694.1148,energidataservice_csv,1,,2026-07-12 14:53:35
4234,2025-07-15 03:00:00,2025-07-15 03:00:00,DK2,93.0,694.1148,energidataservice_csv,1,,2026-07-12 14:53:35
4231,2025-07-15 04:00:00,2025-07-15 04:00:00,DK1,110.330002,823.459003,energidataservice_csv,1,,2026-07-12 14:53:35
4232,2025-07-15 04:00:00,2025-07-15 04:00:00,DK2,110.330002,823.459003,energidataservice_csv,1,,2026-07-12 14:53:35
4229,2025-07-15 05:00:00,2025-07-15 05:00:00,DK1,113.410004,846.446906,energidataservice_csv,1,,2026-07-12 14:53:35
4230,2025-07-15 05:00:00,2025-07-15 05:00:00,DK2,113.410004,846.446906,energidataservice_csv,1,,2026-07-12 14:53:35
4227,2025-07-15 06:00:00,2025-07-15 06:00:00,DK1,106.860001,797.560303,energidataservice_csv,1,,2026-07-12 14:53:35
4228,2025-07-15 06:00:00,2025-07-15 06:00:00,DK2,106.849998,797.485645,energidataservice_csv,1,,2026-07-12 14:53:35
4225,2025-07-15 07:00:00,2025-07-15 07:00:00,DK1,90.82,677.844152,energidataservice_csv,1,,2026-07-12 14:53:35
4226,2025-07-15 07:00:00,2025-07-15 07:00:00,DK2,90.809998,677.769501,energidataservice_csv,1,,2026-07-12 14:53:35
4223,2025-07-15 08:00:00,2025-07-15 08:00:00,DK1,77.669998,579.697797,energidataservice_csv,1,,2026-07-12 14:53:35
4224,2025-07-15 08:00:00,2025-07-15 08:00:00,DK2,77.669998,579.697797,energidataservice_csv,1,,2026-07-12 14:53:35
4221,2025-07-15 09:00:00,2025-07-15 09:00:00,DK1,65.0,485.134,energidataservice_csv,1,,2026-07-12 14:53:35
4222,2025-07-15 09:00:00,2025-07-15 09:00:00,DK2,65.0,485.134,energidataservice_csv,1,,2026-07-12 14:53:35
4219,2025-07-15 10:00:00,2025-07-15 10:00:00,DK1,59.189999,441.770477,energidataservice_csv,1,,2026-07-12 14:53:35
4220,2025-07-15 10:00:00,2025-07-15 10:00:00,DK2,59.189999,441.770477,energidataservice_csv,1,,2026-07-12 14:53:35
4217,2025-07-15 11:00:00,2025-07-15 11:00:00,DK1,47.259998,352.729721,energidataservice_csv,1,,2026-07-12 14:53:35
4218,2025-07-15 11:00:00,2025-07-15 11:00:00,DK2,47.259998,352.729721,energidataservice_csv,1,,2026-07-12 14:53:35
4215,2025-07-15 12:00:00,2025-07-15 12:00:00,DK1,40.200001,300.036727,energidataservice_csv,1,,2026-07-12 14:53:35
4216,2025-07-15 12:00:00,2025-07-15 12:00:00,DK2,40.200001,300.036727,energidataservice_csv,1,,2026-07-12 14:53:35
4213,2025-07-15 13:00:00,2025-07-15 13:00:00,DK1,42.57,317.725452,energidataservice_csv,1,,2026-07-12 14:53:35
4214,2025-07-15 13:00:00,2025-07-15 13:00:00,DK2,42.57,317.725452,energidataservice_csv,1,,2026-07-12 14:53:35
4211,2025-07-15 14:00:00,2025-07-15 14:00:00,DK1,65.0,485.134,energidataservice_csv,1,,2026-07-12 14:53:35
4212,2025-07-15 14:00:00,2025-07-15 14:00:00,DK2,65.0,485.134,energidataservice_csv,1,,2026-07-12 14:53:35
4209,2025-07-15 15:00:00,2025-07-15 15:00:00,DK1,84.870003,633.435754,energidataservice_csv,1,,2026-07-12 14:53:35
4210,2025-07-15 15:00:00,2025-07-15 15:00:00,DK2,84.870003,633.435754,energidataservice_csv,1,,2026-07-12 14:53:35
4207,2025-07-15 16:00:00,2025-07-15 16:00:00,DK1,101.540001,757.853951,energidataservice_csv,1,,2026-07-12 14:53:35
4208,2025-07-15 16:00:00,2025-07-15 16:00:00,DK2,101.559998,758.003201,energidataservice_csv,1,,2026-07-12 14:53:35
4205,2025-07-15 17:00:00,2025-07-15 17:00:00,DK1,108.150002,807.188355,energidataservice_csv,1,,2026-07-12 14:53:35
4206,2025-07-15 17:00:00,2025-07-15 17:00:00,DK2,108.169998,807.337597,energidataservice_csv,1,,2026-07-12 14:53:35
4203,2025-07-15 18:00:00,2025-07-15 18:00:00,DK1,119.779999,893.990001,energidataservice_csv,1,,2026-07-12 14:53:35
4204,2025-07-15 18:00:00,2025-07-15 18:00:00,DK2,119.769997,893.91535,energidataservice_csv,1,,2026-07-12 14:53:35
4201,2025-07-15 19:00:00,2025-07-15 19:00:00,DK1,141.990005,1059.756601,energidataservice_csv,1,,2026-07-12 14:53:35
4202,2025-07-15 19:00:00,2025-07-15 19:00:00,DK2,141.990005,1059.756601,energidataservice_csv,1,,2026-07-12 14:53:35
4199,2025-07-15 20:00:00,2025-07-15 20:00:00,DK1,121.279999,905.185401,energidataservice_csv,1,,2026-07-12 14:53:35
4200,2025-07-15 20:00:00,2025-07-15 20:00:00,DK2,121.279999,905.185401,energidataservice_csv,1,,2026-07-12 14:53:35
4197,2025-07-15 21:00:00,2025-07-15 21:00:00,DK1,112.449997,839.281798,energidataservice_csv,1,,2026-07-12 14:53:35
4198,2025-07-15 21:00:00,2025-07-15 21:00:00,DK2,112.440002,839.207199,energidataservice_csv,1,,2026-07-12 14:53:35
4195,2025-07-15 22:00:00,2025-07-15 22:00:00,DK1,97.629997,728.641957,energidataservice_csv,1,,2026-07-12 14:53:35
4196,2025-07-15 22:00:00,2025-07-15 22:00:00,DK2,97.639999,728.716605,energidataservice_csv,1,,2026-07-12 14:53:35
4193,2025-07-15 23:00:00,2025-07-15 23:00:00,DK1,93.989998,701.475552,energidataservice_csv,1,,2026-07-12 14:53:35
4194,2025-07-15 23:00:00,2025-07-15 23:00:00,DK2,93.989998,701.475552,energidataservice_csv,1,,2026-07-12 14:53:35
4191,2025-07-16 00:00:00,2025-07-16 00:00:00,DK1,86.669998,646.844196,energidataservice_csv,1,,2026-07-12 14:53:35
4192,2025-07-16 00:00:00,2025-07-16 00:00:00,DK2,86.669998,646.844196,energidataservice_csv,1,,2026-07-12 14:53:35
4189,2025-07-16 01:00:00,2025-07-16 01:00:00,DK1,83.43,622.663119,energidataservice_csv,1,,2026-07-12 14:53:35
4190,2025-07-16 01:00:00,2025-07-16 01:00:00,DK2,83.43,622.663119,energidataservice_csv,1,,2026-07-12 14:53:35
4187,2025-07-16 02:00:00,2025-07-16 02:00:00,DK1,84.260002,628.857673,energidataservice_csv,1,,2026-07-12 14:53:35
4188,2025-07-16 02:00:00,2025-07-16 02:00:00,DK2,84.260002,628.857673,energidataservice_csv,1,,2026-07-12 14:53:35
4185,2025-07-16 03:00:00,2025-07-16 03:00:00,DK1,90.410004,674.756983,energidataservice_csv,1,,2026-07-12 14:53:35
4186,2025-07-16 03:00:00,2025-07-16 03:00:00,DK2,86.339996,644.381292,energidataservice_csv,1,,2026-07-12 14:53:35
4183,2025-07-16 04:00:00,2025-07-16 04:00:00,DK1,105.739998,789.169327,energidataservice_csv,1,,2026-07-12 14:53:35
4184,2025-07-16 04:00:00,2025-07-16 04:00:00,DK2,105.739998,789.169327,energidataservice_csv,1,,2026-07-12 14:53:35
4181,2025-07-16 05:00:00,2025-07-16 05:00:00,DK1,112.629997,840.591457,energidataservice_csv,1,,2026-07-12 14:53:35
4182,2025-07-16 05:00:00,2025-07-16 05:00:00,DK2,112.629997,840.591457,energidataservice_csv,1,,2026-07-12 14:53:35
4179,2025-07-16 06:00:00,2025-07-16 06:00:00,DK1,111.919998,835.292521,energidataservice_csv,1,,2026-07-12 14:53:35
4180,2025-07-16 06:00:00,2025-07-16 06:00:00,DK2,111.919998,835.292521,energidataservice_csv,1,,2026-07-12 14:53:35
4177,2025-07-16 07:00:00,2025-07-16 07:00:00,DK1,104.209999,777.750486,energidataservice_csv,1,,2026-07-12 14:53:35
4178,2025-07-16 07:00:00,2025-07-16 07:00:00,DK2,104.220001,777.825133,energidataservice_csv,1,,2026-07-12 14:53:35
4175,2025-07-16 08:00:00,2025-07-16 08:00:00,DK1,89.800003,670.204362,energidataservice_csv,1,,2026-07-12 14:53:35
4176,2025-07-16 08:00:00,2025-07-16 08:00:00,DK2,89.800003,670.204362,energidataservice_csv,1,,2026-07-12 14:53:35
4173,2025-07-16 09:00:00,2025-07-16 09:00:00,DK1,85.650002,639.23166,energidataservice_csv,1,,2026-07-12 14:53:35
4174,2025-07-16 09:00:00,2025-07-16 09:00:00,DK2,85.650002,639.23166,energidataservice_csv,1,,2026-07-12 14:53:35
4171,2025-07-16 10:00:00,2025-07-16 10:00:00,DK1,81.959999,611.692061,energidataservice_csv,1,,2026-07-12 14:53:35
4172,2025-07-16 10:00:00,2025-07-16 10:00:00,DK2,81.959999,611.692061,energidataservice_csv,1,,2026-07-12 14:53:35
4169,2025-07-16 11:00:00,2025-07-16 11:00:00,DK1,78.620003,586.764668,energidataservice_csv,1,,2026-07-12 14:53:35
4170,2025-07-16 11:00:00,2025-07-16 11:00:00,DK2,78.620003,586.764668,energidataservice_csv,1,,2026-07-12 14:53:35
4167,2025-07-16 12:00:00,2025-07-16 12:00:00,DK1,68.059998,507.952183,energidataservice_csv,1,,2026-07-12 14:53:35
4168,2025-07-16 12:00:00,2025-07-16 12:00:00,DK2,68.059998,507.952183,energidataservice_csv,1,,2026-07-12 14:53:35
4165,2025-07-16 13:00:00,2025-07-16 13:00:00,DK1,69.199997,516.460338,energidataservice_csv,1,,2026-07-12 14:53:35
4166,2025-07-16 13:00:00,2025-07-16 13:00:00,DK2,69.199997,516.460338,energidataservice_csv,1,,2026-07-12 14:53:35
4163,2025-07-16 14:00:00,2025-07-16 14:00:00,DK1,80.860001,603.482445,energidataservice_csv,1,,2026-07-12 14:53:35
4164,2025-07-16 14:00:00,2025-07-16 14:00:00,DK2,80.860001,603.482445,energidataservice_csv,1,,2026-07-12 14:53:35
4161,2025-07-16 15:00:00,2025-07-16 15:00:00,DK1,89.089996,664.905367,energidataservice_csv,1,,2026-07-12 14:53:35
4162,2025-07-16 15:00:00,2025-07-16 15:00:00,DK2,89.089996,664.905367,energidataservice_csv,1,,2026-07-12 14:53:35
4159,2025-07-16 16:00:00,2025-07-16 16:00:00,DK1,95.489998,712.670502,energidataservice_csv,1,,2026-07-12 14:53:35
4160,2025-07-16 16:00:00,2025-07-16 16:00:00,DK2,95.489998,712.670502,energidataservice_csv,1,,2026-07-12 14:53:35
4157,2025-07-16 17:00:00,2025-07-16 17:00:00,DK1,108.370003,808.797843,energidataservice_csv,1,,2026-07-12 14:53:35
4158,2025-07-16 17:00:00,2025-07-16 17:00:00,DK2,108.370003,808.797843,energidataservice_csv,1,,2026-07-12 14:53:35
4155,2025-07-16 18:00:00,2025-07-16 18:00:00,DK1,119.720001,893.506283,energidataservice_csv,1,,2026-07-12 14:53:35
4156,2025-07-16 18:00:00,2025-07-16 18:00:00,DK2,119.720001,893.506283,energidataservice_csv,1,,2026-07-12 14:53:35
4153,2025-07-16 19:00:00,2025-07-16 19:00:00,DK1,129.039993,963.06418,energidataservice_csv,1,,2026-07-12 14:53:35
4154,2025-07-16 19:00:00,2025-07-16 19:00:00,DK2,129.020004,962.914996,energidataservice_csv,1,,2026-07-12 14:53:35
4151,2025-07-16 20:00:00,2025-07-16 20:00:00,DK1,120.709999,900.894936,energidataservice_csv,1,,2026-07-12 14:53:35
4152,2025-07-16 20:00:00,2025-07-16 20:00:00,DK2,120.709999,900.894936,energidataservice_csv,1,,2026-07-12 14:53:35
4149,2025-07-16 21:00:00,2025-07-16 21:00:00,DK1,110.550003,825.067837,energidataservice_csv,1,,2026-07-12 14:53:35
4150,2025-07-16 21:00:00,2025-07-16 21:00:00,DK2,110.550003,825.067837,energidataservice_csv,1,,2026-07-12 14:53:35
4147,2025-07-16 22:00:00,2025-07-16 22:00:00,DK1,103.760002,774.340143,energidataservice_csv,1,,2026-07-12 14:53:35
4148,2025-07-16 22:00:00,2025-07-16 22:00:00,DK2,103.760002,774.340143,energidataservice_csv,1,,2026-07-12 14:53:35
4145,2025-07-16 23:00:00,2025-07-16 23:00:00,DK1,98.330002,733.817139,energidataservice_csv,1,,2026-07-12 14:53:35
4146,2025-07-16 23:00:00,2025-07-16 23:00:00,DK2,98.330002,733.817139,energidataservice_csv,1,,2026-07-12 14:53:35
4143,2025-07-17 00:00:00,2025-07-17 00:00:00,DK1,89.959999,671.353481,energidataservice_csv,1,,2026-07-12 14:53:35
4144,2025-07-17 00:00:00,2025-07-17 00:00:00,DK2,89.959999,671.353481,energidataservice_csv,1,,2026-07-12 14:53:35
4141,2025-07-17 01:00:00,2025-07-17 01:00:00,DK1,84.809998,632.920053,energidataservice_csv,1,,2026-07-12 14:53:35
4142,2025-07-17 01:00:00,2025-07-17 01:00:00,DK2,84.809998,632.920053,energidataservice_csv,1,,2026-07-12 14:53:35
4139,2025-07-17 02:00:00,2025-07-17 02:00:00,DK1,85.760002,640.009743,energidataservice_csv,1,,2026-07-12 14:53:35
4140,2025-07-17 02:00:00,2025-07-17 02:00:00,DK2,85.760002,640.009743,energidataservice_csv,1,,2026-07-12 14:53:35
4137,2025-07-17 03:00:00,2025-07-17 03:00:00,DK1,89.0,664.1892,energidataservice_csv,1,,2026-07-12 14:53:35
4138,2025-07-17 03:00:00,2025-07-17 03:00:00,DK2,89.0,664.1892,energidataservice_csv,1,,2026-07-12 14:53:35
4135,2025-07-17 04:00:00,2025-07-17 04:00:00,DK1,92.540001,690.607519,energidataservice_csv,1,,2026-07-12 14:53:35
4136,2025-07-17 04:00:00,2025-07-17 04:00:00,DK2,92.540001,690.607519,energidataservice_csv,1,,2026-07-12 14:53:35
4133,2025-07-17 05:00:00,2025-07-17 05:00:00,DK1,110.330002,823.370739,energidataservice_csv,1,,2026-07-12 14:53:35
4134,2025-07-17 05:00:00,2025-07-17 05:00:00,DK2,110.32,823.296096,energidataservice_csv,1,,2026-07-12 14:53:35
4131,2025-07-17 06:00:00,2025-07-17 06:00:00,DK1,105.919998,790.459761,energidataservice_csv,1,,2026-07-12 14:53:35
4132,2025-07-17 06:00:00,2025-07-17 06:00:00,DK2,105.910004,790.385178,energidataservice_csv,1,,2026-07-12 14:53:35
4129,2025-07-17 07:00:00,2025-07-17 07:00:00,DK1,93.099998,694.786665,energidataservice_csv,1,,2026-07-12 14:53:35
4130,2025-07-17 07:00:00,2025-07-17 07:00:00,DK2,93.080002,694.637439,energidataservice_csv,1,,2026-07-12 14:53:35
4127,2025-07-17 08:00:00,2025-07-17 08:00:00,DK1,85.0,634.338,energidataservice_csv,1,,2026-07-12 14:53:35
4128,2025-07-17 08:00:00,2025-07-17 08:00:00,DK2,84.980003,634.188766,energidataservice_csv,1,,2026-07-12 14:53:35
4125,2025-07-17 09:00:00,2025-07-17 09:00:00,DK1,77.07,575.157996,energidataservice_csv,1,,2026-07-12 14:53:35
4126,2025-07-17 09:00:00,2025-07-17 09:00:00,DK2,77.050003,575.008762,energidataservice_csv,1,,2026-07-12 14:53:35
4123,2025-07-17 10:00:00,2025-07-17 10:00:00,DK1,70.169998,523.664661,energidataservice_csv,1,,2026-07-12 14:53:35
4124,2025-07-17 10:00:00,2025-07-17 10:00:00,DK2,70.150002,523.515435,energidataservice_csv,1,,2026-07-12 14:53:35
4121,2025-07-17 11:00:00,2025-07-17 11:00:00,DK1,55.259998,412.394313,energidataservice_csv,1,,2026-07-12 14:53:35
4122,2025-07-17 11:00:00,2025-07-17 11:00:00,DK2,55.25,412.3197,energidataservice_csv,1,,2026-07-12 14:53:35
4119,2025-07-17 12:00:00,2025-07-17 12:00:00,DK1,49.779999,371.498177,energidataservice_csv,1,,2026-07-12 14:53:35
4120,2025-07-17 12:00:00,2025-07-17 12:00:00,DK2,49.77,371.423556,energidataservice_csv,1,,2026-07-12 14:53:35
4117,2025-07-17 13:00:00,2025-07-17 13:00:00,DK1,66.18,493.888104,energidataservice_csv,1,,2026-07-12 14:53:35
4118,2025-07-17 13:00:00,2025-07-17 13:00:00,DK2,66.169998,493.813461,energidataservice_csv,1,,2026-07-12 14:53:35
4115,2025-07-17 14:00:00,2025-07-17 14:00:00,DK1,74.790001,558.142819,energidataservice_csv,1,,2026-07-12 14:53:35
4116,2025-07-17 14:00:00,2025-07-17 14:00:00,DK2,74.769997,557.993534,energidataservice_csv,1,,2026-07-12 14:53:35
4113,2025-07-17 15:00:00,2025-07-17 15:00:00,DK1,82.709999,617.248181,energidataservice_csv,1,,2026-07-12 14:53:35
4114,2025-07-17 15:00:00,2025-07-17 15:00:00,DK2,82.690002,617.098947,energidataservice_csv,1,,2026-07-12 14:53:35
4111,2025-07-17 16:00:00,2025-07-17 16:00:00,DK1,94.980003,708.816766,energidataservice_csv,1,,2026-07-12 14:53:35
4112,2025-07-17 16:00:00,2025-07-17 16:00:00,DK2,94.959999,708.667481,energidataservice_csv,1,,2026-07-12 14:53:35
4109,2025-07-17 17:00:00,2025-07-17 17:00:00,DK1,109.730003,818.893066,energidataservice_csv,1,,2026-07-12 14:53:35
4110,2025-07-17 17:00:00,2025-07-17 17:00:00,DK2,109.730003,818.893066,energidataservice_csv,1,,2026-07-12 14:53:35
4107,2025-07-17 18:00:00,2025-07-17 18:00:00,DK1,120.75,901.1331,energidataservice_csv,1,,2026-07-12 14:53:35
4108,2025-07-17 18:00:00,2025-07-17 18:00:00,DK2,120.75,901.1331,energidataservice_csv,1,,2026-07-12 14:53:35
4105,2025-07-17 19:00:00,2025-07-17 19:00:00,DK1,132.0,985.0896,energidataservice_csv,1,,2026-07-12 14:53:35
4106,2025-07-17 19:00:00,2025-07-17 19:00:00,DK2,132.0,985.0896,energidataservice_csv,1,,2026-07-12 14:53:35
4103,2025-07-17 20:00:00,2025-07-17 20:00:00,DK1,125.07,933.372396,energidataservice_csv,1,,2026-07-12 14:53:35
4104,2025-07-17 20:00:00,2025-07-17 20:00:00,DK2,125.07,933.372396,energidataservice_csv,1,,2026-07-12 14:53:35
4101,2025-07-17 21:00:00,2025-07-17 21:00:00,DK1,114.18,852.102504,energidataservice_csv,1,,2026-07-12 14:53:35
4102,2025-07-17 21:00:00,2025-07-17 21:00:00,DK2,114.18,852.102504,energidataservice_csv,1,,2026-07-12 14:53:35
4099,2025-07-17 22:00:00,2025-07-17 22:00:00,DK1,106.800003,797.112502,energidataservice_csv,1,,2026-07-12 14:53:35
4100,2025-07-17 22:00:00,2025-07-17 22:00:00,DK2,106.800003,797.112502,energidataservice_csv,1,,2026-07-12 14:53:35
4097,2025-07-17 23:00:00,2025-07-17 23:00:00,DK1,99.150002,740.015955,energidataservice_csv,1,,2026-07-12 14:53:35
4098,2025-07-17 23:00:00,2025-07-17 23:00:00,DK2,99.150002,740.015955,energidataservice_csv,1,,2026-07-12 14:53:35
4095,2025-07-18 00:00:00,2025-07-18 00:00:00,DK1,95.360001,711.728903,energidataservice_csv,1,,2026-07-12 14:53:35
4096,2025-07-18 00:00:00,2025-07-18 00:00:00,DK2,95.360001,711.728903,energidataservice_csv,1,,2026-07-12 14:53:35
4093,2025-07-18 01:00:00,2025-07-18 01:00:00,DK1,96.370003,719.267154,energidataservice_csv,1,,2026-07-12 14:53:35
4094,2025-07-18 01:00:00,2025-07-18 01:00:00,DK2,96.370003,719.267154,energidataservice_csv,1,,2026-07-12 14:53:35
4091,2025-07-18 02:00:00,2025-07-18 02:00:00,DK1,98.660004,736.358806,energidataservice_csv,1,,2026-07-12 14:53:35
4092,2025-07-18 02:00:00,2025-07-18 02:00:00,DK2,98.660004,736.358806,energidataservice_csv,1,,2026-07-12 14:53:35
4089,2025-07-18 03:00:00,2025-07-18 03:00:00,DK1,108.230003,807.78545,energidataservice_csv,1,,2026-07-12 14:53:35
4090,2025-07-18 03:00:00,2025-07-18 03:00:00,DK2,108.230003,807.78545,energidataservice_csv,1,,2026-07-12 14:53:35
4087,2025-07-18 04:00:00,2025-07-18 04:00:00,DK1,115.919998,865.180497,energidataservice_csv,1,,2026-07-12 14:53:35
4088,2025-07-18 04:00:00,2025-07-18 04:00:00,DK2,115.919998,865.180497,energidataservice_csv,1,,2026-07-12 14:53:35
4085,2025-07-18 05:00:00,2025-07-18 05:00:00,DK1,116.169998,867.046397,energidataservice_csv,1,,2026-07-12 14:53:35
4086,2025-07-18 05:00:00,2025-07-18 05:00:00,DK2,116.169998,867.046397,energidataservice_csv,1,,2026-07-12 14:53:35
4083,2025-07-18 06:00:00,2025-07-18 06:00:00,DK1,109.389999,816.443197,energidataservice_csv,1,,2026-07-12 14:53:35
4084,2025-07-18 06:00:00,2025-07-18 06:00:00,DK2,109.389999,816.443197,energidataservice_csv,1,,2026-07-12 14:53:35
4081,2025-07-18 07:00:00,2025-07-18 07:00:00,DK1,98.129997,732.403046,energidataservice_csv,1,,2026-07-12 14:53:35
4082,2025-07-18 07:00:00,2025-07-18 07:00:00,DK2,98.120003,732.328454,energidataservice_csv,1,,2026-07-12 14:53:35
4079,2025-07-18 08:00:00,2025-07-18 08:00:00,DK1,84.980003,634.25675,energidataservice_csv,1,,2026-07-12 14:53:35
4080,2025-07-18 08:00:00,2025-07-18 08:00:00,DK2,84.959999,634.107449,energidataservice_csv,1,,2026-07-12 14:53:35
4077,2025-07-18 09:00:00,2025-07-18 09:00:00,DK1,82.019997,612.16445,energidataservice_csv,1,,2026-07-12 14:53:35
4078,2025-07-18 09:00:00,2025-07-18 09:00:00,DK2,82.0,612.0152,energidataservice_csv,1,,2026-07-12 14:53:35
4075,2025-07-18 10:00:00,2025-07-18 10:00:00,DK1,80.0,597.088,energidataservice_csv,1,,2026-07-12 14:53:35
4076,2025-07-18 10:00:00,2025-07-18 10:00:00,DK2,79.980003,596.93875,energidataservice_csv,1,,2026-07-12 14:53:35
4073,2025-07-18 11:00:00,2025-07-18 11:00:00,DK1,73.019997,544.99205,energidataservice_csv,1,,2026-07-12 14:53:35
4074,2025-07-18 11:00:00,2025-07-18 11:00:00,DK2,73.0,544.8428,energidataservice_csv,1,,2026-07-12 14:53:35
4071,2025-07-18 12:00:00,2025-07-18 12:00:00,DK1,71.199997,531.408298,energidataservice_csv,1,,2026-07-12 14:53:35
4072,2025-07-18 12:00:00,2025-07-18 12:00:00,DK2,71.18,531.259048,energidataservice_csv,1,,2026-07-12 14:53:35
4069,2025-07-18 13:00:00,2025-07-18 13:00:00,DK1,72.68,542.454448,energidataservice_csv,1,,2026-07-12 14:53:35
4070,2025-07-18 13:00:00,2025-07-18 13:00:00,DK2,72.660004,542.305206,energidataservice_csv,1,,2026-07-12 14:53:35
4067,2025-07-18 14:00:00,2025-07-18 14:00:00,DK1,79.989998,597.013349,energidataservice_csv,1,,2026-07-12 14:53:35
4068,2025-07-18 14:00:00,2025-07-18 14:00:00,DK2,79.970001,596.864099,energidataservice_csv,1,,2026-07-12 14:53:35
4065,2025-07-18 15:00:00,2025-07-18 15:00:00,DK1,84.07,627.464852,energidataservice_csv,1,,2026-07-12 14:53:35
4066,2025-07-18 15:00:00,2025-07-18 15:00:00,DK2,84.050003,627.315602,energidataservice_csv,1,,2026-07-12 14:53:35
4063,2025-07-18 16:00:00,2025-07-18 16:00:00,DK1,99.919998,745.762897,energidataservice_csv,1,,2026-07-12 14:53:35
4064,2025-07-18 16:00:00,2025-07-18 16:00:00,DK2,99.919998,745.762897,energidataservice_csv,1,,2026-07-12 14:53:35
4061,2025-07-18 17:00:00,2025-07-18 17:00:00,DK1,120.0,895.632,energidataservice_csv,1,,2026-07-12 14:53:35
4062,2025-07-18 17:00:00,2025-07-18 17:00:00,DK2,120.0,895.632,energidataservice_csv,1,,2026-07-12 14:53:35
4059,2025-07-18 18:00:00,2025-07-18 18:00:00,DK1,146.550003,1093.790602,energidataservice_csv,1,,2026-07-12 14:53:35
4060,2025-07-18 18:00:00,2025-07-18 18:00:00,DK2,146.550003,1093.790602,energidataservice_csv,1,,2026-07-12 14:53:35
4057,2025-07-18 19:00:00,2025-07-18 19:00:00,DK1,144.440002,1078.042399,energidataservice_csv,1,,2026-07-12 14:53:35
4058,2025-07-18 19:00:00,2025-07-18 19:00:00,DK2,144.440002,1078.042399,energidataservice_csv,1,,2026-07-12 14:53:35
4055,2025-07-18 20:00:00,2025-07-18 20:00:00,DK1,125.879997,939.517946,energidataservice_csv,1,,2026-07-12 14:53:35
4056,2025-07-18 20:00:00,2025-07-18 20:00:00,DK2,125.879997,939.517946,energidataservice_csv,1,,2026-07-12 14:53:35
4053,2025-07-18 21:00:00,2025-07-18 21:00:00,DK1,113.480003,846.96935,energidataservice_csv,1,,2026-07-12 14:53:35
4054,2025-07-18 21:00:00,2025-07-18 21:00:00,DK2,113.480003,846.96935,energidataservice_csv,1,,2026-07-12 14:53:35
4051,2025-07-18 22:00:00,2025-07-18 22:00:00,DK1,107.599998,803.083345,energidataservice_csv,1,,2026-07-12 14:53:35
4052,2025-07-18 22:00:00,2025-07-18 22:00:00,DK2,107.589996,803.008694,energidataservice_csv,1,,2026-07-12 14:53:35
4049,2025-07-18 23:00:00,2025-07-18 23:00:00,DK1,105.349998,786.290245,energidataservice_csv,1,,2026-07-12 14:53:35
4050,2025-07-18 23:00:00,2025-07-18 23:00:00,DK2,105.339996,786.215594,energidataservice_csv,1,,2026-07-12 14:53:35
4047,2025-07-19 00:00:00,2025-07-19 00:00:00,DK1,103.190002,770.168899,energidataservice_csv,1,,2026-07-12 14:53:35
4048,2025-07-19 00:00:00,2025-07-19 00:00:00,DK2,103.18,770.094248,energidataservice_csv,1,,2026-07-12 14:53:35
4045,2025-07-19 01:00:00,2025-07-19 01:00:00,DK1,101.629997,758.525646,energidataservice_csv,1,,2026-07-12 14:53:35
4046,2025-07-19 01:00:00,2025-07-19 01:00:00,DK2,101.620003,758.451054,energidataservice_csv,1,,2026-07-12 14:53:35
4043,2025-07-19 02:00:00,2025-07-19 02:00:00,DK1,98.379997,734.268946,energidataservice_csv,1,,2026-07-12 14:53:35
4044,2025-07-19 02:00:00,2025-07-19 02:00:00,DK2,98.370003,734.194354,energidataservice_csv,1,,2026-07-12 14:53:35
4041,2025-07-19 03:00:00,2025-07-19 03:00:00,DK1,93.690002,699.264699,energidataservice_csv,1,,2026-07-12 14:53:35
4042,2025-07-19 03:00:00,2025-07-19 03:00:00,DK2,93.68,699.190048,energidataservice_csv,1,,2026-07-12 14:53:35
4039,2025-07-19 04:00:00,2025-07-19 04:00:00,DK1,98.389999,734.343597,energidataservice_csv,1,,2026-07-12 14:53:35
4040,2025-07-19 04:00:00,2025-07-19 04:00:00,DK2,98.370003,734.194354,energidataservice_csv,1,,2026-07-12 14:53:35
4037,2025-07-19 05:00:00,2025-07-19 05:00:00,DK1,86.889999,648.512197,energidataservice_csv,1,,2026-07-12 14:53:35
4038,2025-07-19 05:00:00,2025-07-19 05:00:00,DK2,86.879997,648.437546,energidataservice_csv,1,,2026-07-12 14:53:35
4035,2025-07-19 06:00:00,2025-07-19 06:00:00,DK1,78.889999,588.803397,energidataservice_csv,1,,2026-07-12 14:53:35
4036,2025-07-19 06:00:00,2025-07-19 06:00:00,DK2,78.870003,588.654154,energidataservice_csv,1,,2026-07-12 14:53:35
4033,2025-07-19 07:00:00,2025-07-19 07:00:00,DK1,52.98,395.421528,energidataservice_csv,1,,2026-07-12 14:53:35
4034,2025-07-19 07:00:00,2025-07-19 07:00:00,DK2,52.099998,388.853545,energidataservice_csv,1,,2026-07-12 14:53:35
4031,2025-07-19 08:00:00,2025-07-19 08:00:00,DK1,10.0,74.636,energidataservice_csv,1,,2026-07-12 14:53:35
4032,2025-07-19 08:00:00,2025-07-19 08:00:00,DK2,10.87,81.129332,energidataservice_csv,1,,2026-07-12 14:53:35
4029,2025-07-19 09:00:00,2025-07-19 09:00:00,DK1,0.65,4.85134,energidataservice_csv,1,,2026-07-12 14:53:35
4030,2025-07-19 09:00:00,2025-07-19 09:00:00,DK2,3.14,23.435704,energidataservice_csv,1,,2026-07-12 14:53:35
4027,2025-07-19 10:00:00,2025-07-19 10:00:00,DK1,0.0,0.0,energidataservice_csv,1,,2026-07-12 14:53:35
4028,2025-07-19 10:00:00,2025-07-19 10:00:00,DK2,1.71,12.762756,energidataservice_csv,1,,2026-07-12 14:53:35
4025,2025-07-19 11:00:00,2025-07-19 11:00:00,DK1,-0.01,-0.074636,energidataservice_csv,1,,2026-07-12 14:53:35
4026,2025-07-19 11:00:00,2025-07-19 11:00:00,DK2,1.47,10.971492,energidataservice_csv,1,,2026-07-12 14:53:35
4023,2025-07-19 12:00:00,2025-07-19 12:00:00,DK1,0.0,0.0,energidataservice_csv,1,,2026-07-12 14:53:35
4024,2025-07-19 12:00:00,2025-07-19 12:00:00,DK2,2.3,17.16628,energidataservice_csv,1,,2026-07-12 14:53:35
4021,2025-07-19 13:00:00,2025-07-19 13:00:00,DK1,2.08,15.524288,energidataservice_csv,1,,2026-07-12 14:53:35
4022,2025-07-19 13:00:00,2025-07-19 13:00:00,DK2,5.64,42.094704,energidataservice_csv,1,,2026-07-12 14:53:35
4019,2025-07-19 14:00:00,2025-07-19 14:00:00,DK1,29.33,218.907388,energidataservice_csv,1,,2026-07-12 14:53:35
4020,2025-07-19 14:00:00,2025-07-19 14:00:00,DK2,30.76,229.580336,energidataservice_csv,1,,2026-07-12 14:53:35
4017,2025-07-19 15:00:00,2025-07-19 15:00:00,DK1,76.849998,573.577645,energidataservice_csv,1,,2026-07-12 14:53:35
4018,2025-07-19 15:00:00,2025-07-19 15:00:00,DK2,75.410004,562.830106,energidataservice_csv,1,,2026-07-12 14:53:35
4015,2025-07-19 16:00:00,2025-07-19 16:00:00,DK1,98.400002,734.418255,energidataservice_csv,1,,2026-07-12 14:53:35
4016,2025-07-19 16:00:00,2025-07-19 16:00:00,DK2,98.400002,734.418255,energidataservice_csv,1,,2026-07-12 14:53:35
4013,2025-07-19 17:00:00,2025-07-19 17:00:00,DK1,114.470001,854.358299,energidataservice_csv,1,,2026-07-12 14:53:35
4014,2025-07-19 17:00:00,2025-07-19 17:00:00,DK2,114.470001,854.358299,energidataservice_csv,1,,2026-07-12 14:53:35
4011,2025-07-19 18:00:00,2025-07-19 18:00:00,DK1,112.870003,842.416554,energidataservice_csv,1,,2026-07-12 14:53:35
4012,2025-07-19 18:00:00,2025-07-19 18:00:00,DK2,112.870003,842.416554,energidataservice_csv,1,,2026-07-12 14:53:35
4009,2025-07-19 19:00:00,2025-07-19 19:00:00,DK1,108.080002,806.665903,energidataservice_csv,1,,2026-07-12 14:53:35
4010,2025-07-19 19:00:00,2025-07-19 19:00:00,DK2,108.080002,806.665903,energidataservice_csv,1,,2026-07-12 14:53:35
4007,2025-07-19 20:00:00,2025-07-19 20:00:00,DK1,105.629997,788.380046,energidataservice_csv,1,,2026-07-12 14:53:35
4008,2025-07-19 20:00:00,2025-07-19 20:00:00,DK2,105.629997,788.380046,energidataservice_csv,1,,2026-07-12 14:53:35
4005,2025-07-19 21:00:00,2025-07-19 21:00:00,DK1,98.07,731.955252,energidataservice_csv,1,,2026-07-12 14:53:35
4006,2025-07-19 21:00:00,2025-07-19 21:00:00,DK2,98.07,731.955252,energidataservice_csv,1,,2026-07-12 14:53:35
4003,2025-07-19 22:00:00,2025-07-19 22:00:00,DK1,85.410004,637.466106,energidataservice_csv,1,,2026-07-12 14:53:35
4004,2025-07-19 22:00:00,2025-07-19 22:00:00,DK2,91.290001,681.352051,energidataservice_csv,1,,2026-07-12 14:53:35
4001,2025-07-19 23:00:00,2025-07-19 23:00:00,DK1,88.940002,663.812599,energidataservice_csv,1,,2026-07-12 14:53:35
4002,2025-07-19 23:00:00,2025-07-19 23:00:00,DK2,88.940002,663.812599,energidataservice_csv,1,,2026-07-12 14:53:35
3999,2025-07-20 00:00:00,2025-07-20 00:00:00,DK1,89.269997,666.27555,energidataservice_csv,1,,2026-07-12 14:53:35
4000,2025-07-20 00:00:00,2025-07-20 00:00:00,DK2,89.269997,666.27555,energidataservice_csv,1,,2026-07-12 14:53:35
3997,2025-07-20 01:00:00,2025-07-20 01:00:00,DK1,94.18,702.921848,energidataservice_csv,1,,2026-07-12 14:53:35
3998,2025-07-20 01:00:00,2025-07-20 01:00:00,DK2,94.18,702.921848,energidataservice_csv,1,,2026-07-12 14:53:35
3995,2025-07-20 02:00:00,2025-07-20 02:00:00,DK1,101.699997,759.048098,energidataservice_csv,1,,2026-07-12 14:53:35
3996,2025-07-20 02:00:00,2025-07-20 02:00:00,DK2,101.699997,759.048098,energidataservice_csv,1,,2026-07-12 14:53:35
3993,2025-07-20 03:00:00,2025-07-20 03:00:00,DK1,98.269997,733.44795,energidataservice_csv,1,,2026-07-12 14:53:35
3994,2025-07-20 03:00:00,2025-07-20 03:00:00,DK2,98.25,733.2987,energidataservice_csv,1,,2026-07-12 14:53:35
3991,2025-07-20 04:00:00,2025-07-20 04:00:00,DK1,97.199997,725.461898,energidataservice_csv,1,,2026-07-12 14:53:35
3992,2025-07-20 04:00:00,2025-07-20 04:00:00,DK2,97.18,725.312648,energidataservice_csv,1,,2026-07-12 14:53:35
3989,2025-07-20 05:00:00,2025-07-20 05:00:00,DK1,80.589996,601.491494,energidataservice_csv,1,,2026-07-12 14:53:35
3990,2025-07-20 05:00:00,2025-07-20 05:00:00,DK2,80.580002,601.416903,energidataservice_csv,1,,2026-07-12 14:53:35
3987,2025-07-20 06:00:00,2025-07-20 06:00:00,DK1,77.860001,581.115903,energidataservice_csv,1,,2026-07-12 14:53:35
3988,2025-07-20 06:00:00,2025-07-20 06:00:00,DK2,77.849998,581.041245,energidataservice_csv,1,,2026-07-12 14:53:35
3985,2025-07-20 07:00:00,2025-07-20 07:00:00,DK1,44.580002,332.727303,energidataservice_csv,1,,2026-07-12 14:53:35
3986,2025-07-20 07:00:00,2025-07-20 07:00:00,DK2,41.080002,306.604703,energidataservice_csv,1,,2026-07-12 14:53:35
3983,2025-07-20 08:00:00,2025-07-20 08:00:00,DK1,9.04,67.470944,energidataservice_csv,1,,2026-07-12 14:53:35
3984,2025-07-20 08:00:00,2025-07-20 08:00:00,DK2,12.54,93.593544,energidataservice_csv,1,,2026-07-12 14:53:35
3981,2025-07-20 09:00:00,2025-07-20 09:00:00,DK1,2.07,15.449652,energidataservice_csv,1,,2026-07-12 14:53:35
3982,2025-07-20 09:00:00,2025-07-20 09:00:00,DK2,3.62,27.018232,energidataservice_csv,1,,2026-07-12 14:53:35
3979,2025-07-20 10:00:00,2025-07-20 10:00:00,DK1,0.0,0.0,energidataservice_csv,1,,2026-07-12 14:53:35
3980,2025-07-20 10:00:00,2025-07-20 10:00:00,DK2,1.36,10.150496,energidataservice_csv,1,,2026-07-12 14:53:35
3977,2025-07-20 11:00:00,2025-07-20 11:00:00,DK1,-0.01,-0.074636,energidataservice_csv,1,,2026-07-12 14:53:35
3978,2025-07-20 11:00:00,2025-07-20 11:00:00,DK2,1.79,13.359844,energidataservice_csv,1,,2026-07-12 14:53:35
3975,2025-07-20 12:00:00,2025-07-20 12:00:00,DK1,0.0,0.0,energidataservice_csv,1,,2026-07-12 14:53:35
3976,2025-07-20 12:00:00,2025-07-20 12:00:00,DK2,2.81,20.972716,energidataservice_csv,1,,2026-07-12 14:53:35
3973,2025-07-20 13:00:00,2025-07-20 13:00:00,DK1,9.09,67.844124,energidataservice_csv,1,,2026-07-12 14:53:35
3974,2025-07-20 13:00:00,2025-07-20 13:00:00,DK2,20.809999,155.317509,energidataservice_csv,1,,2026-07-12 14:53:35
3971,2025-07-20 14:00:00,2025-07-20 14:00:00,DK1,69.330002,517.451403,energidataservice_csv,1,,2026-07-12 14:53:35
3972,2025-07-20 14:00:00,2025-07-20 14:00:00,DK2,57.599998,429.903345,energidataservice_csv,1,,2026-07-12 14:53:35
3969,2025-07-20 15:00:00,2025-07-20 15:00:00,DK1,92.739998,692.174249,energidataservice_csv,1,,2026-07-12 14:53:35
3970,2025-07-20 15:00:00,2025-07-20 15:00:00,DK2,92.720001,692.024999,energidataservice_csv,1,,2026-07-12 14:53:35
3967,2025-07-20 16:00:00,2025-07-20 16:00:00,DK1,100.260002,748.300551,energidataservice_csv,1,,2026-07-12 14:53:35
3968,2025-07-20 16:00:00,2025-07-20 16:00:00,DK2,100.239998,748.151249,energidataservice_csv,1,,2026-07-12 14:53:35
3965,2025-07-20 17:00:00,2025-07-20 17:00:00,DK1,112.0,835.9232,energidataservice_csv,1,,2026-07-12 14:53:35
3966,2025-07-20 17:00:00,2025-07-20 17:00:00,DK2,112.0,835.9232,energidataservice_csv,1,,2026-07-12 14:53:35
3963,2025-07-20 18:00:00,2025-07-20 18:00:00,DK1,116.0,865.7776,energidataservice_csv,1,,2026-07-12 14:53:35
3964,2025-07-20 18:00:00,2025-07-20 18:00:00,DK2,116.0,865.7776,energidataservice_csv,1,,2026-07-12 14:53:35
3961,2025-07-20 19:00:00,2025-07-20 19:00:00,DK1,115.010002,858.388651,energidataservice_csv,1,,2026-07-12 14:53:35
3962,2025-07-20 19:00:00,2025-07-20 19:00:00,DK2,115.010002,858.388651,energidataservice_csv,1,,2026-07-12 14:53:35
3959,2025-07-20 20:00:00,2025-07-20 20:00:00,DK1,114.849998,857.194445,energidataservice_csv,1,,2026-07-12 14:53:35
3960,2025-07-20 20:00:00,2025-07-20 20:00:00,DK2,114.849998,857.194445,energidataservice_csv,1,,2026-07-12 14:53:35
3957,2025-07-20 21:00:00,2025-07-20 21:00:00,DK1,105.050003,784.051202,energidataservice_csv,1,,2026-07-12 14:53:35
3958,2025-07-20 21:00:00,2025-07-20 21:00:00,DK2,105.050003,784.051202,energidataservice_csv,1,,2026-07-12 14:53:35
3955,2025-07-20 22:00:00,2025-07-20 22:00:00,DK1,87.080002,650.026091,energidataservice_csv,1,,2026-07-12 14:53:35
3956,2025-07-20 22:00:00,2025-07-20 22:00:00,DK2,87.080002,650.026091,energidataservice_csv,1,,2026-07-12 14:53:35
3953,2025-07-20 23:00:00,2025-07-20 23:00:00,DK1,79.730003,595.160553,energidataservice_csv,1,,2026-07-12 14:53:35
3954,2025-07-20 23:00:00,2025-07-20 23:00:00,DK2,64.610001,482.294274,energidataservice_csv,1,,2026-07-12 14:53:35
3951,2025-07-21 00:00:00,2025-07-21 00:00:00,DK1,83.480003,623.153178,energidataservice_csv,1,,2026-07-12 14:53:35
3952,2025-07-21 00:00:00,2025-07-21 00:00:00,DK2,51.060001,381.147589,energidataservice_csv,1,,2026-07-12 14:53:35
3949,2025-07-21 01:00:00,2025-07-21 01:00:00,DK1,83.300003,621.809532,energidataservice_csv,1,,2026-07-12 14:53:35
3950,2025-07-21 01:00:00,2025-07-21 01:00:00,DK2,25.33,189.080851,energidataservice_csv,1,,2026-07-12 14:53:35
3947,2025-07-21 02:00:00,2025-07-21 02:00:00,DK1,83.489998,623.227788,energidataservice_csv,1,,2026-07-12 14:53:35
3948,2025-07-21 02:00:00,2025-07-21 02:00:00,DK2,40.380001,301.424593,energidataservice_csv,1,,2026-07-12 14:53:35
3945,2025-07-21 03:00:00,2025-07-21 03:00:00,DK1,92.860001,693.172049,energidataservice_csv,1,,2026-07-12 14:53:35
3946,2025-07-21 03:00:00,2025-07-21 03:00:00,DK2,49.27,367.785769,energidataservice_csv,1,,2026-07-12 14:53:35
3943,2025-07-21 04:00:00,2025-07-21 04:00:00,DK1,98.900002,738.258845,energidataservice_csv,1,,2026-07-12 14:53:35
3944,2025-07-21 04:00:00,2025-07-21 04:00:00,DK2,98.900002,738.258845,energidataservice_csv,1,,2026-07-12 14:53:35
3941,2025-07-21 05:00:00,2025-07-21 05:00:00,DK1,100.839996,752.740318,energidataservice_csv,1,,2026-07-12 14:53:35
3942,2025-07-21 05:00:00,2025-07-21 05:00:00,DK2,100.839996,752.740318,energidataservice_csv,1,,2026-07-12 14:53:35
3939,2025-07-21 06:00:00,2025-07-21 06:00:00,DK1,97.839996,730.346218,energidataservice_csv,1,,2026-07-12 14:53:35
3940,2025-07-21 06:00:00,2025-07-21 06:00:00,DK2,97.839996,730.346218,energidataservice_csv,1,,2026-07-12 14:53:35
3937,2025-07-21 07:00:00,2025-07-21 07:00:00,DK1,109.639999,818.429701,energidataservice_csv,1,,2026-07-12 14:53:35
3938,2025-07-21 07:00:00,2025-07-21 07:00:00,DK2,109.639999,818.429701,energidataservice_csv,1,,2026-07-12 14:53:35
3935,2025-07-21 08:00:00,2025-07-21 08:00:00,DK1,105.989998,791.183538,energidataservice_csv,1,,2026-07-12 14:53:35
3936,2025-07-21 08:00:00,2025-07-21 08:00:00,DK2,105.989998,791.183538,energidataservice_csv,1,,2026-07-12 14:53:35
3933,2025-07-21 09:00:00,2025-07-21 09:00:00,DK1,98.879997,738.109514,energidataservice_csv,1,,2026-07-12 14:53:35
3934,2025-07-21 09:00:00,2025-07-21 09:00:00,DK2,98.879997,738.109514,energidataservice_csv,1,,2026-07-12 14:53:35
3931,2025-07-21 10:00:00,2025-07-21 10:00:00,DK1,84.900002,633.753045,energidataservice_csv,1,,2026-07-12 14:53:35
3932,2025-07-21 10:00:00,2025-07-21 10:00:00,DK2,84.900002,633.753045,energidataservice_csv,1,,2026-07-12 14:53:35
3929,2025-07-21 11:00:00,2025-07-21 11:00:00,DK1,81.730003,610.089953,energidataservice_csv,1,,2026-07-12 14:53:35
3930,2025-07-21 11:00:00,2025-07-21 11:00:00,DK2,81.730003,610.089953,energidataservice_csv,1,,2026-07-12 14:53:35
3927,2025-07-21 12:00:00,2025-07-21 12:00:00,DK1,85.790001,640.39662,energidataservice_csv,1,,2026-07-12 14:53:35
3928,2025-07-21 12:00:00,2025-07-21 12:00:00,DK2,85.790001,640.39662,energidataservice_csv,1,,2026-07-12 14:53:35
3925,2025-07-21 13:00:00,2025-07-21 13:00:00,DK1,87.959999,656.595005,energidataservice_csv,1,,2026-07-12 14:53:35
3926,2025-07-21 13:00:00,2025-07-21 13:00:00,DK2,87.959999,656.595005,energidataservice_csv,1,,2026-07-12 14:53:35
3923,2025-07-21 14:00:00,2025-07-21 14:00:00,DK1,90.949997,678.914443,energidataservice_csv,1,,2026-07-12 14:53:35
3924,2025-07-21 14:00:00,2025-07-21 14:00:00,DK2,90.940002,678.839833,energidataservice_csv,1,,2026-07-12 14:53:35
3921,2025-07-21 15:00:00,2025-07-21 15:00:00,DK1,104.300003,778.568232,energidataservice_csv,1,,2026-07-12 14:53:35
3922,2025-07-21 15:00:00,2025-07-21 15:00:00,DK2,104.300003,778.568232,energidataservice_csv,1,,2026-07-12 14:53:35
3919,2025-07-21 16:00:00,2025-07-21 16:00:00,DK1,105.82,789.914554,energidataservice_csv,1,,2026-07-12 14:53:35
3920,2025-07-21 16:00:00,2025-07-21 16:00:00,DK2,105.82,789.914554,energidataservice_csv,1,,2026-07-12 14:53:35
3917,2025-07-21 17:00:00,2025-07-21 17:00:00,DK1,119.690002,893.449958,energidataservice_csv,1,,2026-07-12 14:53:35
3918,2025-07-21 17:00:00,2025-07-21 17:00:00,DK2,119.68,893.375296,energidataservice_csv,1,,2026-07-12 14:53:35
3915,2025-07-21 18:00:00,2025-07-21 18:00:00,DK1,123.25,920.024275,energidataservice_csv,1,,2026-07-12 14:53:35
3916,2025-07-21 18:00:00,2025-07-21 18:00:00,DK2,123.260002,920.098937,energidataservice_csv,1,,2026-07-12 14:53:35
3913,2025-07-21 19:00:00,2025-07-21 19:00:00,DK1,120.089996,896.435793,energidataservice_csv,1,,2026-07-12 14:53:35
3914,2025-07-21 19:00:00,2025-07-21 19:00:00,DK2,120.099998,896.510455,energidataservice_csv,1,,2026-07-12 14:53:35
3911,2025-07-21 20:00:00,2025-07-21 20:00:00,DK1,108.760002,811.860787,energidataservice_csv,1,,2026-07-12 14:53:35
3912,2025-07-21 20:00:00,2025-07-21 20:00:00,DK2,108.760002,811.860787,energidataservice_csv,1,,2026-07-12 14:53:35
3909,2025-07-21 21:00:00,2025-07-21 21:00:00,DK1,100.040001,746.768595,energidataservice_csv,1,,2026-07-12 14:53:35
3910,2025-07-21 21:00:00,2025-07-21 21:00:00,DK2,100.040001,746.768595,energidataservice_csv,1,,2026-07-12 14:53:35
3907,2025-07-21 22:00:00,2025-07-21 22:00:00,DK1,92.790001,692.677357,energidataservice_csv,1,,2026-07-12 14:53:35
3908,2025-07-21 22:00:00,2025-07-21 22:00:00,DK2,92.779999,692.602693,energidataservice_csv,1,,2026-07-12 14:53:35
3905,2025-07-21 23:00:00,2025-07-21 23:00:00,DK1,87.199997,650.947978,energidataservice_csv,1,,2026-07-12 14:53:35
3906,2025-07-21 23:00:00,2025-07-21 23:00:00,DK2,87.199997,650.947978,energidataservice_csv,1,,2026-07-12 14:53:35
3903,2025-07-22 00:00:00,2025-07-22 00:00:00,DK1,85.480003,638.108222,energidataservice_csv,1,,2026-07-12 14:53:35
3904,2025-07-22 00:00:00,2025-07-22 00:00:00,DK2,85.480003,638.108222,energidataservice_csv,1,,2026-07-12 14:53:35
3901,2025-07-22 01:00:00,2025-07-22 01:00:00,DK1,82.0,612.13,energidataservice_csv,1,,2026-07-12 14:53:35
3902,2025-07-22 01:00:00,2025-07-22 01:00:00,DK2,82.0,612.13,energidataservice_csv,1,,2026-07-12 14:53:35
3899,2025-07-22 02:00:00,2025-07-22 02:00:00,DK1,81.0,604.665,energidataservice_csv,1,,2026-07-12 14:53:35
3900,2025-07-22 02:00:00,2025-07-22 02:00:00,DK2,81.0,604.665,energidataservice_csv,1,,2026-07-12 14:53:35
3897,2025-07-22 03:00:00,2025-07-22 03:00:00,DK1,89.279999,666.475193,energidataservice_csv,1,,2026-07-12 14:53:35
3898,2025-07-22 03:00:00,2025-07-22 03:00:00,DK2,89.279999,666.475193,energidataservice_csv,1,,2026-07-12 14:53:35
3895,2025-07-22 04:00:00,2025-07-22 04:00:00,DK1,108.800003,812.192022,energidataservice_csv,1,,2026-07-12 14:53:35
3896,2025-07-22 04:00:00,2025-07-22 04:00:00,DK2,108.800003,812.192022,energidataservice_csv,1,,2026-07-12 14:53:35
3893,2025-07-22 05:00:00,2025-07-22 05:00:00,DK1,109.279999,815.775193,energidataservice_csv,1,,2026-07-12 14:53:35
3894,2025-07-22 05:00:00,2025-07-22 05:00:00,DK2,109.279999,815.775193,energidataservice_csv,1,,2026-07-12 14:53:35
3891,2025-07-22 06:00:00,2025-07-22 06:00:00,DK1,102.489998,765.087835,energidataservice_csv,1,,2026-07-12 14:53:35
3892,2025-07-22 06:00:00,2025-07-22 06:00:00,DK2,102.489998,765.087835,energidataservice_csv,1,,2026-07-12 14:53:35
3889,2025-07-22 07:00:00,2025-07-22 07:00:00,DK1,91.290001,681.479857,energidataservice_csv,1,,2026-07-12 14:53:35
3890,2025-07-22 07:00:00,2025-07-22 07:00:00,DK2,91.290001,681.479857,energidataservice_csv,1,,2026-07-12 14:53:35
3887,2025-07-22 08:00:00,2025-07-22 08:00:00,DK1,81.730003,610.114472,energidataservice_csv,1,,2026-07-12 14:53:35
3888,2025-07-22 08:00:00,2025-07-22 08:00:00,DK2,81.730003,610.114472,energidataservice_csv,1,,2026-07-12 14:53:35
3885,2025-07-22 09:00:00,2025-07-22 09:00:00,DK1,68.410004,510.68068,energidataservice_csv,1,,2026-07-12 14:53:35
3886,2025-07-22 09:00:00,2025-07-22 09:00:00,DK2,68.410004,510.68068,energidataservice_csv,1,,2026-07-12 14:53:35
3883,2025-07-22 10:00:00,2025-07-22 10:00:00,DK1,39.630001,295.837957,energidataservice_csv,1,,2026-07-12 14:53:35
3884,2025-07-22 10:00:00,2025-07-22 10:00:00,DK2,39.18,292.4787,energidataservice_csv,1,,2026-07-12 14:53:35
3881,2025-07-22 11:00:00,2025-07-22 11:00:00,DK1,10.71,79.95015,energidataservice_csv,1,,2026-07-12 14:53:35
3882,2025-07-22 11:00:00,2025-07-22 11:00:00,DK2,10.45,78.00925,energidataservice_csv,1,,2026-07-12 14:53:35
3879,2025-07-22 12:00:00,2025-07-22 12:00:00,DK1,9.99,74.57535,energidataservice_csv,1,,2026-07-12 14:53:35
3880,2025-07-22 12:00:00,2025-07-22 12:00:00,DK2,9.88,73.7542,energidataservice_csv,1,,2026-07-12 14:53:35
3877,2025-07-22 13:00:00,2025-07-22 13:00:00,DK1,4.63,34.56295,energidataservice_csv,1,,2026-07-12 14:53:35
3878,2025-07-22 13:00:00,2025-07-22 13:00:00,DK2,13.26,98.9859,energidataservice_csv,1,,2026-07-12 14:53:35
3875,2025-07-22 14:00:00,2025-07-22 14:00:00,DK1,36.900002,275.458515,energidataservice_csv,1,,2026-07-12 14:53:35
3876,2025-07-22 14:00:00,2025-07-22 14:00:00,DK2,27.809999,207.601643,energidataservice_csv,1,,2026-07-12 14:53:35
3873,2025-07-22 15:00:00,2025-07-22 15:00:00,DK1,75.790001,565.772357,energidataservice_csv,1,,2026-07-12 14:53:35
3874,2025-07-22 15:00:00,2025-07-22 15:00:00,DK2,75.779999,565.697693,energidataservice_csv,1,,2026-07-12 14:53:35
3871,2025-07-22 16:00:00,2025-07-22 16:00:00,DK1,88.980003,664.235722,energidataservice_csv,1,,2026-07-12 14:53:35
3872,2025-07-22 16:00:00,2025-07-22 16:00:00,DK2,88.980003,664.235722,energidataservice_csv,1,,2026-07-12 14:53:35
3869,2025-07-22 17:00:00,2025-07-22 17:00:00,DK1,108.57,810.47505,energidataservice_csv,1,,2026-07-12 14:53:35
3870,2025-07-22 17:00:00,2025-07-22 17:00:00,DK2,108.57,810.47505,energidataservice_csv,1,,2026-07-12 14:53:35
3867,2025-07-22 18:00:00,2025-07-22 18:00:00,DK1,112.559998,840.260385,energidataservice_csv,1,,2026-07-12 14:53:35
3868,2025-07-22 18:00:00,2025-07-22 18:00:00,DK2,112.559998,840.260385,energidataservice_csv,1,,2026-07-12 14:53:35
3865,2025-07-22 19:00:00,2025-07-22 19:00:00,DK1,113.220001,845.187307,energidataservice_csv,1,,2026-07-12 14:53:35
3866,2025-07-22 19:00:00,2025-07-22 19:00:00,DK2,113.220001,845.187307,energidataservice_csv,1,,2026-07-12 14:53:35
3863,2025-07-22 20:00:00,2025-07-22 20:00:00,DK1,108.480003,809.803222,energidataservice_csv,1,,2026-07-12 14:53:35
3864,2025-07-22 20:00:00,2025-07-22 20:00:00,DK2,108.480003,809.803222,energidataservice_csv,1,,2026-07-12 14:53:35
3861,2025-07-22 21:00:00,2025-07-22 21:00:00,DK1,102.93,768.37245,energidataservice_csv,1,,2026-07-12 14:53:35
3862,2025-07-22 21:00:00,2025-07-22 21:00:00,DK2,102.93,768.37245,energidataservice_csv,1,,2026-07-12 14:53:35
3859,2025-07-22 22:00:00,2025-07-22 22:00:00,DK1,76.0,567.2868,energidataservice_csv,1,,2026-07-12 14:53:35
3860,2025-07-22 22:00:00,2025-07-22 22:00:00,DK2,10.67,79.644081,energidataservice_csv,1,,2026-07-12 14:53:35
3857,2025-07-22 23:00:00,2025-07-22 23:00:00,DK1,70.0,522.501,energidataservice_csv,1,,2026-07-12 14:53:35
3858,2025-07-22 23:00:00,2025-07-22 23:00:00,DK2,11.41,85.167663,energidataservice_csv,1,,2026-07-12 14:53:35
3855,2025-07-23 00:00:00,2025-07-23 00:00:00,DK1,66.790001,498.540604,energidataservice_csv,1,,2026-07-12 14:53:35
3856,2025-07-23 00:00:00,2025-07-23 00:00:00,DK2,9.62,71.806566,energidataservice_csv,1,,2026-07-12 14:53:35
3853,2025-07-23 01:00:00,2025-07-23 01:00:00,DK1,67.720001,505.482403,energidataservice_csv,1,,2026-07-12 14:53:35
3854,2025-07-23 01:00:00,2025-07-23 01:00:00,DK2,9.32,69.567276,energidataservice_csv,1,,2026-07-12 14:53:35
3851,2025-07-23 02:00:00,2025-07-23 02:00:00,DK1,70.360001,525.188155,energidataservice_csv,1,,2026-07-12 14:53:35
3852,2025-07-23 02:00:00,2025-07-23 02:00:00,DK2,9.62,71.806566,energidataservice_csv,1,,2026-07-12 14:53:35
3849,2025-07-23 03:00:00,2025-07-23 03:00:00,DK1,79.800003,595.651162,energidataservice_csv,1,,2026-07-12 14:53:35
3850,2025-07-23 03:00:00,2025-07-23 03:00:00,DK2,12.85,95.916255,energidataservice_csv,1,,2026-07-12 14:53:35
3847,2025-07-23 04:00:00,2025-07-23 04:00:00,DK1,84.550003,631.106587,energidataservice_csv,1,,2026-07-12 14:53:35
3848,2025-07-23 04:00:00,2025-07-23 04:00:00,DK2,51.650002,385.53111,energidataservice_csv,1,,2026-07-12 14:53:35
3845,2025-07-23 05:00:00,2025-07-23 05:00:00,DK1,99.870003,745.459663,energidataservice_csv,1,,2026-07-12 14:53:35
3846,2025-07-23 05:00:00,2025-07-23 05:00:00,DK2,99.870003,745.459663,energidataservice_csv,1,,2026-07-12 14:53:35
3843,2025-07-23 06:00:00,2025-07-23 06:00:00,DK1,96.5,720.30495,energidataservice_csv,1,,2026-07-12 14:53:35
3844,2025-07-23 06:00:00,2025-07-23 06:00:00,DK2,96.5,720.30495,energidataservice_csv,1,,2026-07-12 14:53:35
3841,2025-07-23 07:00:00,2025-07-23 07:00:00,DK1,81.690002,609.758682,energidataservice_csv,1,,2026-07-12 14:53:35
3842,2025-07-23 07:00:00,2025-07-23 07:00:00,DK2,81.690002,609.758682,energidataservice_csv,1,,2026-07-12 14:53:35
3839,2025-07-23 08:00:00,2025-07-23 08:00:00,DK1,67.300003,502.347412,energidataservice_csv,1,,2026-07-12 14:53:35
3840,2025-07-23 08:00:00,2025-07-23 08:00:00,DK2,67.290001,502.272754,energidataservice_csv,1,,2026-07-12 14:53:35
3837,2025-07-23 09:00:00,2025-07-23 09:00:00,DK1,53.5,399.34005,energidataservice_csv,1,,2026-07-12 14:53:35
3838,2025-07-23 09:00:00,2025-07-23 09:00:00,DK2,53.490002,399.265422,energidataservice_csv,1,,2026-07-12 14:53:35
3835,2025-07-23 10:00:00,2025-07-23 10:00:00,DK1,33.720001,251.696203,energidataservice_csv,1,,2026-07-12 14:53:35
3836,2025-07-23 10:00:00,2025-07-23 10:00:00,DK2,33.709999,251.621546,energidataservice_csv,1,,2026-07-12 14:53:35
3833,2025-07-23 11:00:00,2025-07-23 11:00:00,DK1,25.610001,191.16073,energidataservice_csv,1,,2026-07-12 14:53:35
3834,2025-07-23 11:00:00,2025-07-23 11:00:00,DK2,23.73,177.127839,energidataservice_csv,1,,2026-07-12 14:53:35
3831,2025-07-23 12:00:00,2025-07-23 12:00:00,DK1,26.82,200.192526,energidataservice_csv,1,,2026-07-12 14:53:35
3832,2025-07-23 12:00:00,2025-07-23 12:00:00,DK2,26.809999,200.117876,energidataservice_csv,1,,2026-07-12 14:53:35
3829,2025-07-23 13:00:00,2025-07-23 13:00:00,DK1,40.299999,300.811283,energidataservice_csv,1,,2026-07-12 14:53:35
3830,2025-07-23 13:00:00,2025-07-23 13:00:00,DK2,40.299999,300.811283,energidataservice_csv,1,,2026-07-12 14:53:35
3827,2025-07-23 14:00:00,2025-07-23 14:00:00,DK1,67.809998,506.154168,energidataservice_csv,1,,2026-07-12 14:53:35
3828,2025-07-23 14:00:00,2025-07-23 14:00:00,DK2,67.809998,506.154168,energidataservice_csv,1,,2026-07-12 14:53:35
3825,2025-07-23 15:00:00,2025-07-23 15:00:00,DK1,78.050003,582.588637,energidataservice_csv,1,,2026-07-12 14:53:35
3826,2025-07-23 15:00:00,2025-07-23 15:00:00,DK2,78.050003,582.588637,energidataservice_csv,1,,2026-07-12 14:53:35
3823,2025-07-23 16:00:00,2025-07-23 16:00:00,DK1,86.07,642.452301,energidataservice_csv,1,,2026-07-12 14:53:35
3824,2025-07-23 16:00:00,2025-07-23 16:00:00,DK2,86.07,642.452301,energidataservice_csv,1,,2026-07-12 14:53:35
3821,2025-07-23 17:00:00,2025-07-23 17:00:00,DK1,105.0,783.7515,energidataservice_csv,1,,2026-07-12 14:53:35
3822,2025-07-23 17:00:00,2025-07-23 17:00:00,DK2,105.0,783.7515,energidataservice_csv,1,,2026-07-12 14:53:35
3819,2025-07-23 18:00:00,2025-07-23 18:00:00,DK1,112.980003,843.316636,energidataservice_csv,1,,2026-07-12 14:53:35
3820,2025-07-23 18:00:00,2025-07-23 18:00:00,DK2,112.980003,843.316636,energidataservice_csv,1,,2026-07-12 14:53:35
3817,2025-07-23 19:00:00,2025-07-23 19:00:00,DK1,119.739998,893.775267,energidataservice_csv,1,,2026-07-12 14:53:35
3818,2025-07-23 19:00:00,2025-07-23 19:00:00,DK2,119.739998,893.775267,energidataservice_csv,1,,2026-07-12 14:53:35
3815,2025-07-23 20:00:00,2025-07-23 20:00:00,DK1,110.540001,825.103729,energidataservice_csv,1,,2026-07-12 14:53:35
3816,2025-07-23 20:00:00,2025-07-23 20:00:00,DK2,110.540001,825.103729,energidataservice_csv,1,,2026-07-12 14:53:35
3813,2025-07-23 21:00:00,2025-07-23 21:00:00,DK1,103.059998,769.270743,energidataservice_csv,1,,2026-07-12 14:53:35
3814,2025-07-23 21:00:00,2025-07-23 21:00:00,DK2,103.059998,769.270743,energidataservice_csv,1,,2026-07-12 14:53:35
3811,2025-07-23 22:00:00,2025-07-23 22:00:00,DK1,97.82,730.157826,energidataservice_csv,1,,2026-07-12 14:53:35
3812,2025-07-23 22:00:00,2025-07-23 22:00:00,DK2,97.82,730.157826,energidataservice_csv,1,,2026-07-12 14:53:35
3809,2025-07-23 23:00:00,2025-07-23 23:00:00,DK1,94.080002,702.241359,energidataservice_csv,1,,2026-07-12 14:53:35
3810,2025-07-23 23:00:00,2025-07-23 23:00:00,DK2,94.080002,702.241359,energidataservice_csv,1,,2026-07-12 14:53:35
3807,2025-07-24 00:00:00,2025-07-24 00:00:00,DK1,89.290001,666.487354,energidataservice_csv,1,,2026-07-12 14:53:35
3808,2025-07-24 00:00:00,2025-07-24 00:00:00,DK2,89.290001,666.487354,energidataservice_csv,1,,2026-07-12 14:53:35
3805,2025-07-24 01:00:00,2025-07-24 01:00:00,DK1,89.290001,666.487354,energidataservice_csv,1,,2026-07-12 14:53:35
3806,2025-07-24 01:00:00,2025-07-24 01:00:00,DK2,89.290001,666.487354,energidataservice_csv,1,,2026-07-12 14:53:35
3803,2025-07-24 02:00:00,2025-07-24 02:00:00,DK1,93.449997,697.538813,energidataservice_csv,1,,2026-07-12 14:53:35
3804,2025-07-24 02:00:00,2025-07-24 02:00:00,DK2,93.449997,697.538813,energidataservice_csv,1,,2026-07-12 14:53:35
3801,2025-07-24 03:00:00,2025-07-24 03:00:00,DK1,100.970001,753.670378,energidataservice_csv,1,,2026-07-12 14:53:35
3802,2025-07-24 03:00:00,2025-07-24 03:00:00,DK2,102.650002,766.21041,energidataservice_csv,1,,2026-07-12 14:53:35
3799,2025-07-24 04:00:00,2025-07-24 04:00:00,DK1,109.220001,815.250853,energidataservice_csv,1,,2026-07-12 14:53:35
3800,2025-07-24 04:00:00,2025-07-24 04:00:00,DK2,112.050003,836.374837,energidataservice_csv,1,,2026-07-12 14:53:35
3797,2025-07-24 05:00:00,2025-07-24 05:00:00,DK1,104.099998,777.033615,energidataservice_csv,1,,2026-07-12 14:53:35
3798,2025-07-24 05:00:00,2025-07-24 05:00:00,DK2,117.209999,874.890596,energidataservice_csv,1,,2026-07-12 14:53:35
3795,2025-07-24 06:00:00,2025-07-24 06:00:00,DK1,110.400002,824.058735,energidataservice_csv,1,,2026-07-12 14:53:35
3796,2025-07-24 06:00:00,2025-07-24 06:00:00,DK2,110.400002,824.058735,energidataservice_csv,1,,2026-07-12 14:53:35
3793,2025-07-24 07:00:00,2025-07-24 07:00:00,DK1,96.220001,718.214953,energidataservice_csv,1,,2026-07-12 14:53:35
3794,2025-07-24 07:00:00,2025-07-24 07:00:00,DK2,96.220001,718.214953,energidataservice_csv,1,,2026-07-12 14:53:35
3791,2025-07-24 08:00:00,2025-07-24 08:00:00,DK1,89.169998,665.591616,energidataservice_csv,1,,2026-07-12 14:53:35
3792,2025-07-24 08:00:00,2025-07-24 08:00:00,DK2,89.169998,665.591616,energidataservice_csv,1,,2026-07-12 14:53:35
3789,2025-07-24 09:00:00,2025-07-24 09:00:00,DK1,84.389999,629.91227,energidataservice_csv,1,,2026-07-12 14:53:35
3790,2025-07-24 09:00:00,2025-07-24 09:00:00,DK2,84.389999,629.91227,energidataservice_csv,1,,2026-07-12 14:53:35
3787,2025-07-24 10:00:00,2025-07-24 10:00:00,DK1,82.169998,613.341516,energidataservice_csv,1,,2026-07-12 14:53:35
3788,2025-07-24 10:00:00,2025-07-24 10:00:00,DK2,82.160004,613.266918,energidataservice_csv,1,,2026-07-12 14:53:35
3785,2025-07-24 11:00:00,2025-07-24 11:00:00,DK1,80.43,600.353649,energidataservice_csv,1,,2026-07-12 14:53:35
3786,2025-07-24 11:00:00,2025-07-24 11:00:00,DK2,80.43,600.353649,energidataservice_csv,1,,2026-07-12 14:53:35
3783,2025-07-24 12:00:00,2025-07-24 12:00:00,DK1,82.050003,612.445837,energidataservice_csv,1,,2026-07-12 14:53:35
3784,2025-07-24 12:00:00,2025-07-24 12:00:00,DK2,82.040001,612.371179,energidataservice_csv,1,,2026-07-12 14:53:35
3781,2025-07-24 13:00:00,2025-07-24 13:00:00,DK1,84.769997,632.748689,energidataservice_csv,1,,2026-07-12 14:53:35
3782,2025-07-24 13:00:00,2025-07-24 13:00:00,DK2,84.769997,632.748689,energidataservice_csv,1,,2026-07-12 14:53:35
3779,2025-07-24 14:00:00,2025-07-24 14:00:00,DK1,88.510002,660.665208,energidataservice_csv,1,,2026-07-12 14:53:35
3780,2025-07-24 14:00:00,2025-07-24 14:00:00,DK2,93.360001,696.867055,energidataservice_csv,1,,2026-07-12 14:53:35
3777,2025-07-24 15:00:00,2025-07-24 15:00:00,DK1,95.010002,709.183158,energidataservice_csv,1,,2026-07-12 14:53:35
3778,2025-07-24 15:00:00,2025-07-24 15:00:00,DK2,100.629997,751.132487,energidataservice_csv,1,,2026-07-12 14:53:35
3775,2025-07-24 16:00:00,2025-07-24 16:00:00,DK1,104.0,776.2872,energidataservice_csv,1,,2026-07-12 14:53:35
3776,2025-07-24 16:00:00,2025-07-24 16:00:00,DK2,109.230003,815.325511,energidataservice_csv,1,,2026-07-12 14:53:35
3773,2025-07-24 17:00:00,2025-07-24 17:00:00,DK1,116.389999,868.76987,energidataservice_csv,1,,2026-07-12 14:53:35
3774,2025-07-24 17:00:00,2025-07-24 17:00:00,DK2,130.029999,970.582922,energidataservice_csv,1,,2026-07-12 14:53:35
3771,2025-07-24 18:00:00,2025-07-24 18:00:00,DK1,154.160004,1150.696518,energidataservice_csv,1,,2026-07-12 14:53:35
3772,2025-07-24 18:00:00,2025-07-24 18:00:00,DK2,154.160004,1150.696518,energidataservice_csv,1,,2026-07-12 14:53:35
3769,2025-07-24 19:00:00,2025-07-24 19:00:00,DK1,140.639999,1049.779145,energidataservice_csv,1,,2026-07-12 14:53:35
3770,2025-07-24 19:00:00,2025-07-24 19:00:00,DK2,140.639999,1049.779145,energidataservice_csv,1,,2026-07-12 14:53:35
3767,2025-07-24 20:00:00,2025-07-24 20:00:00,DK1,118.379997,883.623812,energidataservice_csv,1,,2026-07-12 14:53:35
3768,2025-07-24 20:00:00,2025-07-24 20:00:00,DK2,118.379997,883.623812,energidataservice_csv,1,,2026-07-12 14:53:35
3765,2025-07-24 21:00:00,2025-07-24 21:00:00,DK1,108.599998,810.622965,energidataservice_csv,1,,2026-07-12 14:53:35
3766,2025-07-24 21:00:00,2025-07-24 21:00:00,DK2,109.389999,816.51977,energidataservice_csv,1,,2026-07-12 14:53:35
3763,2025-07-24 22:00:00,2025-07-24 22:00:00,DK1,111.269997,830.563766,energidataservice_csv,1,,2026-07-12 14:53:35
3764,2025-07-24 22:00:00,2025-07-24 22:00:00,DK2,111.260002,830.489159,energidataservice_csv,1,,2026-07-12 14:53:35
3761,2025-07-24 23:00:00,2025-07-24 23:00:00,DK1,103.669998,773.834333,energidataservice_csv,1,,2026-07-12 14:53:35
3762,2025-07-24 23:00:00,2025-07-24 23:00:00,DK2,103.669998,773.834333,energidataservice_csv,1,,2026-07-12 14:53:35
3759,2025-07-25 00:00:00,2025-07-25 00:00:00,DK1,97.050003,724.420042,energidataservice_csv,1,,2026-07-12 14:53:35
3760,2025-07-25 00:00:00,2025-07-25 00:00:00,DK2,97.050003,724.420042,energidataservice_csv,1,,2026-07-12 14:53:35
3757,2025-07-25 01:00:00,2025-07-25 01:00:00,DK1,92.639999,691.502009,energidataservice_csv,1,,2026-07-12 14:53:35
3758,2025-07-25 01:00:00,2025-07-25 01:00:00,DK2,92.940002,693.741351,energidataservice_csv,1,,2026-07-12 14:53:35
3755,2025-07-25 02:00:00,2025-07-25 02:00:00,DK1,91.709999,684.560117,energidataservice_csv,1,,2026-07-12 14:53:35
3756,2025-07-25 02:00:00,2025-07-25 02:00:00,DK2,96.970001,723.822875,energidataservice_csv,1,,2026-07-12 14:53:35
3753,2025-07-25 03:00:00,2025-07-25 03:00:00,DK1,94.220001,703.295775,energidataservice_csv,1,,2026-07-12 14:53:35
3754,2025-07-25 03:00:00,2025-07-25 03:00:00,DK2,98.199997,733.004058,energidataservice_csv,1,,2026-07-12 14:53:35
3751,2025-07-25 04:00:00,2025-07-25 04:00:00,DK1,106.099998,791.972825,energidataservice_csv,1,,2026-07-12 14:53:35
3752,2025-07-25 04:00:00,2025-07-25 04:00:00,DK2,108.860001,812.574591,energidataservice_csv,1,,2026-07-12 14:53:35
3749,2025-07-25 05:00:00,2025-07-25 05:00:00,DK1,108.0,806.1552,energidataservice_csv,1,,2026-07-12 14:53:35
3750,2025-07-25 05:00:00,2025-07-25 05:00:00,DK2,112.940002,843.029351,energidataservice_csv,1,,2026-07-12 14:53:35
3747,2025-07-25 06:00:00,2025-07-25 06:00:00,DK1,110.849998,827.428725,energidataservice_csv,1,,2026-07-12 14:53:35
3748,2025-07-25 06:00:00,2025-07-25 06:00:00,DK2,110.839996,827.354066,energidataservice_csv,1,,2026-07-12 14:53:35
3745,2025-07-25 07:00:00,2025-07-25 07:00:00,DK1,98.199997,733.004058,energidataservice_csv,1,,2026-07-12 14:53:35
3746,2025-07-25 07:00:00,2025-07-25 07:00:00,DK2,98.190002,732.929451,energidataservice_csv,1,,2026-07-12 14:53:35
3743,2025-07-25 08:00:00,2025-07-25 08:00:00,DK1,94.080002,702.250767,energidataservice_csv,1,,2026-07-12 14:53:35
3744,2025-07-25 08:00:00,2025-07-25 08:00:00,DK2,94.080002,702.250767,energidataservice_csv,1,,2026-07-12 14:53:35
3741,2025-07-25 09:00:00,2025-07-25 09:00:00,DK1,85.150002,635.593675,energidataservice_csv,1,,2026-07-12 14:53:35
3742,2025-07-25 09:00:00,2025-07-25 09:00:00,DK2,85.150002,635.593675,energidataservice_csv,1,,2026-07-12 14:53:35
3739,2025-07-25 10:00:00,2025-07-25 10:00:00,DK1,83.089996,620.216966,energidataservice_csv,1,,2026-07-12 14:53:35
3740,2025-07-25 10:00:00,2025-07-25 10:00:00,DK2,83.089996,620.216966,energidataservice_csv,1,,2026-07-12 14:53:35
3737,2025-07-25 11:00:00,2025-07-25 11:00:00,DK1,78.699997,587.448258,energidataservice_csv,1,,2026-07-12 14:53:35
3738,2025-07-25 11:00:00,2025-07-25 11:00:00,DK2,78.699997,587.448258,energidataservice_csv,1,,2026-07-12 14:53:35
3735,2025-07-25 12:00:00,2025-07-25 12:00:00,DK1,74.93,559.307492,energidataservice_csv,1,,2026-07-12 14:53:35
3736,2025-07-25 12:00:00,2025-07-25 12:00:00,DK2,76.07,567.816908,energidataservice_csv,1,,2026-07-12 14:53:35
3733,2025-07-25 13:00:00,2025-07-25 13:00:00,DK1,75.139999,560.875009,energidataservice_csv,1,,2026-07-12 14:53:35
3734,2025-07-25 13:00:00,2025-07-25 13:00:00,DK2,75.139999,560.875009,energidataservice_csv,1,,2026-07-12 14:53:35
3731,2025-07-25 14:00:00,2025-07-25 14:00:00,DK1,78.830002,588.418667,energidataservice_csv,1,,2026-07-12 14:53:35
3732,2025-07-25 14:00:00,2025-07-25 14:00:00,DK2,78.82,588.344008,energidataservice_csv,1,,2026-07-12 14:53:35
3729,2025-07-25 15:00:00,2025-07-25 15:00:00,DK1,81.519997,608.497866,energidataservice_csv,1,,2026-07-12 14:53:35
3730,2025-07-25 15:00:00,2025-07-25 15:00:00,DK2,81.519997,608.497866,energidataservice_csv,1,,2026-07-12 14:53:35
3727,2025-07-25 16:00:00,2025-07-25 16:00:00,DK1,87.629997,654.10535,energidataservice_csv,1,,2026-07-12 14:53:35
3728,2025-07-25 16:00:00,2025-07-25 16:00:00,DK2,90.449997,675.154958,energidataservice_csv,1,,2026-07-12 14:53:35
3725,2025-07-25 17:00:00,2025-07-25 17:00:00,DK1,92.970001,693.965275,energidataservice_csv,1,,2026-07-12 14:53:35
3726,2025-07-25 17:00:00,2025-07-25 17:00:00,DK2,101.809998,759.950549,energidataservice_csv,1,,2026-07-12 14:53:35
3723,2025-07-25 18:00:00,2025-07-25 18:00:00,DK1,108.209999,807.722717,energidataservice_csv,1,,2026-07-12 14:53:35
3724,2025-07-25 18:00:00,2025-07-25 18:00:00,DK2,109.279999,815.709625,energidataservice_csv,1,,2026-07-12 14:53:35
3721,2025-07-25 19:00:00,2025-07-25 19:00:00,DK1,121.209999,904.759917,energidataservice_csv,1,,2026-07-12 14:53:35
3722,2025-07-25 19:00:00,2025-07-25 19:00:00,DK2,121.209999,904.759917,energidataservice_csv,1,,2026-07-12 14:53:35
3719,2025-07-25 20:00:00,2025-07-25 20:00:00,DK1,112.599998,840.491425,energidataservice_csv,1,,2026-07-12 14:53:35
3720,2025-07-25 20:00:00,2025-07-25 20:00:00,DK2,112.589996,840.416766,energidataservice_csv,1,,2026-07-12 14:53:35
3717,2025-07-25 21:00:00,2025-07-25 21:00:00,DK1,110.25,822.9501,energidataservice_csv,1,,2026-07-12 14:53:35
3718,2025-07-25 21:00:00,2025-07-25 21:00:00,DK2,110.25,822.9501,energidataservice_csv,1,,2026-07-12 14:53:35
3715,2025-07-25 22:00:00,2025-07-25 22:00:00,DK1,106.760002,796.899359,energidataservice_csv,1,,2026-07-12 14:53:35
3716,2025-07-25 22:00:00,2025-07-25 22:00:00,DK2,106.760002,796.899359,energidataservice_csv,1,,2026-07-12 14:53:35
3713,2025-07-25 23:00:00,2025-07-25 23:00:00,DK1,100.699997,751.665058,energidataservice_csv,1,,2026-07-12 14:53:35
3714,2025-07-25 23:00:00,2025-07-25 23:00:00,DK2,100.699997,751.665058,energidataservice_csv,1,,2026-07-12 14:53:35
3711,2025-07-26 00:00:00,2025-07-26 00:00:00,DK1,93.730003,699.638234,energidataservice_csv,1,,2026-07-12 14:53:35
3712,2025-07-26 00:00:00,2025-07-26 00:00:00,DK2,93.730003,699.638234,energidataservice_csv,1,,2026-07-12 14:53:35
3709,2025-07-26 01:00:00,2025-07-26 01:00:00,DK1,91.599998,683.739025,energidataservice_csv,1,,2026-07-12 14:53:35
3710,2025-07-26 01:00:00,2025-07-26 01:00:00,DK2,91.599998,683.739025,energidataservice_csv,1,,2026-07-12 14:53:35
3707,2025-07-26 02:00:00,2025-07-26 02:00:00,DK1,90.080002,672.393167,energidataservice_csv,1,,2026-07-12 14:53:35
3708,2025-07-26 02:00:00,2025-07-26 02:00:00,DK2,90.080002,672.393167,energidataservice_csv,1,,2026-07-12 14:53:35
3705,2025-07-26 03:00:00,2025-07-26 03:00:00,DK1,89.360001,667.018791,energidataservice_csv,1,,2026-07-12 14:53:35
3706,2025-07-26 03:00:00,2025-07-26 03:00:00,DK2,89.360001,667.018791,energidataservice_csv,1,,2026-07-12 14:53:35
3703,2025-07-26 04:00:00,2025-07-26 04:00:00,DK1,92.389999,689.635909,energidataservice_csv,1,,2026-07-12 14:53:35
3704,2025-07-26 04:00:00,2025-07-26 04:00:00,DK2,92.389999,689.635909,energidataservice_csv,1,,2026-07-12 14:53:35
3701,2025-07-26 05:00:00,2025-07-26 05:00:00,DK1,90.910004,678.588634,energidataservice_csv,1,,2026-07-12 14:53:35
3702,2025-07-26 05:00:00,2025-07-26 05:00:00,DK2,90.910004,678.588634,energidataservice_csv,1,,2026-07-12 14:53:35
3699,2025-07-26 06:00:00,2025-07-26 06:00:00,DK1,84.68,632.085392,energidataservice_csv,1,,2026-07-12 14:53:35
3700,2025-07-26 06:00:00,2025-07-26 06:00:00,DK2,84.669998,632.010733,energidataservice_csv,1,,2026-07-12 14:53:35
3697,2025-07-26 07:00:00,2025-07-26 07:00:00,DK1,83.160004,620.739534,energidataservice_csv,1,,2026-07-12 14:53:35
3698,2025-07-26 07:00:00,2025-07-26 07:00:00,DK2,83.150002,620.664875,energidataservice_csv,1,,2026-07-12 14:53:35
3695,2025-07-26 08:00:00,2025-07-26 08:00:00,DK1,79.589996,594.091566,energidataservice_csv,1,,2026-07-12 14:53:35
3696,2025-07-26 08:00:00,2025-07-26 08:00:00,DK2,79.580002,594.016967,energidataservice_csv,1,,2026-07-12 14:53:35
3693,2025-07-26 09:00:00,2025-07-26 09:00:00,DK1,75.199997,561.322858,energidataservice_csv,1,,2026-07-12 14:53:35
3694,2025-07-26 09:00:00,2025-07-26 09:00:00,DK2,75.18,561.173592,energidataservice_csv,1,,2026-07-12 14:53:35
3691,2025-07-26 10:00:00,2025-07-26 10:00:00,DK1,66.419998,495.785433,energidataservice_csv,1,,2026-07-12 14:53:35
3692,2025-07-26 10:00:00,2025-07-26 10:00:00,DK2,66.410004,495.710834,energidataservice_csv,1,,2026-07-12 14:53:35
3689,2025-07-26 11:00:00,2025-07-26 11:00:00,DK1,49.869999,372.249621,energidataservice_csv,1,,2026-07-12 14:53:35
3690,2025-07-26 11:00:00,2025-07-26 11:00:00,DK2,49.869999,372.249621,energidataservice_csv,1,,2026-07-12 14:53:35
3687,2025-07-26 12:00:00,2025-07-26 12:00:00,DK1,50.09,373.891796,energidataservice_csv,1,,2026-07-12 14:53:35
3688,2025-07-26 12:00:00,2025-07-26 12:00:00,DK2,50.09,373.891796,energidataservice_csv,1,,2026-07-12 14:53:35
3685,2025-07-26 13:00:00,2025-07-26 13:00:00,DK1,65.199997,486.678858,energidataservice_csv,1,,2026-07-12 14:53:35
3686,2025-07-26 13:00:00,2025-07-26 13:00:00,DK2,65.199997,486.678858,energidataservice_csv,1,,2026-07-12 14:53:35
3683,2025-07-26 14:00:00,2025-07-26 14:00:00,DK1,66.370003,495.41225,energidataservice_csv,1,,2026-07-12 14:53:35
3684,2025-07-26 14:00:00,2025-07-26 14:00:00,DK2,66.370003,495.41225,energidataservice_csv,1,,2026-07-12 14:53:35
3681,2025-07-26 15:00:00,2025-07-26 15:00:00,DK1,76.209999,568.861917,energidataservice_csv,1,,2026-07-12 14:53:35
3682,2025-07-26 15:00:00,2025-07-26 15:00:00,DK2,76.209999,568.861917,energidataservice_csv,1,,2026-07-12 14:53:35
3679,2025-07-26 16:00:00,2025-07-26 16:00:00,DK1,93.610001,698.742491,energidataservice_csv,1,,2026-07-12 14:53:35
3680,2025-07-26 16:00:00,2025-07-26 16:00:00,DK2,93.610001,698.742491,energidataservice_csv,1,,2026-07-12 14:53:35
3677,2025-07-26 17:00:00,2025-07-26 17:00:00,DK1,106.599998,795.705025,energidataservice_csv,1,,2026-07-12 14:53:35
3678,2025-07-26 17:00:00,2025-07-26 17:00:00,DK2,106.599998,795.705025,energidataservice_csv,1,,2026-07-12 14:53:35
3675,2025-07-26 18:00:00,2025-07-26 18:00:00,DK1,121.949997,910.283558,energidataservice_csv,1,,2026-07-12 14:53:35
3676,2025-07-26 18:00:00,2025-07-26 18:00:00,DK2,121.949997,910.283558,energidataservice_csv,1,,2026-07-12 14:53:35
3673,2025-07-26 19:00:00,2025-07-26 19:00:00,DK1,127.07,948.501308,energidataservice_csv,1,,2026-07-12 14:53:35
3674,2025-07-26 19:00:00,2025-07-26 19:00:00,DK2,127.07,948.501308,energidataservice_csv,1,,2026-07-12 14:53:35
3671,2025-07-26 20:00:00,2025-07-26 20:00:00,DK1,116.720001,871.244775,energidataservice_csv,1,,2026-07-12 14:53:35
3672,2025-07-26 20:00:00,2025-07-26 20:00:00,DK2,116.720001,871.244775,energidataservice_csv,1,,2026-07-12 14:53:35
3669,2025-07-26 21:00:00,2025-07-26 21:00:00,DK1,108.800003,812.126742,energidataservice_csv,1,,2026-07-12 14:53:35
3670,2025-07-26 21:00:00,2025-07-26 21:00:00,DK2,108.800003,812.126742,energidataservice_csv,1,,2026-07-12 14:53:35
3667,2025-07-26 22:00:00,2025-07-26 22:00:00,DK1,104.639999,781.074809,energidataservice_csv,1,,2026-07-12 14:53:35
3668,2025-07-26 22:00:00,2025-07-26 22:00:00,DK2,104.629997,781.00015,energidataservice_csv,1,,2026-07-12 14:53:35
3665,2025-07-26 23:00:00,2025-07-26 23:00:00,DK1,99.470001,742.483875,energidataservice_csv,1,,2026-07-12 14:53:35
3666,2025-07-26 23:00:00,2025-07-26 23:00:00,DK2,99.470001,742.483875,energidataservice_csv,1,,2026-07-12 14:53:35
3663,2025-07-27 00:00:00,2025-07-27 00:00:00,DK1,95.010002,709.192659,energidataservice_csv,1,,2026-07-12 14:53:35
3664,2025-07-27 00:00:00,2025-07-27 00:00:00,DK2,95.010002,709.192659,energidataservice_csv,1,,2026-07-12 14:53:35
3661,2025-07-27 01:00:00,2025-07-27 01:00:00,DK1,92.07,687.247308,energidataservice_csv,1,,2026-07-12 14:53:35
3662,2025-07-27 01:00:00,2025-07-27 01:00:00,DK2,92.07,687.247308,energidataservice_csv,1,,2026-07-12 14:53:35
3659,2025-07-27 02:00:00,2025-07-27 02:00:00,DK1,91.989998,686.650141,energidataservice_csv,1,,2026-07-12 14:53:35
3660,2025-07-27 02:00:00,2025-07-27 02:00:00,DK2,91.989998,686.650141,energidataservice_csv,1,,2026-07-12 14:53:35
3657,2025-07-27 03:00:00,2025-07-27 03:00:00,DK1,89.879997,670.90025,energidataservice_csv,1,,2026-07-12 14:53:35
3658,2025-07-27 03:00:00,2025-07-27 03:00:00,DK2,89.879997,670.90025,energidataservice_csv,1,,2026-07-12 14:53:35
3655,2025-07-27 04:00:00,2025-07-27 04:00:00,DK1,88.790001,662.764083,energidataservice_csv,1,,2026-07-12 14:53:35
3656,2025-07-27 04:00:00,2025-07-27 04:00:00,DK2,88.790001,662.764083,energidataservice_csv,1,,2026-07-12 14:53:35
3653,2025-07-27 05:00:00,2025-07-27 05:00:00,DK1,86.580002,646.267767,energidataservice_csv,1,,2026-07-12 14:53:35
3654,2025-07-27 05:00:00,2025-07-27 05:00:00,DK2,86.580002,646.267767,energidataservice_csv,1,,2026-07-12 14:53:35
3651,2025-07-27 06:00:00,2025-07-27 06:00:00,DK1,83.760002,625.218159,energidataservice_csv,1,,2026-07-12 14:53:35
3652,2025-07-27 06:00:00,2025-07-27 06:00:00,DK2,83.760002,625.218159,energidataservice_csv,1,,2026-07-12 14:53:35
3649,2025-07-27 07:00:00,2025-07-27 07:00:00,DK1,81.709999,609.916117,energidataservice_csv,1,,2026-07-12 14:53:35
3650,2025-07-27 07:00:00,2025-07-27 07:00:00,DK2,81.699997,609.841458,energidataservice_csv,1,,2026-07-12 14:53:35
3647,2025-07-27 08:00:00,2025-07-27 08:00:00,DK1,75.910004,566.622634,energidataservice_csv,1,,2026-07-12 14:53:35
3648,2025-07-27 08:00:00,2025-07-27 08:00:00,DK2,75.900002,566.547975,energidataservice_csv,1,,2026-07-12 14:53:35
3645,2025-07-27 09:00:00,2025-07-27 09:00:00,DK1,70.519997,526.389466,energidataservice_csv,1,,2026-07-12 14:53:35
3646,2025-07-27 09:00:00,2025-07-27 09:00:00,DK2,70.519997,526.389466,energidataservice_csv,1,,2026-07-12 14:53:35
3643,2025-07-27 10:00:00,2025-07-27 10:00:00,DK1,45.93,342.839892,energidataservice_csv,1,,2026-07-12 14:53:35
3644,2025-07-27 10:00:00,2025-07-27 10:00:00,DK2,45.919998,342.765233,energidataservice_csv,1,,2026-07-12 14:53:35
3641,2025-07-27 11:00:00,2025-07-27 11:00:00,DK1,15.04,112.264576,energidataservice_csv,1,,2026-07-12 14:53:35
3642,2025-07-27 11:00:00,2025-07-27 11:00:00,DK2,15.03,112.189932,energidataservice_csv,1,,2026-07-12 14:53:35
3639,2025-07-27 12:00:00,2025-07-27 12:00:00,DK1,8.85,66.05994,energidataservice_csv,1,,2026-07-12 14:53:35
3640,2025-07-27 12:00:00,2025-07-27 12:00:00,DK2,8.85,66.05994,energidataservice_csv,1,,2026-07-12 14:53:35
3637,2025-07-27 13:00:00,2025-07-27 13:00:00,DK1,17.299999,129.134113,energidataservice_csv,1,,2026-07-12 14:53:35
3638,2025-07-27 13:00:00,2025-07-27 13:00:00,DK2,17.299999,129.134113,energidataservice_csv,1,,2026-07-12 14:53:35
3635,2025-07-27 14:00:00,2025-07-27 14:00:00,DK1,45.740002,341.421671,energidataservice_csv,1,,2026-07-12 14:53:35
3636,2025-07-27 14:00:00,2025-07-27 14:00:00,DK2,45.740002,341.421671,energidataservice_csv,1,,2026-07-12 14:53:35
3633,2025-07-27 15:00:00,2025-07-27 15:00:00,DK1,82.360001,614.767991,energidataservice_csv,1,,2026-07-12 14:53:35
3634,2025-07-27 15:00:00,2025-07-27 15:00:00,DK2,82.360001,614.767991,energidataservice_csv,1,,2026-07-12 14:53:35
3631,2025-07-27 16:00:00,2025-07-27 16:00:00,DK1,95.660004,714.044534,energidataservice_csv,1,,2026-07-12 14:53:35
3632,2025-07-27 16:00:00,2025-07-27 16:00:00,DK2,95.660004,714.044534,energidataservice_csv,1,,2026-07-12 14:53:35
3629,2025-07-27 17:00:00,2025-07-27 17:00:00,DK1,102.470001,764.877075,energidataservice_csv,1,,2026-07-12 14:53:35
3630,2025-07-27 17:00:00,2025-07-27 17:00:00,DK2,102.480003,764.951734,energidataservice_csv,1,,2026-07-12 14:53:35
3627,2025-07-27 18:00:00,2025-07-27 18:00:00,DK1,107.949997,805.781958,energidataservice_csv,1,,2026-07-12 14:53:35
3628,2025-07-27 18:00:00,2025-07-27 18:00:00,DK2,107.970001,805.931275,energidataservice_csv,1,,2026-07-12 14:53:35
3625,2025-07-27 19:00:00,2025-07-27 19:00:00,DK1,114.709999,856.241317,energidataservice_csv,1,,2026-07-12 14:53:35
3626,2025-07-27 19:00:00,2025-07-27 19:00:00,DK2,114.730003,856.390634,energidataservice_csv,1,,2026-07-12 14:53:35
3623,2025-07-27 20:00:00,2025-07-27 20:00:00,DK1,107.330002,801.154067,energidataservice_csv,1,,2026-07-12 14:53:35
3624,2025-07-27 20:00:00,2025-07-27 20:00:00,DK2,107.330002,801.154067,energidataservice_csv,1,,2026-07-12 14:53:35
3621,2025-07-27 21:00:00,2025-07-27 21:00:00,DK1,102.690002,766.519251,energidataservice_csv,1,,2026-07-12 14:53:35
3622,2025-07-27 21:00:00,2025-07-27 21:00:00,DK2,102.699997,766.593858,energidataservice_csv,1,,2026-07-12 14:53:35
3619,2025-07-27 22:00:00,2025-07-27 22:00:00,DK1,100.0,746.31,energidataservice_csv,1,,2026-07-12 14:53:35
3620,2025-07-27 22:00:00,2025-07-27 22:00:00,DK2,100.0,746.31,energidataservice_csv,1,,2026-07-12 14:53:35
3617,2025-07-27 23:00:00,2025-07-27 23:00:00,DK1,88.769997,662.499365,energidataservice_csv,1,,2026-07-12 14:53:35
3618,2025-07-27 23:00:00,2025-07-27 23:00:00,DK2,88.769997,662.499365,energidataservice_csv,1,,2026-07-12 14:53:35
3615,2025-07-28 00:00:00,2025-07-28 00:00:00,DK1,83.5,623.16885,energidataservice_csv,1,,2026-07-12 14:53:35
3616,2025-07-28 00:00:00,2025-07-28 00:00:00,DK2,83.5,623.16885,energidataservice_csv,1,,2026-07-12 14:53:35
3613,2025-07-28 01:00:00,2025-07-28 01:00:00,DK1,77.620003,579.285844,energidataservice_csv,1,,2026-07-12 14:53:35
3614,2025-07-28 01:00:00,2025-07-28 01:00:00,DK2,77.620003,579.285844,energidataservice_csv,1,,2026-07-12 14:53:35
3611,2025-07-28 02:00:00,2025-07-28 02:00:00,DK1,76.0,567.1956,energidataservice_csv,1,,2026-07-12 14:53:35
3612,2025-07-28 02:00:00,2025-07-28 02:00:00,DK2,76.0,567.1956,energidataservice_csv,1,,2026-07-12 14:53:35
3609,2025-07-28 03:00:00,2025-07-28 03:00:00,DK1,84.339996,629.437824,energidataservice_csv,1,,2026-07-12 14:53:35
3610,2025-07-28 03:00:00,2025-07-28 03:00:00,DK2,84.339996,629.437824,energidataservice_csv,1,,2026-07-12 14:53:35
3607,2025-07-28 04:00:00,2025-07-28 04:00:00,DK1,94.980003,708.84526,energidataservice_csv,1,,2026-07-12 14:53:35
3608,2025-07-28 04:00:00,2025-07-28 04:00:00,DK2,94.980003,708.84526,energidataservice_csv,1,,2026-07-12 14:53:35
3605,2025-07-28 05:00:00,2025-07-28 05:00:00,DK1,108.610001,810.567298,energidataservice_csv,1,,2026-07-12 14:53:35
3606,2025-07-28 05:00:00,2025-07-28 05:00:00,DK2,108.599998,810.492645,energidataservice_csv,1,,2026-07-12 14:53:35
3603,2025-07-28 06:00:00,2025-07-28 06:00:00,DK1,112.0,835.8672,energidataservice_csv,1,,2026-07-12 14:53:35
3604,2025-07-28 06:00:00,2025-07-28 06:00:00,DK2,112.0,835.8672,energidataservice_csv,1,,2026-07-12 14:53:35
3601,2025-07-28 07:00:00,2025-07-28 07:00:00,DK1,92.970001,693.844414,energidataservice_csv,1,,2026-07-12 14:53:35
3602,2025-07-28 07:00:00,2025-07-28 07:00:00,DK2,92.970001,693.844414,energidataservice_csv,1,,2026-07-12 14:53:35
3599,2025-07-28 08:00:00,2025-07-28 08:00:00,DK1,82.0,611.9742,energidataservice_csv,1,,2026-07-12 14:53:35
3600,2025-07-28 08:00:00,2025-07-28 08:00:00,DK2,82.0,611.9742,energidataservice_csv,1,,2026-07-12 14:53:35
3597,2025-07-28 09:00:00,2025-07-28 09:00:00,DK1,15.27,113.961537,energidataservice_csv,1,,2026-07-12 14:53:35
3598,2025-07-28 09:00:00,2025-07-28 09:00:00,DK2,81.830002,610.705488,energidataservice_csv,1,,2026-07-12 14:53:35
3595,2025-07-28 10:00:00,2025-07-28 10:00:00,DK1,13.28,99.109968,energidataservice_csv,1,,2026-07-12 14:53:35
3596,2025-07-28 10:00:00,2025-07-28 10:00:00,DK2,73.559998,548.985621,energidataservice_csv,1,,2026-07-12 14:53:35
3593,2025-07-28 11:00:00,2025-07-28 11:00:00,DK1,18.67,139.336077,energidataservice_csv,1,,2026-07-12 14:53:35
3594,2025-07-28 11:00:00,2025-07-28 11:00:00,DK2,70.449997,525.775373,energidataservice_csv,1,,2026-07-12 14:53:35
3591,2025-07-28 12:00:00,2025-07-28 12:00:00,DK1,13.41,100.080171,energidataservice_csv,1,,2026-07-12 14:53:35
3592,2025-07-28 12:00:00,2025-07-28 12:00:00,DK2,61.73,460.697163,energidataservice_csv,1,,2026-07-12 14:53:35
3589,2025-07-28 13:00:00,2025-07-28 13:00:00,DK1,19.0,141.7989,energidataservice_csv,1,,2026-07-12 14:53:35
3590,2025-07-28 13:00:00,2025-07-28 13:00:00,DK2,67.360001,502.714423,energidataservice_csv,1,,2026-07-12 14:53:35
3587,2025-07-28 14:00:00,2025-07-28 14:00:00,DK1,6.7,50.00277,energidataservice_csv,1,,2026-07-12 14:53:35
3588,2025-07-28 14:00:00,2025-07-28 14:00:00,DK2,59.77,446.069487,energidataservice_csv,1,,2026-07-12 14:53:35
3585,2025-07-28 15:00:00,2025-07-28 15:00:00,DK1,28.15,210.086265,energidataservice_csv,1,,2026-07-12 14:53:35
3586,2025-07-28 15:00:00,2025-07-28 15:00:00,DK2,67.190002,501.445704,energidataservice_csv,1,,2026-07-12 14:53:35
3583,2025-07-28 16:00:00,2025-07-28 16:00:00,DK1,58.720001,438.233239,energidataservice_csv,1,,2026-07-12 14:53:35
3584,2025-07-28 16:00:00,2025-07-28 16:00:00,DK2,79.510002,593.391096,energidataservice_csv,1,,2026-07-12 14:53:35
3581,2025-07-28 17:00:00,2025-07-28 17:00:00,DK1,90.040001,671.977531,energidataservice_csv,1,,2026-07-12 14:53:35
3582,2025-07-28 17:00:00,2025-07-28 17:00:00,DK2,96.480003,720.03991,energidataservice_csv,1,,2026-07-12 14:53:35
3579,2025-07-28 18:00:00,2025-07-28 18:00:00,DK1,110.919998,827.807037,energidataservice_csv,1,,2026-07-12 14:53:35
3580,2025-07-28 18:00:00,2025-07-28 18:00:00,DK2,110.919998,827.807037,energidataservice_csv,1,,2026-07-12 14:53:35
3577,2025-07-28 19:00:00,2025-07-28 19:00:00,DK1,109.739998,819.000579,energidataservice_csv,1,,2026-07-12 14:53:35
3578,2025-07-28 19:00:00,2025-07-28 19:00:00,DK2,89.059998,664.663671,energidataservice_csv,1,,2026-07-12 14:53:35
3575,2025-07-28 20:00:00,2025-07-28 20:00:00,DK1,103.790001,774.595156,energidataservice_csv,1,,2026-07-12 14:53:35
3576,2025-07-28 20:00:00,2025-07-28 20:00:00,DK2,44.040001,328.674931,energidataservice_csv,1,,2026-07-12 14:53:35
3573,2025-07-28 21:00:00,2025-07-28 21:00:00,DK1,89.949997,671.305823,energidataservice_csv,1,,2026-07-12 14:53:35
3574,2025-07-28 21:00:00,2025-07-28 21:00:00,DK2,18.440001,137.619571,energidataservice_csv,1,,2026-07-12 14:53:35
3571,2025-07-28 22:00:00,2025-07-28 22:00:00,DK1,85.209999,635.785887,energidataservice_csv,1,,2026-07-12 14:53:35
3572,2025-07-28 22:00:00,2025-07-28 22:00:00,DK2,18.48,137.886672,energidataservice_csv,1,,2026-07-12 14:53:35
3569,2025-07-28 23:00:00,2025-07-28 23:00:00,DK1,80.480003,600.493494,energidataservice_csv,1,,2026-07-12 14:53:35
3570,2025-07-28 23:00:00,2025-07-28 23:00:00,DK2,9.69,72.300966,energidataservice_csv,1,,2026-07-12 14:53:35
3567,2025-07-29 00:00:00,2025-07-29 00:00:00,DK1,79.360001,592.136711,energidataservice_csv,1,,2026-07-12 14:53:35
3568,2025-07-29 00:00:00,2025-07-29 00:00:00,DK2,6.06,45.216084,energidataservice_csv,1,,2026-07-12 14:53:35
3565,2025-07-29 01:00:00,2025-07-29 01:00:00,DK1,78.220001,583.630715,energidataservice_csv,1,,2026-07-12 14:53:35
3566,2025-07-29 01:00:00,2025-07-29 01:00:00,DK2,5.3,39.54542,energidataservice_csv,1,,2026-07-12 14:53:35
3563,2025-07-29 02:00:00,2025-07-29 02:00:00,DK1,79.290001,591.614413,energidataservice_csv,1,,2026-07-12 14:53:35
3564,2025-07-29 02:00:00,2025-07-29 02:00:00,DK2,5.25,39.17235,energidataservice_csv,1,,2026-07-12 14:53:35
3561,2025-07-29 03:00:00,2025-07-29 03:00:00,DK1,80.519997,600.791906,energidataservice_csv,1,,2026-07-12 14:53:35
3562,2025-07-29 03:00:00,2025-07-29 03:00:00,DK2,6.2,46.26068,energidataservice_csv,1,,2026-07-12 14:53:35
3559,2025-07-29 04:00:00,2025-07-29 04:00:00,DK1,82.599998,616.311625,energidataservice_csv,1,,2026-07-12 14:53:35
3560,2025-07-29 04:00:00,2025-07-29 04:00:00,DK2,6.94,51.782116,energidataservice_csv,1,,2026-07-12 14:53:35
3557,2025-07-29 05:00:00,2025-07-29 05:00:00,DK1,91.989998,686.374171,energidataservice_csv,1,,2026-07-12 14:53:35
3558,2025-07-29 05:00:00,2025-07-29 05:00:00,DK2,27.200001,202.950087,energidataservice_csv,1,,2026-07-12 14:53:35
3555,2025-07-29 06:00:00,2025-07-29 06:00:00,DK1,58.209999,434.328087,energidataservice_csv,1,,2026-07-12 14:53:35
3556,2025-07-29 06:00:00,2025-07-29 06:00:00,DK2,51.490002,384.187501,energidataservice_csv,1,,2026-07-12 14:53:35
3553,2025-07-29 07:00:00,2025-07-29 07:00:00,DK1,4.08,30.442512,energidataservice_csv,1,,2026-07-12 14:53:35
3554,2025-07-29 07:00:00,2025-07-29 07:00:00,DK2,33.049999,246.599263,energidataservice_csv,1,,2026-07-12 14:53:35
3551,2025-07-29 08:00:00,2025-07-29 08:00:00,DK1,2.36,17.608904,energidataservice_csv,1,,2026-07-12 14:53:35
3552,2025-07-29 08:00:00,2025-07-29 08:00:00,DK2,29.040001,216.679063,energidataservice_csv,1,,2026-07-12 14:53:35
3549,2025-07-29 09:00:00,2025-07-29 09:00:00,DK1,2.31,17.235834,energidataservice_csv,1,,2026-07-12 14:53:35
3550,2025-07-29 09:00:00,2025-07-29 09:00:00,DK2,11.62,86.701468,energidataservice_csv,1,,2026-07-12 14:53:35
3547,2025-07-29 10:00:00,2025-07-29 10:00:00,DK1,2.33,17.385062,energidataservice_csv,1,,2026-07-12 14:53:35
3548,2025-07-29 10:00:00,2025-07-29 10:00:00,DK2,9.32,69.540248,energidataservice_csv,1,,2026-07-12 14:53:35
3545,2025-07-29 11:00:00,2025-07-29 11:00:00,DK1,2.54,18.951956,energidataservice_csv,1,,2026-07-12 14:53:35
3546,2025-07-29 11:00:00,2025-07-29 11:00:00,DK2,4.59,34.247826,energidataservice_csv,1,,2026-07-12 14:53:35
3543,2025-07-29 12:00:00,2025-07-29 12:00:00,DK1,1.07,7.983698,energidataservice_csv,1,,2026-07-12 14:53:35
3544,2025-07-29 12:00:00,2025-07-29 12:00:00,DK2,2.37,17.683518,energidataservice_csv,1,,2026-07-12 14:53:35
3541,2025-07-29 13:00:00,2025-07-29 13:00:00,DK1,3.83,28.577162,energidataservice_csv,1,,2026-07-12 14:53:35
3542,2025-07-29 13:00:00,2025-07-29 13:00:00,DK2,6.35,47.37989,energidataservice_csv,1,,2026-07-12 14:53:35
3539,2025-07-29 14:00:00,2025-07-29 14:00:00,DK1,3.9,29.09946,energidataservice_csv,1,,2026-07-12 14:53:35
3540,2025-07-29 14:00:00,2025-07-29 14:00:00,DK2,28.719999,214.291401,energidataservice_csv,1,,2026-07-12 14:53:35
3537,2025-07-29 15:00:00,2025-07-29 15:00:00,DK1,16.08,119.979312,energidataservice_csv,1,,2026-07-12 14:53:35
3538,2025-07-29 15:00:00,2025-07-29 15:00:00,DK2,57.119999,426.195161,energidataservice_csv,1,,2026-07-12 14:53:35
3535,2025-07-29 16:00:00,2025-07-29 16:00:00,DK1,81.5,608.1041,energidataservice_csv,1,,2026-07-12 14:53:35
3536,2025-07-29 16:00:00,2025-07-29 16:00:00,DK2,84.690002,631.905981,energidataservice_csv,1,,2026-07-12 14:53:35
3533,2025-07-29 17:00:00,2025-07-29 17:00:00,DK1,103.260002,770.464179,energidataservice_csv,1,,2026-07-12 14:53:35
3534,2025-07-29 17:00:00,2025-07-29 17:00:00,DK2,103.260002,770.464179,energidataservice_csv,1,,2026-07-12 14:53:35
3531,2025-07-29 18:00:00,2025-07-29 18:00:00,DK1,123.559998,921.930569,energidataservice_csv,1,,2026-07-12 14:53:35
3532,2025-07-29 18:00:00,2025-07-29 18:00:00,DK2,123.559998,921.930569,energidataservice_csv,1,,2026-07-12 14:53:35
3529,2025-07-29 19:00:00,2025-07-29 19:00:00,DK1,125.010002,932.749629,energidataservice_csv,1,,2026-07-12 14:53:35
3530,2025-07-29 19:00:00,2025-07-29 19:00:00,DK2,125.010002,932.749629,energidataservice_csv,1,,2026-07-12 14:53:35
3527,2025-07-29 20:00:00,2025-07-29 20:00:00,DK1,111.940002,835.229131,energidataservice_csv,1,,2026-07-12 14:53:35
3528,2025-07-29 20:00:00,2025-07-29 20:00:00,DK2,111.940002,835.229131,energidataservice_csv,1,,2026-07-12 14:53:35
3525,2025-07-29 21:00:00,2025-07-29 21:00:00,DK1,101.699997,758.824358,energidataservice_csv,1,,2026-07-12 14:53:35
3526,2025-07-29 21:00:00,2025-07-29 21:00:00,DK2,101.699997,758.824358,energidataservice_csv,1,,2026-07-12 14:53:35
3523,2025-07-29 22:00:00,2025-07-29 22:00:00,DK1,83.010002,619.404033,energidataservice_csv,1,,2026-07-12 14:53:35
3524,2025-07-29 22:00:00,2025-07-29 22:00:00,DK2,82.989998,619.254767,energidataservice_csv,1,,2026-07-12 14:53:35
3521,2025-07-29 23:00:00,2025-07-29 23:00:00,DK1,79.019997,589.631414,energidataservice_csv,1,,2026-07-12 14:53:35
3522,2025-07-29 23:00:00,2025-07-29 23:00:00,DK2,53.700001,400.698667,energidataservice_csv,1,,2026-07-12 14:53:35
3519,2025-07-30 00:00:00,2025-07-30 00:00:00,DK1,78.389999,584.930495,energidataservice_csv,1,,2026-07-12 14:53:35
3520,2025-07-30 00:00:00,2025-07-30 00:00:00,DK2,58.939999,439.798485,energidataservice_csv,1,,2026-07-12 14:53:35
3517,2025-07-30 01:00:00,2025-07-30 01:00:00,DK1,75.989998,567.022167,energidataservice_csv,1,,2026-07-12 14:53:35
3518,2025-07-30 01:00:00,2025-07-30 01:00:00,DK2,44.07,328.841526,energidataservice_csv,1,,2026-07-12 14:53:35
3515,2025-07-30 02:00:00,2025-07-30 02:00:00,DK1,75.650002,564.485185,energidataservice_csv,1,,2026-07-12 14:53:35
3516,2025-07-30 02:00:00,2025-07-30 02:00:00,DK2,20.07,149.758326,energidataservice_csv,1,,2026-07-12 14:53:35
3513,2025-07-30 03:00:00,2025-07-30 03:00:00,DK1,76.5,570.8277,energidataservice_csv,1,,2026-07-12 14:53:35
3514,2025-07-30 03:00:00,2025-07-30 03:00:00,DK2,23.07,172.143726,energidataservice_csv,1,,2026-07-12 14:53:35
3511,2025-07-30 04:00:00,2025-07-30 04:00:00,DK1,79.879997,596.048562,energidataservice_csv,1,,2026-07-12 14:53:35
3512,2025-07-30 04:00:00,2025-07-30 04:00:00,DK2,55.900002,417.114635,energidataservice_csv,1,,2026-07-12 14:53:35
3509,2025-07-30 05:00:00,2025-07-30 05:00:00,DK1,90.0,671.562,energidataservice_csv,1,,2026-07-12 14:53:35
3510,2025-07-30 05:00:00,2025-07-30 05:00:00,DK2,60.189999,449.125735,energidataservice_csv,1,,2026-07-12 14:53:35
3507,2025-07-30 06:00:00,2025-07-30 06:00:00,DK1,93.879997,700.513762,energidataservice_csv,1,,2026-07-12 14:53:35
3508,2025-07-30 06:00:00,2025-07-30 06:00:00,DK2,93.879997,700.513762,energidataservice_csv,1,,2026-07-12 14:53:35
3505,2025-07-30 07:00:00,2025-07-30 07:00:00,DK1,79.019997,589.631414,energidataservice_csv,1,,2026-07-12 14:53:35
3506,2025-07-30 07:00:00,2025-07-30 07:00:00,DK2,60.970001,454.945953,energidataservice_csv,1,,2026-07-12 14:53:35
3503,2025-07-30 08:00:00,2025-07-30 08:00:00,DK1,63.290001,472.257329,energidataservice_csv,1,,2026-07-12 14:53:35
3504,2025-07-30 08:00:00,2025-07-30 08:00:00,DK2,31.52,235.195936,energidataservice_csv,1,,2026-07-12 14:53:35
3501,2025-07-30 09:00:00,2025-07-30 09:00:00,DK1,40.43,301.680574,energidataservice_csv,1,,2026-07-12 14:53:35
3502,2025-07-30 09:00:00,2025-07-30 09:00:00,DK2,37.25,277.95205,energidataservice_csv,1,,2026-07-12 14:53:35
3499,2025-07-30 10:00:00,2025-07-30 10:00:00,DK1,24.790001,184.978029,energidataservice_csv,1,,2026-07-12 14:53:35
3500,2025-07-30 10:00:00,2025-07-30 10:00:00,DK2,24.780001,184.903411,energidataservice_csv,1,,2026-07-12 14:53:35
3497,2025-07-30 11:00:00,2025-07-30 11:00:00,DK1,17.690001,131.999249,energidataservice_csv,1,,2026-07-12 14:53:35
3498,2025-07-30 11:00:00,2025-07-30 11:00:00,DK2,17.76,132.521568,energidataservice_csv,1,,2026-07-12 14:53:35
3495,2025-07-30 12:00:00,2025-07-30 12:00:00,DK1,10.7,79.84126,energidataservice_csv,1,,2026-07-12 14:53:35
3496,2025-07-30 12:00:00,2025-07-30 12:00:00,DK2,10.83,80.811294,energidataservice_csv,1,,2026-07-12 14:53:35
3493,2025-07-30 13:00:00,2025-07-30 13:00:00,DK1,28.030001,209.154261,energidataservice_csv,1,,2026-07-12 14:53:35
3494,2025-07-30 13:00:00,2025-07-30 13:00:00,DK2,28.030001,209.154261,energidataservice_csv,1,,2026-07-12 14:53:35
3491,2025-07-30 14:00:00,2025-07-30 14:00:00,DK1,45.610001,340.332705,energidataservice_csv,1,,2026-07-12 14:53:35
3492,2025-07-30 14:00:00,2025-07-30 14:00:00,DK2,43.959999,328.020721,energidataservice_csv,1,,2026-07-12 14:53:35
3489,2025-07-30 15:00:00,2025-07-30 15:00:00,DK1,75.68,564.709024,energidataservice_csv,1,,2026-07-12 14:53:35
3490,2025-07-30 15:00:00,2025-07-30 15:00:00,DK2,75.68,564.709024,energidataservice_csv,1,,2026-07-12 14:53:35
3487,2025-07-30 16:00:00,2025-07-30 16:00:00,DK1,90.32,673.949776,energidataservice_csv,1,,2026-07-12 14:53:35
3488,2025-07-30 16:00:00,2025-07-30 16:00:00,DK2,90.309998,673.875143,energidataservice_csv,1,,2026-07-12 14:53:35
3485,2025-07-30 17:00:00,2025-07-30 17:00:00,DK1,101.860001,760.058955,energidataservice_csv,1,,2026-07-12 14:53:35
3486,2025-07-30 17:00:00,2025-07-30 17:00:00,DK2,101.860001,760.058955,energidataservice_csv,1,,2026-07-12 14:53:35
3483,2025-07-30 18:00:00,2025-07-30 18:00:00,DK1,109.07,813.858526,energidataservice_csv,1,,2026-07-12 14:53:35
3484,2025-07-30 18:00:00,2025-07-30 18:00:00,DK2,68.440002,510.685607,energidataservice_csv,1,,2026-07-12 14:53:35
3481,2025-07-30 19:00:00,2025-07-30 19:00:00,DK1,109.0,813.3362,energidataservice_csv,1,,2026-07-12 14:53:35
3482,2025-07-30 19:00:00,2025-07-30 19:00:00,DK2,64.57,481.808426,energidataservice_csv,1,,2026-07-12 14:53:35
3479,2025-07-30 20:00:00,2025-07-30 20:00:00,DK1,104.0,776.0272,energidataservice_csv,1,,2026-07-12 14:53:35
3480,2025-07-30 20:00:00,2025-07-30 20:00:00,DK2,43.759998,326.528353,energidataservice_csv,1,,2026-07-12 14:53:35
3477,2025-07-30 21:00:00,2025-07-30 21:00:00,DK1,92.410004,689.544968,energidataservice_csv,1,,2026-07-12 14:53:35
3478,2025-07-30 21:00:00,2025-07-30 21:00:00,DK2,30.85,230.19653,energidataservice_csv,1,,2026-07-12 14:53:35
3475,2025-07-30 22:00:00,2025-07-30 22:00:00,DK1,88.93,663.649018,energidataservice_csv,1,,2026-07-12 14:53:35
3476,2025-07-30 22:00:00,2025-07-30 22:00:00,DK2,14.91,111.267366,energidataservice_csv,1,,2026-07-12 14:53:35
3473,2025-07-30 23:00:00,2025-07-30 23:00:00,DK1,82.110001,612.754093,energidataservice_csv,1,,2026-07-12 14:53:35
3474,2025-07-30 23:00:00,2025-07-30 23:00:00,DK2,11.21,83.655746,energidataservice_csv,1,,2026-07-12 14:53:35
3471,2025-07-31 00:00:00,2025-07-31 00:00:00,DK1,79.0,589.5454,energidataservice_csv,1,,2026-07-12 14:53:35
3472,2025-07-31 00:00:00,2025-07-31 00:00:00,DK2,11.39,84.999014,energidataservice_csv,1,,2026-07-12 14:53:35
3469,2025-07-31 01:00:00,2025-07-31 01:00:00,DK1,77.269997,576.63508,energidataservice_csv,1,,2026-07-12 14:53:35
3470,2025-07-31 01:00:00,2025-07-31 01:00:00,DK2,29.780001,222.236235,energidataservice_csv,1,,2026-07-12 14:53:35
3467,2025-07-31 02:00:00,2025-07-31 02:00:00,DK1,78.510002,585.888741,energidataservice_csv,1,,2026-07-12 14:53:35
3468,2025-07-31 02:00:00,2025-07-31 02:00:00,DK2,38.73,289.026498,energidataservice_csv,1,,2026-07-12 14:53:35
3465,2025-07-31 03:00:00,2025-07-31 03:00:00,DK1,83.239998,621.186809,energidataservice_csv,1,,2026-07-12 14:53:35
3466,2025-07-31 03:00:00,2025-07-31 03:00:00,DK2,83.239998,621.186809,energidataservice_csv,1,,2026-07-12 14:53:35
3463,2025-07-31 04:00:00,2025-07-31 04:00:00,DK1,89.07,664.693782,energidataservice_csv,1,,2026-07-12 14:53:35
3464,2025-07-31 04:00:00,2025-07-31 04:00:00,DK2,89.07,664.693782,energidataservice_csv,1,,2026-07-12 14:53:35
3461,2025-07-31 05:00:00,2025-07-31 05:00:00,DK1,100.459999,749.692789,energidataservice_csv,1,,2026-07-12 14:53:35
3462,2025-07-31 05:00:00,2025-07-31 05:00:00,DK2,100.459999,749.692789,energidataservice_csv,1,,2026-07-12 14:53:35
3459,2025-07-31 06:00:00,2025-07-31 06:00:00,DK1,94.089996,702.156004,energidataservice_csv,1,,2026-07-12 14:53:35
3460,2025-07-31 06:00:00,2025-07-31 06:00:00,DK2,94.089996,702.156004,energidataservice_csv,1,,2026-07-12 14:53:35
3457,2025-07-31 07:00:00,2025-07-31 07:00:00,DK1,88.910004,663.499796,energidataservice_csv,1,,2026-07-12 14:53:35
3458,2025-07-31 07:00:00,2025-07-31 07:00:00,DK2,88.910004,663.499796,energidataservice_csv,1,,2026-07-12 14:53:35
3455,2025-07-31 08:00:00,2025-07-31 08:00:00,DK1,74.169998,553.501027,energidataservice_csv,1,,2026-07-12 14:53:35
3456,2025-07-31 08:00:00,2025-07-31 08:00:00,DK2,74.169998,553.501027,energidataservice_csv,1,,2026-07-12 14:53:35
3453,2025-07-31 09:00:00,2025-07-31 09:00:00,DK1,70.040001,522.680511,energidataservice_csv,1,,2026-07-12 14:53:35
3454,2025-07-31 09:00:00,2025-07-31 09:00:00,DK2,70.029999,522.605871,energidataservice_csv,1,,2026-07-12 14:53:35
3451,2025-07-31 10:00:00,2025-07-31 10:00:00,DK1,61.150002,456.338005,energidataservice_csv,1,,2026-07-12 14:53:35
3452,2025-07-31 10:00:00,2025-07-31 10:00:00,DK2,61.150002,456.338005,energidataservice_csv,1,,2026-07-12 14:53:35
3449,2025-07-31 11:00:00,2025-07-31 11:00:00,DK1,48.049999,358.577923,energidataservice_csv,1,,2026-07-12 14:53:35
3450,2025-07-31 11:00:00,2025-07-31 11:00:00,DK2,48.049999,358.577923,energidataservice_csv,1,,2026-07-12 14:53:35
3447,2025-07-31 12:00:00,2025-07-31 12:00:00,DK1,35.060001,261.638763,energidataservice_csv,1,,2026-07-12 14:53:35
3448,2025-07-31 12:00:00,2025-07-31 12:00:00,DK2,35.060001,261.638763,energidataservice_csv,1,,2026-07-12 14:53:35
3445,2025-07-31 13:00:00,2025-07-31 13:00:00,DK1,55.07,410.965382,energidataservice_csv,1,,2026-07-12 14:53:35
3446,2025-07-31 13:00:00,2025-07-31 13:00:00,DK2,55.07,410.965382,energidataservice_csv,1,,2026-07-12 14:53:35
3443,2025-07-31 14:00:00,2025-07-31 14:00:00,DK1,72.43,540.516118,energidataservice_csv,1,,2026-07-12 14:53:35
3444,2025-07-31 14:00:00,2025-07-31 14:00:00,DK2,72.43,540.516118,energidataservice_csv,1,,2026-07-12 14:53:35
3441,2025-07-31 15:00:00,2025-07-31 15:00:00,DK1,84.559998,631.037441,energidataservice_csv,1,,2026-07-12 14:53:35
3442,2025-07-31 15:00:00,2025-07-31 15:00:00,DK2,84.559998,631.037441,energidataservice_csv,1,,2026-07-12 14:53:35
3439,2025-07-31 16:00:00,2025-07-31 16:00:00,DK1,96.900002,723.125955,energidataservice_csv,1,,2026-07-12 14:53:35
3440,2025-07-31 16:00:00,2025-07-31 16:00:00,DK2,96.900002,723.125955,energidataservice_csv,1,,2026-07-12 14:53:35
3437,2025-07-31 17:00:00,2025-07-31 17:00:00,DK1,111.919998,835.214177,energidataservice_csv,1,,2026-07-12 14:53:35
3438,2025-07-31 17:00:00,2025-07-31 17:00:00,DK2,111.919998,835.214177,energidataservice_csv,1,,2026-07-12 14:53:35
3435,2025-07-31 18:00:00,2025-07-31 18:00:00,DK1,128.270004,957.227732,energidataservice_csv,1,,2026-07-12 14:53:35
3436,2025-07-31 18:00:00,2025-07-31 18:00:00,DK2,128.270004,957.227732,energidataservice_csv,1,,2026-07-12 14:53:35
3433,2025-07-31 19:00:00,2025-07-31 19:00:00,DK1,125.110001,933.645893,energidataservice_csv,1,,2026-07-12 14:53:35
3434,2025-07-31 19:00:00,2025-07-31 19:00:00,DK2,125.120003,933.720534,energidataservice_csv,1,,2026-07-12 14:53:35
3431,2025-07-31 20:00:00,2025-07-31 20:00:00,DK1,114.160004,851.930446,energidataservice_csv,1,,2026-07-12 14:53:35
3432,2025-07-31 20:00:00,2025-07-31 20:00:00,DK2,114.150002,851.855805,energidataservice_csv,1,,2026-07-12 14:53:35
3429,2025-07-31 21:00:00,2025-07-31 21:00:00,DK1,102.790001,767.080661,energidataservice_csv,1,,2026-07-12 14:53:35
3430,2025-07-31 21:00:00,2025-07-31 21:00:00,DK2,102.790001,767.080661,energidataservice_csv,1,,2026-07-12 14:53:35
3427,2025-07-31 22:00:00,2025-07-31 22:00:00,DK1,105.309998,785.917984,energidataservice_csv,1,,2026-07-12 14:53:35
3428,2025-07-31 22:00:00,2025-07-31 22:00:00,DK2,105.309998,785.917984,energidataservice_csv,1,,2026-07-12 14:53:35
3425,2025-07-31 23:00:00,2025-07-31 23:00:00,DK1,98.540001,735.394173,energidataservice_csv,1,,2026-07-12 14:53:35
3426,2025-07-31 23:00:00,2025-07-31 23:00:00,DK2,98.540001,735.394173,energidataservice_csv,1,,2026-07-12 14:53:35
3423,2025-08-01 00:00:00,2025-08-01 00:00:00,DK1,92.150002,687.70625,energidataservice_csv,1,,2026-07-12 14:53:35
3424,2025-08-01 00:00:00,2025-08-01 00:00:00,DK2,92.150002,687.70625,energidataservice_csv,1,,2026-07-12 14:53:35
3421,2025-08-01 01:00:00,2025-08-01 01:00:00,DK1,89.169998,665.466778,energidataservice_csv,1,,2026-07-12 14:53:35
3422,2025-08-01 01:00:00,2025-08-01 01:00:00,DK2,89.169998,665.466778,energidataservice_csv,1,,2026-07-12 14:53:35
3419,2025-08-01 02:00:00,2025-08-01 02:00:00,DK1,94.209999,703.079802,energidataservice_csv,1,,2026-07-12 14:53:35
3420,2025-08-01 02:00:00,2025-08-01 02:00:00,DK2,94.209999,703.079802,energidataservice_csv,1,,2026-07-12 14:53:35
3417,2025-08-01 03:00:00,2025-08-01 03:00:00,DK1,100.580002,750.618497,energidataservice_csv,1,,2026-07-12 14:53:35
3418,2025-08-01 03:00:00,2025-08-01 03:00:00,DK2,100.580002,750.618497,energidataservice_csv,1,,2026-07-12 14:53:35
3415,2025-08-01 04:00:00,2025-08-01 04:00:00,DK1,106.690002,796.216816,energidataservice_csv,1,,2026-07-12 14:53:35
3416,2025-08-01 04:00:00,2025-08-01 04:00:00,DK2,106.690002,796.216816,energidataservice_csv,1,,2026-07-12 14:53:35
3413,2025-08-01 05:00:00,2025-08-01 05:00:00,DK1,110.709999,826.217652,energidataservice_csv,1,,2026-07-12 14:53:35
3414,2025-08-01 05:00:00,2025-08-01 05:00:00,DK2,110.709999,826.217652,energidataservice_csv,1,,2026-07-12 14:53:35
3411,2025-08-01 06:00:00,2025-08-01 06:00:00,DK1,106.639999,795.843649,energidataservice_csv,1,,2026-07-12 14:53:35
3412,2025-08-01 06:00:00,2025-08-01 06:00:00,DK2,106.639999,795.843649,energidataservice_csv,1,,2026-07-12 14:53:35
3409,2025-08-01 07:00:00,2025-08-01 07:00:00,DK1,103.669998,773.678828,energidataservice_csv,1,,2026-07-12 14:53:35
3410,2025-08-01 07:00:00,2025-08-01 07:00:00,DK2,103.669998,773.678828,energidataservice_csv,1,,2026-07-12 14:53:35
3407,2025-08-01 08:00:00,2025-08-01 08:00:00,DK1,97.949997,730.991033,energidataservice_csv,1,,2026-07-12 14:53:35
3408,2025-08-01 08:00:00,2025-08-01 08:00:00,DK2,97.940002,730.916441,energidataservice_csv,1,,2026-07-12 14:53:35
3405,2025-08-01 09:00:00,2025-08-01 09:00:00,DK1,84.099998,627.629875,energidataservice_csv,1,,2026-07-12 14:53:35
3406,2025-08-01 09:00:00,2025-08-01 09:00:00,DK2,84.099998,627.629875,energidataservice_csv,1,,2026-07-12 14:53:35
3403,2025-08-01 10:00:00,2025-08-01 10:00:00,DK1,77.050003,575.016467,energidataservice_csv,1,,2026-07-12 14:53:35
3404,2025-08-01 10:00:00,2025-08-01 10:00:00,DK2,77.050003,575.016467,energidataservice_csv,1,,2026-07-12 14:53:35
3401,2025-08-01 11:00:00,2025-08-01 11:00:00,DK1,61.970001,462.47592,energidataservice_csv,1,,2026-07-12 14:53:35
3402,2025-08-01 11:00:00,2025-08-01 11:00:00,DK2,61.970001,462.47592,energidataservice_csv,1,,2026-07-12 14:53:35
3399,2025-08-01 12:00:00,2025-08-01 12:00:00,DK1,49.060001,366.129881,energidataservice_csv,1,,2026-07-12 14:53:35
3400,2025-08-01 12:00:00,2025-08-01 12:00:00,DK2,49.060001,366.129881,energidataservice_csv,1,,2026-07-12 14:53:35
3397,2025-08-01 13:00:00,2025-08-01 13:00:00,DK1,49.099998,366.428375,energidataservice_csv,1,,2026-07-12 14:53:35
3398,2025-08-01 13:00:00,2025-08-01 13:00:00,DK2,49.099998,366.428375,energidataservice_csv,1,,2026-07-12 14:53:35
3395,2025-08-01 14:00:00,2025-08-01 14:00:00,DK1,69.93,521.880597,energidataservice_csv,1,,2026-07-12 14:53:35
3396,2025-08-01 14:00:00,2025-08-01 14:00:00,DK2,69.93,521.880597,energidataservice_csv,1,,2026-07-12 14:53:35
3393,2025-08-01 15:00:00,2025-08-01 15:00:00,DK1,83.589996,623.823781,energidataservice_csv,1,,2026-07-12 14:53:35
3394,2025-08-01 15:00:00,2025-08-01 15:00:00,DK2,83.589996,623.823781,energidataservice_csv,1,,2026-07-12 14:53:35
3391,2025-08-01 16:00:00,2025-08-01 16:00:00,DK1,96.449997,719.796683,energidataservice_csv,1,,2026-07-12 14:53:35
3392,2025-08-01 16:00:00,2025-08-01 16:00:00,DK2,96.449997,719.796683,energidataservice_csv,1,,2026-07-12 14:53:35
3389,2025-08-01 17:00:00,2025-08-01 17:00:00,DK1,109.510002,817.262194,energidataservice_csv,1,,2026-07-12 14:53:35
3390,2025-08-01 17:00:00,2025-08-01 17:00:00,DK2,109.510002,817.262194,energidataservice_csv,1,,2026-07-12 14:53:35
3387,2025-08-01 18:00:00,2025-08-01 18:00:00,DK1,119.230003,889.801589,energidataservice_csv,1,,2026-07-12 14:53:35
3388,2025-08-01 18:00:00,2025-08-01 18:00:00,DK2,119.230003,889.801589,energidataservice_csv,1,,2026-07-12 14:53:35
3385,2025-08-01 19:00:00,2025-08-01 19:00:00,DK1,117.510002,876.965394,energidataservice_csv,1,,2026-07-12 14:53:35
3386,2025-08-01 19:00:00,2025-08-01 19:00:00,DK2,117.519997,877.039986,energidataservice_csv,1,,2026-07-12 14:53:35
3383,2025-08-01 20:00:00,2025-08-01 20:00:00,DK1,110.720001,826.292295,energidataservice_csv,1,,2026-07-12 14:53:35
3384,2025-08-01 20:00:00,2025-08-01 20:00:00,DK2,110.720001,826.292295,energidataservice_csv,1,,2026-07-12 14:53:35
3381,2025-08-01 21:00:00,2025-08-01 21:00:00,DK1,102.730003,766.663739,energidataservice_csv,1,,2026-07-12 14:53:35
3382,2025-08-01 21:00:00,2025-08-01 21:00:00,DK2,102.739998,766.738331,energidataservice_csv,1,,2026-07-12 14:53:35
3379,2025-08-01 22:00:00,2025-08-01 22:00:00,DK1,104.470001,779.64917,energidataservice_csv,1,,2026-07-12 14:53:35
3380,2025-08-01 22:00:00,2025-08-01 22:00:00,DK2,104.470001,779.64917,energidataservice_csv,1,,2026-07-12 14:53:35
3377,2025-08-01 23:00:00,2025-08-01 23:00:00,DK1,100.32,748.678128,energidataservice_csv,1,,2026-07-12 14:53:35
3378,2025-08-01 23:00:00,2025-08-01 23:00:00,DK2,100.32,748.678128,energidataservice_csv,1,,2026-07-12 14:53:35
3375,2025-08-02 00:00:00,2025-08-02 00:00:00,DK1,97.790001,729.796998,energidataservice_csv,1,,2026-07-12 14:53:35
3376,2025-08-02 00:00:00,2025-08-02 00:00:00,DK2,97.790001,729.796998,energidataservice_csv,1,,2026-07-12 14:53:35
3373,2025-08-02 01:00:00,2025-08-02 01:00:00,DK1,92.160004,687.780894,energidataservice_csv,1,,2026-07-12 14:53:35
3374,2025-08-02 01:00:00,2025-08-02 01:00:00,DK2,92.160004,687.780894,energidataservice_csv,1,,2026-07-12 14:53:35
3371,2025-08-02 02:00:00,2025-08-02 02:00:00,DK1,91.290001,681.288148,energidataservice_csv,1,,2026-07-12 14:53:35
3372,2025-08-02 02:00:00,2025-08-02 02:00:00,DK2,91.290001,681.288148,energidataservice_csv,1,,2026-07-12 14:53:35
3369,2025-08-02 03:00:00,2025-08-02 03:00:00,DK1,90.769997,677.407411,energidataservice_csv,1,,2026-07-12 14:53:35
3370,2025-08-02 03:00:00,2025-08-02 03:00:00,DK2,90.769997,677.407411,energidataservice_csv,1,,2026-07-12 14:53:35
3367,2025-08-02 04:00:00,2025-08-02 04:00:00,DK1,89.669998,669.198228,energidataservice_csv,1,,2026-07-12 14:53:35
3368,2025-08-02 04:00:00,2025-08-02 04:00:00,DK2,89.669998,669.198228,energidataservice_csv,1,,2026-07-12 14:53:35
3365,2025-08-02 05:00:00,2025-08-02 05:00:00,DK1,84.699997,632.107608,energidataservice_csv,1,,2026-07-12 14:53:35
3366,2025-08-02 05:00:00,2025-08-02 05:00:00,DK2,84.699997,632.107608,energidataservice_csv,1,,2026-07-12 14:53:35
3363,2025-08-02 06:00:00,2025-08-02 06:00:00,DK1,78.400002,585.091375,energidataservice_csv,1,,2026-07-12 14:53:35
3364,2025-08-02 06:00:00,2025-08-02 06:00:00,DK2,78.400002,585.091375,energidataservice_csv,1,,2026-07-12 14:53:35
3361,2025-08-02 07:00:00,2025-08-02 07:00:00,DK1,65.68,490.163272,energidataservice_csv,1,,2026-07-12 14:53:35
3362,2025-08-02 07:00:00,2025-08-02 07:00:00,DK2,65.690002,490.237916,energidataservice_csv,1,,2026-07-12 14:53:35
3359,2025-08-02 08:00:00,2025-08-02 08:00:00,DK1,31.09,232.021561,energidataservice_csv,1,,2026-07-12 14:53:35
3360,2025-08-02 08:00:00,2025-08-02 08:00:00,DK2,31.09,232.021561,energidataservice_csv,1,,2026-07-12 14:53:35
3357,2025-08-02 09:00:00,2025-08-02 09:00:00,DK1,5.68,42.389272,energidataservice_csv,1,,2026-07-12 14:53:35
3358,2025-08-02 09:00:00,2025-08-02 09:00:00,DK2,5.68,42.389272,energidataservice_csv,1,,2026-07-12 14:53:35
3355,2025-08-02 10:00:00,2025-08-02 10:00:00,DK1,2.95,22.015555,energidataservice_csv,1,,2026-07-12 14:53:35
3356,2025-08-02 10:00:00,2025-08-02 10:00:00,DK2,3.59,26.791811,energidataservice_csv,1,,2026-07-12 14:53:35
3353,2025-08-02 11:00:00,2025-08-02 11:00:00,DK1,1.34,10.000286,energidataservice_csv,1,,2026-07-12 14:53:35
3354,2025-08-02 11:00:00,2025-08-02 11:00:00,DK2,2.87,21.418523,energidataservice_csv,1,,2026-07-12 14:53:35
3351,2025-08-02 12:00:00,2025-08-02 12:00:00,DK1,0.22,1.641838,energidataservice_csv,1,,2026-07-12 14:53:35
3352,2025-08-02 12:00:00,2025-08-02 12:00:00,DK2,3.51,26.194779,energidataservice_csv,1,,2026-07-12 14:53:35
3349,2025-08-02 13:00:00,2025-08-02 13:00:00,DK1,0.24,1.791096,energidataservice_csv,1,,2026-07-12 14:53:35
3350,2025-08-02 13:00:00,2025-08-02 13:00:00,DK2,3.56,26.567924,energidataservice_csv,1,,2026-07-12 14:53:35
3347,2025-08-02 14:00:00,2025-08-02 14:00:00,DK1,5.3,39.55337,energidataservice_csv,1,,2026-07-12 14:53:35
3348,2025-08-02 14:00:00,2025-08-02 14:00:00,DK2,5.3,39.55337,energidataservice_csv,1,,2026-07-12 14:53:35
3345,2025-08-02 15:00:00,2025-08-02 15:00:00,DK1,60.689999,452.923394,energidataservice_csv,1,,2026-07-12 14:53:35
3346,2025-08-02 15:00:00,2025-08-02 15:00:00,DK2,60.689999,452.923394,energidataservice_csv,1,,2026-07-12 14:53:35
3343,2025-08-02 16:00:00,2025-08-02 16:00:00,DK1,91.32,681.512028,energidataservice_csv,1,,2026-07-12 14:53:35
3344,2025-08-02 16:00:00,2025-08-02 16:00:00,DK2,91.300003,681.362792,energidataservice_csv,1,,2026-07-12 14:53:35
3341,2025-08-02 17:00:00,2025-08-02 17:00:00,DK1,102.0,761.2158,energidataservice_csv,1,,2026-07-12 14:53:35
3342,2025-08-02 17:00:00,2025-08-02 17:00:00,DK2,101.970001,760.99192,energidataservice_csv,1,,2026-07-12 14:53:35
3339,2025-08-02 18:00:00,2025-08-02 18:00:00,DK1,109.489998,817.112906,energidataservice_csv,1,,2026-07-12 14:53:35
3340,2025-08-02 18:00:00,2025-08-02 18:00:00,DK2,109.449997,816.814383,energidataservice_csv,1,,2026-07-12 14:53:35
3337,2025-08-02 19:00:00,2025-08-02 19:00:00,DK1,108.419998,809.127603,energidataservice_csv,1,,2026-07-12 14:53:35
3338,2025-08-02 19:00:00,2025-08-02 19:00:00,DK2,108.389999,808.903724,energidataservice_csv,1,,2026-07-12 14:53:35
3335,2025-08-02 20:00:00,2025-08-02 20:00:00,DK1,104.339996,778.678956,energidataservice_csv,1,,2026-07-12 14:53:35
3336,2025-08-02 20:00:00,2025-08-02 20:00:00,DK2,104.32,778.529728,energidataservice_csv,1,,2026-07-12 14:53:35
3333,2025-08-02 21:00:00,2025-08-02 21:00:00,DK1,95.0,708.9755,energidataservice_csv,1,,2026-07-12 14:53:35
3334,2025-08-02 21:00:00,2025-08-02 21:00:00,DK2,94.989998,708.900856,energidataservice_csv,1,,2026-07-12 14:53:35
3331,2025-08-02 22:00:00,2025-08-02 22:00:00,DK1,85.089996,635.018131,energidataservice_csv,1,,2026-07-12 14:53:35
3332,2025-08-02 22:00:00,2025-08-02 22:00:00,DK2,85.089996,635.018131,energidataservice_csv,1,,2026-07-12 14:53:35
3329,2025-08-02 23:00:00,2025-08-02 23:00:00,DK1,77.519997,578.523986,energidataservice_csv,1,,2026-07-12 14:53:35
3330,2025-08-02 23:00:00,2025-08-02 23:00:00,DK2,77.519997,578.523986,energidataservice_csv,1,,2026-07-12 14:53:35
3327,2025-08-03 00:00:00,2025-08-03 00:00:00,DK1,71.419998,533.000303,energidataservice_csv,1,,2026-07-12 14:53:35
3328,2025-08-03 00:00:00,2025-08-03 00:00:00,DK2,72.010002,537.403444,energidataservice_csv,1,,2026-07-12 14:53:35
3325,2025-08-03 01:00:00,2025-08-03 01:00:00,DK1,67.519997,503.894986,energidataservice_csv,1,,2026-07-12 14:53:35
3326,2025-08-03 01:00:00,2025-08-03 01:00:00,DK2,67.519997,503.894986,energidataservice_csv,1,,2026-07-12 14:53:35
3323,2025-08-03 02:00:00,2025-08-03 02:00:00,DK1,62.720001,468.073095,energidataservice_csv,1,,2026-07-12 14:53:35
3324,2025-08-03 02:00:00,2025-08-03 02:00:00,DK2,62.720001,468.073095,energidataservice_csv,1,,2026-07-12 14:53:35
3321,2025-08-03 03:00:00,2025-08-03 03:00:00,DK1,59.98,447.624742,energidataservice_csv,1,,2026-07-12 14:53:35
3322,2025-08-03 03:00:00,2025-08-03 03:00:00,DK2,59.98,447.624742,energidataservice_csv,1,,2026-07-12 14:53:35
3319,2025-08-03 04:00:00,2025-08-03 04:00:00,DK1,46.799999,349.263713,energidataservice_csv,1,,2026-07-12 14:53:35
3320,2025-08-03 04:00:00,2025-08-03 04:00:00,DK2,46.799999,349.263713,energidataservice_csv,1,,2026-07-12 14:53:35
3317,2025-08-03 05:00:00,2025-08-03 05:00:00,DK1,26.0,194.0354,energidataservice_csv,1,,2026-07-12 14:53:35
3318,2025-08-03 05:00:00,2025-08-03 05:00:00,DK2,26.0,194.0354,energidataservice_csv,1,,2026-07-12 14:53:35
3315,2025-08-03 06:00:00,2025-08-03 06:00:00,DK1,6.16,45.971464,energidataservice_csv,1,,2026-07-12 14:53:35
3316,2025-08-03 06:00:00,2025-08-03 06:00:00,DK2,4.19,31.269551,energidataservice_csv,1,,2026-07-12 14:53:35
3313,2025-08-03 07:00:00,2025-08-03 07:00:00,DK1,0.0,0.0,energidataservice_csv,1,,2026-07-12 14:53:35
3314,2025-08-03 07:00:00,2025-08-03 07:00:00,DK2,1.97,14.701913,energidataservice_csv,1,,2026-07-12 14:53:35
3311,2025-08-03 08:00:00,2025-08-03 08:00:00,DK1,-0.27,-2.014983,energidataservice_csv,1,,2026-07-12 14:53:35
3312,2025-08-03 08:00:00,2025-08-03 08:00:00,DK2,0.0,0.0,energidataservice_csv,1,,2026-07-12 14:53:35
3309,2025-08-03 09:00:00,2025-08-03 09:00:00,DK1,-1.2,-8.95548,energidataservice_csv,1,,2026-07-12 14:53:35
3310,2025-08-03 09:00:00,2025-08-03 09:00:00,DK2,-0.59,-4.403111,energidataservice_csv,1,,2026-07-12 14:53:35
3307,2025-08-03 10:00:00,2025-08-03 10:00:00,DK1,-1.39,-10.373431,energidataservice_csv,1,,2026-07-12 14:53:35
3308,2025-08-03 10:00:00,2025-08-03 10:00:00,DK2,-0.19,-1.417951,energidataservice_csv,1,,2026-07-12 14:53:35
3305,2025-08-03 11:00:00,2025-08-03 11:00:00,DK1,-6.6,-49.25514,energidataservice_csv,1,,2026-07-12 14:53:35
3306,2025-08-03 11:00:00,2025-08-03 11:00:00,DK2,-2.43,-18.134847,energidataservice_csv,1,,2026-07-12 14:53:35
3303,2025-08-03 12:00:00,2025-08-03 12:00:00,DK1,-8.51,-63.509279,energidataservice_csv,1,,2026-07-12 14:53:35
3304,2025-08-03 12:00:00,2025-08-03 12:00:00,DK2,-3.02,-22.537958,energidataservice_csv,1,,2026-07-12 14:53:35
3301,2025-08-03 13:00:00,2025-08-03 13:00:00,DK1,-3.54,-26.418666,energidataservice_csv,1,,2026-07-12 14:53:35
3302,2025-08-03 13:00:00,2025-08-03 13:00:00,DK2,0.0,0.0,energidataservice_csv,1,,2026-07-12 14:53:35
3299,2025-08-03 14:00:00,2025-08-03 14:00:00,DK1,-0.77,-5.746433,energidataservice_csv,1,,2026-07-12 14:53:35
3300,2025-08-03 14:00:00,2025-08-03 14:00:00,DK2,1.98,14.776542,energidataservice_csv,1,,2026-07-12 14:53:35
3297,2025-08-03 15:00:00,2025-08-03 15:00:00,DK1,3.61,26.941069,energidataservice_csv,1,,2026-07-12 14:53:35
3298,2025-08-03 15:00:00,2025-08-03 15:00:00,DK2,3.6,26.86644,energidataservice_csv,1,,2026-07-12 14:53:35
3295,2025-08-03 16:00:00,2025-08-03 16:00:00,DK1,71.129997,530.836055,energidataservice_csv,1,,2026-07-12 14:53:35
3296,2025-08-03 16:00:00,2025-08-03 16:00:00,DK2,69.419998,518.074503,energidataservice_csv,1,,2026-07-12 14:53:35
3293,2025-08-03 17:00:00,2025-08-03 17:00:00,DK1,88.129997,657.705355,energidataservice_csv,1,,2026-07-12 14:53:35
3294,2025-08-03 17:00:00,2025-08-03 17:00:00,DK2,77.809998,580.688234,energidataservice_csv,1,,2026-07-12 14:53:35
3291,2025-08-03 18:00:00,2025-08-03 18:00:00,DK1,97.870003,730.394045,energidataservice_csv,1,,2026-07-12 14:53:35
3292,2025-08-03 18:00:00,2025-08-03 18:00:00,DK2,81.360001,607.181551,energidataservice_csv,1,,2026-07-12 14:53:35
3289,2025-08-03 19:00:00,2025-08-03 19:00:00,DK1,95.989998,716.363756,energidataservice_csv,1,,2026-07-12 14:53:35
3290,2025-08-03 19:00:00,2025-08-03 19:00:00,DK2,95.989998,716.363756,energidataservice_csv,1,,2026-07-12 14:53:35
3287,2025-08-03 20:00:00,2025-08-03 20:00:00,DK1,97.300003,726.140192,energidataservice_csv,1,,2026-07-12 14:53:35
3288,2025-08-03 20:00:00,2025-08-03 20:00:00,DK2,97.300003,726.140192,energidataservice_csv,1,,2026-07-12 14:53:35
3285,2025-08-03 21:00:00,2025-08-03 21:00:00,DK1,85.089996,635.018131,energidataservice_csv,1,,2026-07-12 14:53:35
3286,2025-08-03 21:00:00,2025-08-03 21:00:00,DK2,73.68,549.866472,energidataservice_csv,1,,2026-07-12 14:53:35
3283,2025-08-03 22:00:00,2025-08-03 22:00:00,DK1,81.050003,604.859962,energidataservice_csv,1,,2026-07-12 14:53:35
3284,2025-08-03 22:00:00,2025-08-03 22:00:00,DK2,70.43,525.605004,energidataservice_csv,1,,2026-07-12 14:53:35
3281,2025-08-03 23:00:00,2025-08-03 23:00:00,DK1,70.07,522.918396,energidataservice_csv,1,,2026-07-12 14:53:35
3282,2025-08-03 23:00:00,2025-08-03 23:00:00,DK2,68.389999,510.380885,energidataservice_csv,1,,2026-07-12 14:53:35
3279,2025-08-04 00:00:00,2025-08-04 00:00:00,DK1,69.970001,522.172123,energidataservice_csv,1,,2026-07-12 14:53:35
3280,2025-08-04 00:00:00,2025-08-04 00:00:00,DK2,64.040001,477.917719,energidataservice_csv,1,,2026-07-12 14:53:35
3277,2025-08-04 01:00:00,2025-08-04 01:00:00,DK1,70.620003,527.022958,energidataservice_csv,1,,2026-07-12 14:53:35
3278,2025-08-04 01:00:00,2025-08-04 01:00:00,DK2,69.190002,516.351147,energidataservice_csv,1,,2026-07-12 14:53:35
3275,2025-08-04 02:00:00,2025-08-04 02:00:00,DK1,74.029999,552.471077,energidataservice_csv,1,,2026-07-12 14:53:35
3276,2025-08-04 02:00:00,2025-08-04 02:00:00,DK2,64.540001,481.649119,energidataservice_csv,1,,2026-07-12 14:53:35
3273,2025-08-04 03:00:00,2025-08-04 03:00:00,DK1,82.940002,618.964647,energidataservice_csv,1,,2026-07-12 14:53:35
3274,2025-08-04 03:00:00,2025-08-04 03:00:00,DK2,82.940002,618.964647,energidataservice_csv,1,,2026-07-12 14:53:35
3271,2025-08-04 04:00:00,2025-08-04 04:00:00,DK1,89.830002,670.383339,energidataservice_csv,1,,2026-07-12 14:53:35
3272,2025-08-04 04:00:00,2025-08-04 04:00:00,DK2,89.82,670.308696,energidataservice_csv,1,,2026-07-12 14:53:35
3269,2025-08-04 05:00:00,2025-08-04 05:00:00,DK1,101.959999,760.907081,energidataservice_csv,1,,2026-07-12 14:53:35
3270,2025-08-04 05:00:00,2025-08-04 05:00:00,DK2,101.940002,760.757847,energidataservice_csv,1,,2026-07-12 14:53:35
3267,2025-08-04 06:00:00,2025-08-04 06:00:00,DK1,101.440002,757.026447,energidataservice_csv,1,,2026-07-12 14:53:35
3268,2025-08-04 06:00:00,2025-08-04 06:00:00,DK2,101.419998,756.877161,energidataservice_csv,1,,2026-07-12 14:53:35
3265,2025-08-04 07:00:00,2025-08-04 07:00:00,DK1,97.040001,724.190119,energidataservice_csv,1,,2026-07-12 14:53:35
3266,2025-08-04 07:00:00,2025-08-04 07:00:00,DK2,97.010002,723.966243,energidataservice_csv,1,,2026-07-12 14:53:35
3263,2025-08-04 08:00:00,2025-08-04 08:00:00,DK1,77.900002,581.352135,energidataservice_csv,1,,2026-07-12 14:53:35
3264,2025-08-04 08:00:00,2025-08-04 08:00:00,DK2,77.900002,581.352135,energidataservice_csv,1,,2026-07-12 14:53:35
3261,2025-08-04 09:00:00,2025-08-04 09:00:00,DK1,50.0,373.14,energidataservice_csv,1,,2026-07-12 14:53:35
3262,2025-08-04 09:00:00,2025-08-04 09:00:00,DK2,54.52,406.871856,energidataservice_csv,1,,2026-07-12 14:53:35
3259,2025-08-04 10:00:00,2025-08-04 10:00:00,DK1,13.74,102.538872,energidataservice_csv,1,,2026-07-12 14:53:35
3260,2025-08-04 10:00:00,2025-08-04 10:00:00,DK2,14.64,109.255392,energidataservice_csv,1,,2026-07-12 14:53:35
3257,2025-08-04 11:00:00,2025-08-04 11:00:00,DK1,4.05,30.22434,energidataservice_csv,1,,2026-07-12 14:53:35
3258,2025-08-04 11:00:00,2025-08-04 11:00:00,DK2,4.15,30.97062,energidataservice_csv,1,,2026-07-12 14:53:35
3255,2025-08-04 12:00:00,2025-08-04 12:00:00,DK1,0.72,5.373216,energidataservice_csv,1,,2026-07-12 14:53:35
3256,2025-08-04 12:00:00,2025-08-04 12:00:00,DK2,2.34,17.462952,energidataservice_csv,1,,2026-07-12 14:53:35
3253,2025-08-04 13:00:00,2025-08-04 13:00:00,DK1,0.02,0.149256,energidataservice_csv,1,,2026-07-12 14:53:35
3254,2025-08-04 13:00:00,2025-08-04 13:00:00,DK2,4.16,31.045248,energidataservice_csv,1,,2026-07-12 14:53:35
3251,2025-08-04 14:00:00,2025-08-04 14:00:00,DK1,11.19,83.508732,energidataservice_csv,1,,2026-07-12 14:53:35
3252,2025-08-04 14:00:00,2025-08-04 14:00:00,DK2,17.51,130.673628,energidataservice_csv,1,,2026-07-12 14:53:35
3249,2025-08-04 15:00:00,2025-08-04 15:00:00,DK1,31.190001,232.764739,energidataservice_csv,1,,2026-07-12 14:53:35
3250,2025-08-04 15:00:00,2025-08-04 15:00:00,DK2,67.169998,501.276261,energidataservice_csv,1,,2026-07-12 14:53:35
3247,2025-08-04 16:00:00,2025-08-04 16:00:00,DK1,28.360001,211.645015,energidataservice_csv,1,,2026-07-12 14:53:35
3248,2025-08-04 16:00:00,2025-08-04 16:00:00,DK2,80.800003,602.994262,energidataservice_csv,1,,2026-07-12 14:53:35
3245,2025-08-04 17:00:00,2025-08-04 17:00:00,DK1,57.630001,430.081171,energidataservice_csv,1,,2026-07-12 14:53:35
3246,2025-08-04 17:00:00,2025-08-04 17:00:00,DK2,84.389999,629.785685,energidataservice_csv,1,,2026-07-12 14:53:35
3243,2025-08-04 18:00:00,2025-08-04 18:00:00,DK1,17.65,131.71842,energidataservice_csv,1,,2026-07-12 14:53:35
3244,2025-08-04 18:00:00,2025-08-04 18:00:00,DK2,80.18,598.367304,energidataservice_csv,1,,2026-07-12 14:53:35
3241,2025-08-04 19:00:00,2025-08-04 19:00:00,DK1,3.64,27.164592,energidataservice_csv,1,,2026-07-12 14:53:35
3242,2025-08-04 19:00:00,2025-08-04 19:00:00,DK2,72.559998,541.500753,energidataservice_csv,1,,2026-07-12 14:53:35
3239,2025-08-04 20:00:00,2025-08-04 20:00:00,DK1,0.0,0.0,energidataservice_csv,1,,2026-07-12 14:53:35
3240,2025-08-04 20:00:00,2025-08-04 20:00:00,DK2,29.67,221.421276,energidataservice_csv,1,,2026-07-12 14:53:35
3237,2025-08-04 21:00:00,2025-08-04 21:00:00,DK1,2.34,17.462952,energidataservice_csv,1,,2026-07-12 14:53:35
3238,2025-08-04 21:00:00,2025-08-04 21:00:00,DK2,3.56,26.567568,energidataservice_csv,1,,2026-07-12 14:53:35
3235,2025-08-04 22:00:00,2025-08-04 22:00:00,DK1,2.51,18.732632,energidataservice_csv,1,,2026-07-12 14:53:35
3236,2025-08-04 22:00:00,2025-08-04 22:00:00,DK2,3.04,22.688128,energidataservice_csv,1,,2026-07-12 14:53:35
3233,2025-08-04 23:00:00,2025-08-04 23:00:00,DK1,2.36,17.613152,energidataservice_csv,1,,2026-07-12 14:53:35
3234,2025-08-04 23:00:00,2025-08-04 23:00:00,DK2,3.52,26.270464,energidataservice_csv,1,,2026-07-12 14:53:35
3231,2025-08-05 00:00:00,2025-08-05 00:00:00,DK1,1.79,13.359128,energidataservice_csv,1,,2026-07-12 14:53:35
3232,2025-08-05 00:00:00,2025-08-05 00:00:00,DK2,3.53,26.345096,energidataservice_csv,1,,2026-07-12 14:53:35
3229,2025-08-05 01:00:00,2025-08-05 01:00:00,DK1,0.0,0.0,energidataservice_csv,1,,2026-07-12 14:53:35
3230,2025-08-05 01:00:00,2025-08-05 01:00:00,DK2,3.53,26.345096,energidataservice_csv,1,,2026-07-12 14:53:35
3227,2025-08-05 02:00:00,2025-08-05 02:00:00,DK1,-0.05,-0.37316,energidataservice_csv,1,,2026-07-12 14:53:35
3228,2025-08-05 02:00:00,2025-08-05 02:00:00,DK2,3.53,26.345096,energidataservice_csv,1,,2026-07-12 14:53:35
3225,2025-08-05 03:00:00,2025-08-05 03:00:00,DK1,-0.04,-0.298528,energidataservice_csv,1,,2026-07-12 14:53:35
3226,2025-08-05 03:00:00,2025-08-05 03:00:00,DK2,3.56,26.568992,energidataservice_csv,1,,2026-07-12 14:53:35
3223,2025-08-05 04:00:00,2025-08-05 04:00:00,DK1,1.7,12.68744,energidataservice_csv,1,,2026-07-12 14:53:35
3224,2025-08-05 04:00:00,2025-08-05 04:00:00,DK2,3.83,28.584056,energidataservice_csv,1,,2026-07-12 14:53:35
3221,2025-08-05 05:00:00,2025-08-05 05:00:00,DK1,2.32,17.314624,energidataservice_csv,1,,2026-07-12 14:53:35
3222,2025-08-05 05:00:00,2025-08-05 05:00:00,DK2,60.25,449.6578,energidataservice_csv,1,,2026-07-12 14:53:35
3219,2025-08-05 06:00:00,2025-08-05 06:00:00,DK1,2.01,15.001032,energidataservice_csv,1,,2026-07-12 14:53:35
3220,2025-08-05 06:00:00,2025-08-05 06:00:00,DK2,47.029999,350.994289,energidataservice_csv,1,,2026-07-12 14:53:35
3217,2025-08-05 07:00:00,2025-08-05 07:00:00,DK1,-0.07,-0.522424,energidataservice_csv,1,,2026-07-12 14:53:35
3218,2025-08-05 07:00:00,2025-08-05 07:00:00,DK2,3.38,25.225616,energidataservice_csv,1,,2026-07-12 14:53:35
3215,2025-08-05 08:00:00,2025-08-05 08:00:00,DK1,-0.21,-1.567272,energidataservice_csv,1,,2026-07-12 14:53:35
3216,2025-08-05 08:00:00,2025-08-05 08:00:00,DK2,-0.02,-0.149264,energidataservice_csv,1,,2026-07-12 14:53:35
3213,2025-08-05 09:00:00,2025-08-05 09:00:00,DK1,-2.01,-15.001032,energidataservice_csv,1,,2026-07-12 14:53:35
3214,2025-08-05 09:00:00,2025-08-05 09:00:00,DK2,-1.16,-8.657312,energidataservice_csv,1,,2026-07-12 14:53:35
3211,2025-08-05 10:00:00,2025-08-05 10:00:00,DK1,-4.94,-36.868208,energidataservice_csv,1,,2026-07-12 14:53:35
3212,2025-08-05 10:00:00,2025-08-05 10:00:00,DK2,-3.36,-25.076352,energidataservice_csv,1,,2026-07-12 14:53:35
3209,2025-08-05 11:00:00,2025-08-05 11:00:00,DK1,-9.31,-69.482392,energidataservice_csv,1,,2026-07-12 14:53:35
3210,2025-08-05 11:00:00,2025-08-05 11:00:00,DK2,-5.46,-40.749072,energidataservice_csv,1,,2026-07-12 14:53:35
3207,2025-08-05 12:00:00,2025-08-05 12:00:00,DK1,-11.65,-86.94628,energidataservice_csv,1,,2026-07-12 14:53:35
3208,2025-08-05 12:00:00,2025-08-05 12:00:00,DK2,-6.62,-49.406384,energidataservice_csv,1,,2026-07-12 14:53:35
3205,2025-08-05 13:00:00,2025-08-05 13:00:00,DK1,-9.77,-72.915464,energidataservice_csv,1,,2026-07-12 14:53:35
3206,2025-08-05 13:00:00,2025-08-05 13:00:00,DK2,-5.57,-41.570024,energidataservice_csv,1,,2026-07-12 14:53:35
3203,2025-08-05 14:00:00,2025-08-05 14:00:00,DK1,-4.97,-37.092104,energidataservice_csv,1,,2026-07-12 14:53:35
3204,2025-08-05 14:00:00,2025-08-05 14:00:00,DK2,-2.27,-16.941464,energidataservice_csv,1,,2026-07-12 14:53:35
3201,2025-08-05 15:00:00,2025-08-05 15:00:00,DK1,-0.52,-3.880864,energidataservice_csv,1,,2026-07-12 14:53:35
3202,2025-08-05 15:00:00,2025-08-05 15:00:00,DK2,0.35,2.61212,energidataservice_csv,1,,2026-07-12 14:53:35
3199,2025-08-05 16:00:00,2025-08-05 16:00:00,DK1,1.07,7.985624,energidataservice_csv,1,,2026-07-12 14:53:35
3200,2025-08-05 16:00:00,2025-08-05 16:00:00,DK2,1.71,12.762072,energidataservice_csv,1,,2026-07-12 14:53:35
3197,2025-08-05 17:00:00,2025-08-05 17:00:00,DK1,2.51,18.732632,energidataservice_csv,1,,2026-07-12 14:53:35
3198,2025-08-05 17:00:00,2025-08-05 17:00:00,DK2,5.58,41.644656,energidataservice_csv,1,,2026-07-12 14:53:35
3195,2025-08-05 18:00:00,2025-08-05 18:00:00,DK1,6.84,51.048288,energidataservice_csv,1,,2026-07-12 14:53:35
3196,2025-08-05 18:00:00,2025-08-05 18:00:00,DK2,3.58,26.718256,energidataservice_csv,1,,2026-07-12 14:53:35
3193,2025-08-05 19:00:00,2025-08-05 19:00:00,DK1,3.89,29.031848,energidataservice_csv,1,,2026-07-12 14:53:35
3194,2025-08-05 19:00:00,2025-08-05 19:00:00,DK2,3.58,26.718256,energidataservice_csv,1,,2026-07-12 14:53:35
3191,2025-08-05 20:00:00,2025-08-05 20:00:00,DK1,3.65,27.24068,energidataservice_csv,1,,2026-07-12 14:53:35
3192,2025-08-05 20:00:00,2025-08-05 20:00:00,DK2,3.55,26.49436,energidataservice_csv,1,,2026-07-12 14:53:35
3189,2025-08-05 21:00:00,2025-08-05 21:00:00,DK1,10.76,80.304032,energidataservice_csv,1,,2026-07-12 14:53:35
3190,2025-08-05 21:00:00,2025-08-05 21:00:00,DK2,3.54,26.419728,energidataservice_csv,1,,2026-07-12 14:53:35
3187,2025-08-05 22:00:00,2025-08-05 22:00:00,DK1,2.54,18.954242,energidataservice_csv,1,,2026-07-12 14:53:35
3188,2025-08-05 22:00:00,2025-08-05 22:00:00,DK2,3.56,26.565788,energidataservice_csv,1,,2026-07-12 14:53:35
3185,2025-08-05 23:00:00,2025-08-05 23:00:00,DK1,3.61,26.938903,energidataservice_csv,1,,2026-07-12 14:53:35
3186,2025-08-05 23:00:00,2025-08-05 23:00:00,DK2,3.55,26.491165,energidataservice_csv,1,,2026-07-12 14:53:35
3183,2025-08-06 00:00:00,2025-08-06 00:00:00,DK1,3.67,27.386641,energidataservice_csv,1,,2026-07-12 14:53:35
3184,2025-08-06 00:00:00,2025-08-06 00:00:00,DK2,3.54,26.416542,energidataservice_csv,1,,2026-07-12 14:53:35
3181,2025-08-06 01:00:00,2025-08-06 01:00:00,DK1,3.6,26.86428,energidataservice_csv,1,,2026-07-12 14:53:35
3182,2025-08-06 01:00:00,2025-08-06 01:00:00,DK2,3.54,26.416542,energidataservice_csv,1,,2026-07-12 14:53:35
3179,2025-08-06 02:00:00,2025-08-06 02:00:00,DK1,4.28,31.938644,energidataservice_csv,1,,2026-07-12 14:53:35
3180,2025-08-06 02:00:00,2025-08-06 02:00:00,DK2,3.54,26.416542,energidataservice_csv,1,,2026-07-12 14:53:35
3177,2025-08-06 03:00:00,2025-08-06 03:00:00,DK1,3.9,29.10297,energidataservice_csv,1,,2026-07-12 14:53:35
3178,2025-08-06 03:00:00,2025-08-06 03:00:00,DK2,3.56,26.565788,energidataservice_csv,1,,2026-07-12 14:53:35
3175,2025-08-06 04:00:00,2025-08-06 04:00:00,DK1,3.34,24.924082,energidataservice_csv,1,,2026-07-12 14:53:35
3176,2025-08-06 04:00:00,2025-08-06 04:00:00,DK2,3.59,26.789657,energidataservice_csv,1,,2026-07-12 14:53:35
3173,2025-08-06 05:00:00,2025-08-06 05:00:00,DK1,3.89,29.028347,energidataservice_csv,1,,2026-07-12 14:53:35
3174,2025-08-06 05:00:00,2025-08-06 05:00:00,DK2,10.67,79.622741,energidataservice_csv,1,,2026-07-12 14:53:35
3171,2025-08-06 06:00:00,2025-08-06 06:00:00,DK1,12.46,92.980258,energidataservice_csv,1,,2026-07-12 14:53:35
3172,2025-08-06 06:00:00,2025-08-06 06:00:00,DK2,30.16,225.062968,energidataservice_csv,1,,2026-07-12 14:53:35
3169,2025-08-06 07:00:00,2025-08-06 07:00:00,DK1,2.09,15.596207,energidataservice_csv,1,,2026-07-12 14:53:35
3170,2025-08-06 07:00:00,2025-08-06 07:00:00,DK2,7.57,56.489611,energidataservice_csv,1,,2026-07-12 14:53:35
3167,2025-08-06 08:00:00,2025-08-06 08:00:00,DK1,-0.01,-0.074623,energidataservice_csv,1,,2026-07-12 14:53:35
3168,2025-08-06 08:00:00,2025-08-06 08:00:00,DK2,0.67,4.999741,energidataservice_csv,1,,2026-07-12 14:53:35
3165,2025-08-06 09:00:00,2025-08-06 09:00:00,DK1,-1.57,-11.715811,energidataservice_csv,1,,2026-07-12 14:53:35
3166,2025-08-06 09:00:00,2025-08-06 09:00:00,DK2,-1.01,-7.536923,energidataservice_csv,1,,2026-07-12 14:53:35
3163,2025-08-06 10:00:00,2025-08-06 10:00:00,DK1,-4.88,-36.416024,energidataservice_csv,1,,2026-07-12 14:53:35
3164,2025-08-06 10:00:00,2025-08-06 10:00:00,DK2,-2.1,-15.67083,energidataservice_csv,1,,2026-07-12 14:53:35
3161,2025-08-06 11:00:00,2025-08-06 11:00:00,DK1,-5.7,-42.53511,energidataservice_csv,1,,2026-07-12 14:53:35
3162,2025-08-06 11:00:00,2025-08-06 11:00:00,DK2,-2.99,-22.312277,energidataservice_csv,1,,2026-07-12 14:53:35
3159,2025-08-06 12:00:00,2025-08-06 12:00:00,DK1,-4.47,-33.356481,energidataservice_csv,1,,2026-07-12 14:53:35
3160,2025-08-06 12:00:00,2025-08-06 12:00:00,DK2,-2.42,-18.058766,energidataservice_csv,1,,2026-07-12 14:53:35
3157,2025-08-06 13:00:00,2025-08-06 13:00:00,DK1,-2.23,-16.640929,energidataservice_csv,1,,2026-07-12 14:53:35
3158,2025-08-06 13:00:00,2025-08-06 13:00:00,DK2,-1.06,-7.910038,energidataservice_csv,1,,2026-07-12 14:53:35
3155,2025-08-06 14:00:00,2025-08-06 14:00:00,DK1,-1.01,-7.536923,energidataservice_csv,1,,2026-07-12 14:53:35
3156,2025-08-06 14:00:00,2025-08-06 14:00:00,DK2,1.91,14.252993,energidataservice_csv,1,,2026-07-12 14:53:35
3153,2025-08-06 15:00:00,2025-08-06 15:00:00,DK1,2.03,15.148469,energidataservice_csv,1,,2026-07-12 14:53:35
3154,2025-08-06 15:00:00,2025-08-06 15:00:00,DK2,39.759998,296.701033,energidataservice_csv,1,,2026-07-12 14:53:35
3151,2025-08-06 16:00:00,2025-08-06 16:00:00,DK1,2.58,19.252734,energidataservice_csv,1,,2026-07-12 14:53:35
3152,2025-08-06 16:00:00,2025-08-06 16:00:00,DK2,79.339996,592.058852,energidataservice_csv,1,,2026-07-12 14:53:35
3149,2025-08-06 17:00:00,2025-08-06 17:00:00,DK1,29.68,221.481064,energidataservice_csv,1,,2026-07-12 14:53:35
3150,2025-08-06 17:00:00,2025-08-06 17:00:00,DK2,97.809998,729.887548,energidataservice_csv,1,,2026-07-12 14:53:35
3147,2025-08-06 18:00:00,2025-08-06 18:00:00,DK1,123.199997,919.355338,energidataservice_csv,1,,2026-07-12 14:53:35
3148,2025-08-06 18:00:00,2025-08-06 18:00:00,DK2,112.169998,837.046176,energidataservice_csv,1,,2026-07-12 14:53:35
3145,2025-08-06 19:00:00,2025-08-06 19:00:00,DK1,124.599998,929.802565,energidataservice_csv,1,,2026-07-12 14:53:35
3146,2025-08-06 19:00:00,2025-08-06 19:00:00,DK2,123.699997,923.086488,energidataservice_csv,1,,2026-07-12 14:53:35
3143,2025-08-06 20:00:00,2025-08-06 20:00:00,DK1,110.0,820.853,energidataservice_csv,1,,2026-07-12 14:53:35
3144,2025-08-06 20:00:00,2025-08-06 20:00:00,DK2,110.0,820.853,energidataservice_csv,1,,2026-07-12 14:53:35
3141,2025-08-06 21:00:00,2025-08-06 21:00:00,DK1,101.599998,758.169665,energidataservice_csv,1,,2026-07-12 14:53:35
3142,2025-08-06 21:00:00,2025-08-06 21:00:00,DK2,101.599998,758.169665,energidataservice_csv,1,,2026-07-12 14:53:35
3139,2025-08-06 22:00:00,2025-08-06 22:00:00,DK1,97.580002,728.366409,energidataservice_csv,1,,2026-07-12 14:53:35
3140,2025-08-06 22:00:00,2025-08-06 22:00:00,DK2,97.580002,728.366409,energidataservice_csv,1,,2026-07-12 14:53:35
3137,2025-08-06 23:00:00,2025-08-06 23:00:00,DK1,94.0,701.6442,energidataservice_csv,1,,2026-07-12 14:53:35
3138,2025-08-06 23:00:00,2025-08-06 23:00:00,DK2,94.0,701.6442,energidataservice_csv,1,,2026-07-12 14:53:35
3135,2025-08-07 00:00:00,2025-08-07 00:00:00,DK1,88.129997,657.828737,energidataservice_csv,1,,2026-07-12 14:53:35
3136,2025-08-07 00:00:00,2025-08-07 00:00:00,DK2,88.129997,657.828737,energidataservice_csv,1,,2026-07-12 14:53:35
3133,2025-08-07 01:00:00,2025-08-07 01:00:00,DK1,83.379997,622.373312,energidataservice_csv,1,,2026-07-12 14:53:35
3134,2025-08-07 01:00:00,2025-08-07 01:00:00,DK2,83.379997,622.373312,energidataservice_csv,1,,2026-07-12 14:53:35
3131,2025-08-07 02:00:00,2025-08-07 02:00:00,DK1,82.07,612.595101,energidataservice_csv,1,,2026-07-12 14:53:35
3132,2025-08-07 02:00:00,2025-08-07 02:00:00,DK2,82.07,612.595101,energidataservice_csv,1,,2026-07-12 14:53:35
3129,2025-08-07 03:00:00,2025-08-07 03:00:00,DK1,88.519997,660.739814,energidataservice_csv,1,,2026-07-12 14:53:35
3130,2025-08-07 03:00:00,2025-08-07 03:00:00,DK2,91.040001,679.549879,energidataservice_csv,1,,2026-07-12 14:53:35
3127,2025-08-07 04:00:00,2025-08-07 04:00:00,DK1,103.050003,769.196137,energidataservice_csv,1,,2026-07-12 14:53:35
3128,2025-08-07 04:00:00,2025-08-07 04:00:00,DK2,105.639999,788.528645,energidataservice_csv,1,,2026-07-12 14:53:35
3125,2025-08-07 05:00:00,2025-08-07 05:00:00,DK1,106.5,794.94795,energidataservice_csv,1,,2026-07-12 14:53:35
3126,2025-08-07 05:00:00,2025-08-07 05:00:00,DK2,106.5,794.94795,energidataservice_csv,1,,2026-07-12 14:53:35
3123,2025-08-07 06:00:00,2025-08-07 06:00:00,DK1,100.0,746.43,energidataservice_csv,1,,2026-07-12 14:53:35
3124,2025-08-07 06:00:00,2025-08-07 06:00:00,DK2,100.480003,750.012886,energidataservice_csv,1,,2026-07-12 14:53:35
3121,2025-08-07 07:00:00,2025-08-07 07:00:00,DK1,77.629997,579.453587,energidataservice_csv,1,,2026-07-12 14:53:35
3122,2025-08-07 07:00:00,2025-08-07 07:00:00,DK2,77.150002,575.87076,energidataservice_csv,1,,2026-07-12 14:53:35
3119,2025-08-07 08:00:00,2025-08-07 08:00:00,DK1,22.23,165.931389,energidataservice_csv,1,,2026-07-12 14:53:35
3120,2025-08-07 08:00:00,2025-08-07 08:00:00,DK2,22.219999,165.856739,energidataservice_csv,1,,2026-07-12 14:53:35
3117,2025-08-07 09:00:00,2025-08-07 09:00:00,DK1,1.98,14.779314,energidataservice_csv,1,,2026-07-12 14:53:35
3118,2025-08-07 09:00:00,2025-08-07 09:00:00,DK2,3.01,22.467543,energidataservice_csv,1,,2026-07-12 14:53:35
3115,2025-08-07 10:00:00,2025-08-07 10:00:00,DK1,1.67,12.465381,energidataservice_csv,1,,2026-07-12 14:53:35
3116,2025-08-07 10:00:00,2025-08-07 10:00:00,DK2,1.39,10.375377,energidataservice_csv,1,,2026-07-12 14:53:35
3113,2025-08-07 11:00:00,2025-08-07 11:00:00,DK1,2.1,15.67503,energidataservice_csv,1,,2026-07-12 14:53:35
3114,2025-08-07 11:00:00,2025-08-07 11:00:00,DK2,1.1,8.21073,energidataservice_csv,1,,2026-07-12 14:53:35
3111,2025-08-07 12:00:00,2025-08-07 12:00:00,DK1,2.35,17.541105,energidataservice_csv,1,,2026-07-12 14:53:35
3112,2025-08-07 12:00:00,2025-08-07 12:00:00,DK2,2.37,17.690391,energidataservice_csv,1,,2026-07-12 14:53:35
3109,2025-08-07 13:00:00,2025-08-07 13:00:00,DK1,2.05,15.301815,energidataservice_csv,1,,2026-07-12 14:53:35
3110,2025-08-07 13:00:00,2025-08-07 13:00:00,DK2,3.02,22.542186,energidataservice_csv,1,,2026-07-12 14:53:35
3107,2025-08-07 14:00:00,2025-08-07 14:00:00,DK1,2.37,17.690391,energidataservice_csv,1,,2026-07-12 14:53:35
3108,2025-08-07 14:00:00,2025-08-07 14:00:00,DK2,4.63,34.559709,energidataservice_csv,1,,2026-07-12 14:53:35
3105,2025-08-07 15:00:00,2025-08-07 15:00:00,DK1,64.080002,478.312359,energidataservice_csv,1,,2026-07-12 14:53:35
3106,2025-08-07 15:00:00,2025-08-07 15:00:00,DK2,62.970001,470.026978,energidataservice_csv,1,,2026-07-12 14:53:35
3103,2025-08-07 16:00:00,2025-08-07 16:00:00,DK1,91.580002,683.580609,energidataservice_csv,1,,2026-07-12 14:53:35
3104,2025-08-07 16:00:00,2025-08-07 16:00:00,DK2,94.230003,703.361011,energidataservice_csv,1,,2026-07-12 14:53:35
3101,2025-08-07 17:00:00,2025-08-07 17:00:00,DK1,106.0,791.2158,energidataservice_csv,1,,2026-07-12 14:53:35
3102,2025-08-07 17:00:00,2025-08-07 17:00:00,DK2,111.980003,835.852336,energidataservice_csv,1,,2026-07-12 14:53:35
3099,2025-08-07 18:00:00,2025-08-07 18:00:00,DK1,125.029999,933.261422,energidataservice_csv,1,,2026-07-12 14:53:35
3100,2025-08-07 18:00:00,2025-08-07 18:00:00,DK2,141.949997,1059.557363,energidataservice_csv,1,,2026-07-12 14:53:35
3097,2025-08-07 19:00:00,2025-08-07 19:00:00,DK1,126.339996,943.039632,energidataservice_csv,1,,2026-07-12 14:53:35
3098,2025-08-07 19:00:00,2025-08-07 19:00:00,DK2,127.510002,951.772908,energidataservice_csv,1,,2026-07-12 14:53:35
3095,2025-08-07 20:00:00,2025-08-07 20:00:00,DK1,110.0,821.073,energidataservice_csv,1,,2026-07-12 14:53:35
3096,2025-08-07 20:00:00,2025-08-07 20:00:00,DK2,110.010002,821.147658,energidataservice_csv,1,,2026-07-12 14:53:35
3093,2025-08-07 21:00:00,2025-08-07 21:00:00,DK1,101.279999,755.984297,energidataservice_csv,1,,2026-07-12 14:53:35
3094,2025-08-07 21:00:00,2025-08-07 21:00:00,DK2,101.279999,755.984297,energidataservice_csv,1,,2026-07-12 14:53:35
3091,2025-08-07 22:00:00,2025-08-07 22:00:00,DK1,93.900002,700.803885,energidataservice_csv,1,,2026-07-12 14:53:35
3092,2025-08-07 22:00:00,2025-08-07 22:00:00,DK2,93.900002,700.803885,energidataservice_csv,1,,2026-07-12 14:53:35
3089,2025-08-07 23:00:00,2025-08-07 23:00:00,DK1,88.879997,663.338082,energidataservice_csv,1,,2026-07-12 14:53:35
3090,2025-08-07 23:00:00,2025-08-07 23:00:00,DK2,88.879997,663.338082,energidataservice_csv,1,,2026-07-12 14:53:35
3087,2025-08-08 00:00:00,2025-08-08 00:00:00,DK1,84.980003,634.231256,energidataservice_csv,1,,2026-07-12 14:53:35
3088,2025-08-08 00:00:00,2025-08-08 00:00:00,DK2,84.970001,634.156608,energidataservice_csv,1,,2026-07-12 14:53:35
3085,2025-08-08 01:00:00,2025-08-08 01:00:00,DK1,81.309998,606.840908,energidataservice_csv,1,,2026-07-12 14:53:35
3086,2025-08-08 01:00:00,2025-08-08 01:00:00,DK2,81.300003,606.766312,energidataservice_csv,1,,2026-07-12 14:53:35
3083,2025-08-08 02:00:00,2025-08-08 02:00:00,DK1,80.879997,603.631682,energidataservice_csv,1,,2026-07-12 14:53:35
3084,2025-08-08 02:00:00,2025-08-08 02:00:00,DK2,80.879997,603.631682,energidataservice_csv,1,,2026-07-12 14:53:35
3081,2025-08-08 03:00:00,2025-08-08 03:00:00,DK1,89.550003,668.338537,energidataservice_csv,1,,2026-07-12 14:53:35
3082,2025-08-08 03:00:00,2025-08-08 03:00:00,DK2,89.550003,668.338537,energidataservice_csv,1,,2026-07-12 14:53:35
3079,2025-08-08 04:00:00,2025-08-08 04:00:00,DK1,100.43,749.539219,energidataservice_csv,1,,2026-07-12 14:53:35
3080,2025-08-08 04:00:00,2025-08-08 04:00:00,DK2,100.43,749.539219,energidataservice_csv,1,,2026-07-12 14:53:35
3077,2025-08-08 05:00:00,2025-08-08 05:00:00,DK1,103.050003,769.093087,energidataservice_csv,1,,2026-07-12 14:53:35
3078,2025-08-08 05:00:00,2025-08-08 05:00:00,DK2,103.059998,769.167683,energidataservice_csv,1,,2026-07-12 14:53:35
3075,2025-08-08 06:00:00,2025-08-08 06:00:00,DK1,108.110001,806.85737,energidataservice_csv,1,,2026-07-12 14:53:35
3076,2025-08-08 06:00:00,2025-08-08 06:00:00,DK2,109.150002,814.61921,energidataservice_csv,1,,2026-07-12 14:53:35
3073,2025-08-08 07:00:00,2025-08-08 07:00:00,DK1,89.900002,670.950685,energidataservice_csv,1,,2026-07-12 14:53:35
3074,2025-08-08 07:00:00,2025-08-08 07:00:00,DK2,89.910004,671.025333,energidataservice_csv,1,,2026-07-12 14:53:35
3071,2025-08-08 08:00:00,2025-08-08 08:00:00,DK1,66.0,492.5778,energidataservice_csv,1,,2026-07-12 14:53:35
3072,2025-08-08 08:00:00,2025-08-08 08:00:00,DK2,66.0,492.5778,energidataservice_csv,1,,2026-07-12 14:53:35
3069,2025-08-08 09:00:00,2025-08-08 09:00:00,DK1,8.39,62.617087,energidataservice_csv,1,,2026-07-12 14:53:35
3070,2025-08-08 09:00:00,2025-08-08 09:00:00,DK2,7.83,58.437639,energidataservice_csv,1,,2026-07-12 14:53:35
3067,2025-08-08 10:00:00,2025-08-08 10:00:00,DK1,0.09,0.671697,energidataservice_csv,1,,2026-07-12 14:53:35
3068,2025-08-08 10:00:00,2025-08-08 10:00:00,DK2,3.51,26.196183,energidataservice_csv,1,,2026-07-12 14:53:35
3065,2025-08-08 11:00:00,2025-08-08 11:00:00,DK1,0.0,0.0,energidataservice_csv,1,,2026-07-12 14:53:35
3066,2025-08-08 11:00:00,2025-08-08 11:00:00,DK2,1.53,11.418849,energidataservice_csv,1,,2026-07-12 14:53:35
3063,2025-08-08 12:00:00,2025-08-08 12:00:00,DK1,0.0,0.0,energidataservice_csv,1,,2026-07-12 14:53:35
3064,2025-08-08 12:00:00,2025-08-08 12:00:00,DK2,1.57,11.717381,energidataservice_csv,1,,2026-07-12 14:53:35
3061,2025-08-08 13:00:00,2025-08-08 13:00:00,DK1,0.0,0.0,energidataservice_csv,1,,2026-07-12 14:53:35
3062,2025-08-08 13:00:00,2025-08-08 13:00:00,DK2,4.05,30.226365,energidataservice_csv,1,,2026-07-12 14:53:35
3059,2025-08-08 14:00:00,2025-08-08 14:00:00,DK1,10.49,78.290017,energidataservice_csv,1,,2026-07-12 14:53:35
3060,2025-08-08 14:00:00,2025-08-08 14:00:00,DK2,6.48,48.362184,energidataservice_csv,1,,2026-07-12 14:53:35
3057,2025-08-08 15:00:00,2025-08-08 15:00:00,DK1,70.099998,523.177315,energidataservice_csv,1,,2026-07-12 14:53:35
3058,2025-08-08 15:00:00,2025-08-08 15:00:00,DK2,70.099998,523.177315,energidataservice_csv,1,,2026-07-12 14:53:35
3055,2025-08-08 16:00:00,2025-08-08 16:00:00,DK1,101.440002,757.077167,energidataservice_csv,1,,2026-07-12 14:53:35
3056,2025-08-08 16:00:00,2025-08-08 16:00:00,DK2,101.449997,757.151763,energidataservice_csv,1,,2026-07-12 14:53:35
3053,2025-08-08 17:00:00,2025-08-08 17:00:00,DK1,113.559998,847.532333,energidataservice_csv,1,,2026-07-12 14:53:35
3054,2025-08-08 17:00:00,2025-08-08 17:00:00,DK2,113.980003,850.666956,energidataservice_csv,1,,2026-07-12 14:53:35
3051,2025-08-08 18:00:00,2025-08-08 18:00:00,DK1,144.619995,1079.342409,energidataservice_csv,1,,2026-07-12 14:53:35
3052,2025-08-08 18:00:00,2025-08-08 18:00:00,DK2,144.619995,1079.342409,energidataservice_csv,1,,2026-07-12 14:53:35
3049,2025-08-08 19:00:00,2025-08-08 19:00:00,DK1,151.509995,1130.764546,energidataservice_csv,1,,2026-07-12 14:53:35
3050,2025-08-08 19:00:00,2025-08-08 19:00:00,DK2,151.509995,1130.764546,energidataservice_csv,1,,2026-07-12 14:53:35
3047,2025-08-08 20:00:00,2025-08-08 20:00:00,DK1,121.589996,907.462617,energidataservice_csv,1,,2026-07-12 14:53:35
3048,2025-08-08 20:00:00,2025-08-08 20:00:00,DK2,121.589996,907.462617,energidataservice_csv,1,,2026-07-12 14:53:35
3045,2025-08-08 21:00:00,2025-08-08 21:00:00,DK1,108.459999,809.469511,energidataservice_csv,1,,2026-07-12 14:53:35
3046,2025-08-08 21:00:00,2025-08-08 21:00:00,DK2,108.459999,809.469511,energidataservice_csv,1,,2026-07-12 14:53:35
3043,2025-08-08 22:00:00,2025-08-08 22:00:00,DK1,101.93,760.734169,energidataservice_csv,1,,2026-07-12 14:53:35
3044,2025-08-08 22:00:00,2025-08-08 22:00:00,DK2,101.93,760.734169,energidataservice_csv,1,,2026-07-12 14:53:35
3041,2025-08-08 23:00:00,2025-08-08 23:00:00,DK1,100.43,749.539219,energidataservice_csv,1,,2026-07-12 14:53:35
3042,2025-08-08 23:00:00,2025-08-08 23:00:00,DK2,100.43,749.539219,energidataservice_csv,1,,2026-07-12 14:53:35
3039,2025-08-09 00:00:00,2025-08-09 00:00:00,DK1,99.940002,745.882217,energidataservice_csv,1,,2026-07-12 14:53:35
3040,2025-08-09 00:00:00,2025-08-09 00:00:00,DK2,99.940002,745.882217,energidataservice_csv,1,,2026-07-12 14:53:35
3037,2025-08-09 01:00:00,2025-08-09 01:00:00,DK1,97.800003,729.910762,energidataservice_csv,1,,2026-07-12 14:53:35
3038,2025-08-09 01:00:00,2025-08-09 01:00:00,DK2,97.800003,729.910762,energidataservice_csv,1,,2026-07-12 14:53:35
3035,2025-08-09 02:00:00,2025-08-09 02:00:00,DK1,96.870003,722.969893,energidataservice_csv,1,,2026-07-12 14:53:35
3036,2025-08-09 02:00:00,2025-08-09 02:00:00,DK2,96.870003,722.969893,energidataservice_csv,1,,2026-07-12 14:53:35
3033,2025-08-09 03:00:00,2025-08-09 03:00:00,DK1,97.010002,724.014748,energidataservice_csv,1,,2026-07-12 14:53:35
3034,2025-08-09 03:00:00,2025-08-09 03:00:00,DK2,97.010002,724.014748,energidataservice_csv,1,,2026-07-12 14:53:35
3031,2025-08-09 04:00:00,2025-08-09 04:00:00,DK1,96.099998,717.223115,energidataservice_csv,1,,2026-07-12 14:53:35
3032,2025-08-09 04:00:00,2025-08-09 04:00:00,DK2,97.260002,725.880573,energidataservice_csv,1,,2026-07-12 14:53:35
3029,2025-08-09 05:00:00,2025-08-09 05:00:00,DK1,90.059998,672.144783,energidataservice_csv,1,,2026-07-12 14:53:35
3030,2025-08-09 05:00:00,2025-08-09 05:00:00,DK2,93.449997,697.445363,energidataservice_csv,1,,2026-07-12 14:53:35
3027,2025-08-09 06:00:00,2025-08-09 06:00:00,DK1,69.75,520.565175,energidataservice_csv,1,,2026-07-12 14:53:35
3028,2025-08-09 06:00:00,2025-08-09 06:00:00,DK2,69.739998,520.490527,energidataservice_csv,1,,2026-07-12 14:53:35
3025,2025-08-09 07:00:00,2025-08-09 07:00:00,DK1,15.34,114.487022,energidataservice_csv,1,,2026-07-12 14:53:35
3026,2025-08-09 07:00:00,2025-08-09 07:00:00,DK2,13.19,98.440927,energidataservice_csv,1,,2026-07-12 14:53:35
3023,2025-08-09 08:00:00,2025-08-09 08:00:00,DK1,-0.02,-0.149266,energidataservice_csv,1,,2026-07-12 14:53:35
3024,2025-08-09 08:00:00,2025-08-09 08:00:00,DK2,2.56,19.106048,energidataservice_csv,1,,2026-07-12 14:53:35
3021,2025-08-09 09:00:00,2025-08-09 09:00:00,DK1,-1.0,-7.4633,energidataservice_csv,1,,2026-07-12 14:53:35
3022,2025-08-09 09:00:00,2025-08-09 09:00:00,DK2,-0.44,-3.283852,energidataservice_csv,1,,2026-07-12 14:53:35
3019,2025-08-09 10:00:00,2025-08-09 10:00:00,DK1,-6.51,-48.586083,energidataservice_csv,1,,2026-07-12 14:53:35
3020,2025-08-09 10:00:00,2025-08-09 10:00:00,DK2,-2.41,-17.986553,energidataservice_csv,1,,2026-07-12 14:53:35
3017,2025-08-09 11:00:00,2025-08-09 11:00:00,DK1,-12.58,-93.888314,energidataservice_csv,1,,2026-07-12 14:53:35
3018,2025-08-09 11:00:00,2025-08-09 11:00:00,DK2,-3.35,-25.002055,energidataservice_csv,1,,2026-07-12 14:53:35
3015,2025-08-09 12:00:00,2025-08-09 12:00:00,DK1,-15.11,-112.770463,energidataservice_csv,1,,2026-07-12 14:53:35
3016,2025-08-09 12:00:00,2025-08-09 12:00:00,DK2,-6.36,-47.466588,energidataservice_csv,1,,2026-07-12 14:53:35
3013,2025-08-09 13:00:00,2025-08-09 13:00:00,DK1,-4.1,-30.59953,energidataservice_csv,1,,2026-07-12 14:53:35
3014,2025-08-09 13:00:00,2025-08-09 13:00:00,DK2,1.06,7.911098,energidataservice_csv,1,,2026-07-12 14:53:35
3011,2025-08-09 14:00:00,2025-08-09 14:00:00,DK1,-0.04,-0.298532,energidataservice_csv,1,,2026-07-12 14:53:35
3012,2025-08-09 14:00:00,2025-08-09 14:00:00,DK2,1.61,12.015913,energidataservice_csv,1,,2026-07-12 14:53:35
3009,2025-08-09 15:00:00,2025-08-09 15:00:00,DK1,6.29,46.944157,energidataservice_csv,1,,2026-07-12 14:53:35
3010,2025-08-09 15:00:00,2025-08-09 15:00:00,DK2,6.29,46.944157,energidataservice_csv,1,,2026-07-12 14:53:35
3007,2025-08-09 16:00:00,2025-08-09 16:00:00,DK1,71.470001,533.402058,energidataservice_csv,1,,2026-07-12 14:53:35
3008,2025-08-09 16:00:00,2025-08-09 16:00:00,DK2,84.239998,628.708377,energidataservice_csv,1,,2026-07-12 14:53:35
3005,2025-08-09 17:00:00,2025-08-09 17:00:00,DK1,101.43,757.002519,energidataservice_csv,1,,2026-07-12 14:53:35
3006,2025-08-09 17:00:00,2025-08-09 17:00:00,DK2,104.199997,777.675838,energidataservice_csv,1,,2026-07-12 14:53:35
3003,2025-08-09 18:00:00,2025-08-09 18:00:00,DK1,123.360001,920.672695,energidataservice_csv,1,,2026-07-12 14:53:35
3004,2025-08-09 18:00:00,2025-08-09 18:00:00,DK2,127.620003,952.466368,energidataservice_csv,1,,2026-07-12 14:53:35
3001,2025-08-09 19:00:00,2025-08-09 19:00:00,DK1,116.410004,868.802783,energidataservice_csv,1,,2026-07-12 14:53:35
3002,2025-08-09 19:00:00,2025-08-09 19:00:00,DK2,119.309998,890.446308,energidataservice_csv,1,,2026-07-12 14:53:35
2999,2025-08-09 20:00:00,2025-08-09 20:00:00,DK1,107.889999,805.21543,energidataservice_csv,1,,2026-07-12 14:53:35
3000,2025-08-09 20:00:00,2025-08-09 20:00:00,DK2,107.889999,805.21543,energidataservice_csv,1,,2026-07-12 14:53:35
2997,2025-08-09 21:00:00,2025-08-09 21:00:00,DK1,94.970001,708.789608,energidataservice_csv,1,,2026-07-12 14:53:35
2998,2025-08-09 21:00:00,2025-08-09 21:00:00,DK2,94.970001,708.789608,energidataservice_csv,1,,2026-07-12 14:53:35
2995,2025-08-09 22:00:00,2025-08-09 22:00:00,DK1,84.790001,632.813214,energidataservice_csv,1,,2026-07-12 14:53:35
2996,2025-08-09 22:00:00,2025-08-09 22:00:00,DK2,84.790001,632.813214,energidataservice_csv,1,,2026-07-12 14:53:35
2993,2025-08-09 23:00:00,2025-08-09 23:00:00,DK1,83.230003,621.170481,energidataservice_csv,1,,2026-07-12 14:53:35
2994,2025-08-09 23:00:00,2025-08-09 23:00:00,DK2,83.230003,621.170481,energidataservice_csv,1,,2026-07-12 14:53:35
2991,2025-08-10 00:00:00,2025-08-10 00:00:00,DK1,83.099998,620.200215,energidataservice_csv,1,,2026-07-12 14:53:35
2992,2025-08-10 00:00:00,2025-08-10 00:00:00,DK2,83.019997,619.603144,energidataservice_csv,1,,2026-07-12 14:53:35
2989,2025-08-10 01:00:00,2025-08-10 01:00:00,DK1,77.949997,581.764213,energidataservice_csv,1,,2026-07-12 14:53:35
2990,2025-08-10 01:00:00,2025-08-10 01:00:00,DK2,77.870003,581.167193,energidataservice_csv,1,,2026-07-12 14:53:35
2987,2025-08-10 02:00:00,2025-08-10 02:00:00,DK1,80.68,602.139044,energidataservice_csv,1,,2026-07-12 14:53:35
2988,2025-08-10 02:00:00,2025-08-10 02:00:00,DK2,80.68,602.139044,energidataservice_csv,1,,2026-07-12 14:53:35
2985,2025-08-10 03:00:00,2025-08-10 03:00:00,DK1,83.690002,624.603592,energidataservice_csv,1,,2026-07-12 14:53:35
2986,2025-08-10 03:00:00,2025-08-10 03:00:00,DK2,83.690002,624.603592,energidataservice_csv,1,,2026-07-12 14:53:35
2983,2025-08-10 04:00:00,2025-08-10 04:00:00,DK1,82.269997,614.005669,energidataservice_csv,1,,2026-07-12 14:53:35
2984,2025-08-10 04:00:00,2025-08-10 04:00:00,DK2,82.269997,614.005669,energidataservice_csv,1,,2026-07-12 14:53:35
2981,2025-08-10 05:00:00,2025-08-10 05:00:00,DK1,74.699997,557.508488,energidataservice_csv,1,,2026-07-12 14:53:35
2982,2025-08-10 05:00:00,2025-08-10 05:00:00,DK2,74.660004,557.210008,energidataservice_csv,1,,2026-07-12 14:53:35
2979,2025-08-10 06:00:00,2025-08-10 06:00:00,DK1,26.360001,196.732595,energidataservice_csv,1,,2026-07-12 14:53:35
2980,2025-08-10 06:00:00,2025-08-10 06:00:00,DK2,7.69,57.392777,energidataservice_csv,1,,2026-07-12 14:53:35
2977,2025-08-10 07:00:00,2025-08-10 07:00:00,DK1,-0.01,-0.074633,energidataservice_csv,1,,2026-07-12 14:53:35
2978,2025-08-10 07:00:00,2025-08-10 07:00:00,DK2,2.8,20.89724,energidataservice_csv,1,,2026-07-12 14:53:35
2975,2025-08-10 08:00:00,2025-08-10 08:00:00,DK1,-2.64,-19.703112,energidataservice_csv,1,,2026-07-12 14:53:35
2976,2025-08-10 08:00:00,2025-08-10 08:00:00,DK2,0.0,0.0,energidataservice_csv,1,,2026-07-12 14:53:35
2973,2025-08-10 09:00:00,2025-08-10 09:00:00,DK1,-6.7,-50.00411,energidataservice_csv,1,,2026-07-12 14:53:35
2974,2025-08-10 09:00:00,2025-08-10 09:00:00,DK2,-2.81,-20.971873,energidataservice_csv,1,,2026-07-12 14:53:35
2971,2025-08-10 10:00:00,2025-08-10 10:00:00,DK1,-14.95,-111.576335,energidataservice_csv,1,,2026-07-12 14:53:35
2972,2025-08-10 10:00:00,2025-08-10 10:00:00,DK2,-12.74,-95.082442,energidataservice_csv,1,,2026-07-12 14:53:35
2969,2025-08-10 11:00:00,2025-08-10 11:00:00,DK1,-26.860001,-200.464245,energidataservice_csv,1,,2026-07-12 14:53:35
2970,2025-08-10 11:00:00,2025-08-10 11:00:00,DK2,-17.129999,-127.846322,energidataservice_csv,1,,2026-07-12 14:53:35
2967,2025-08-10 12:00:00,2025-08-10 12:00:00,DK1,-38.139999,-284.650255,energidataservice_csv,1,,2026-07-12 14:53:35
2968,2025-08-10 12:00:00,2025-08-10 12:00:00,DK2,-15.24,-113.740692,energidataservice_csv,1,,2026-07-12 14:53:35
2965,2025-08-10 13:00:00,2025-08-10 13:00:00,DK1,-19.610001,-146.35532,energidataservice_csv,1,,2026-07-12 14:53:35
2966,2025-08-10 13:00:00,2025-08-10 13:00:00,DK2,-4.0,-29.8532,energidataservice_csv,1,,2026-07-12 14:53:35
2963,2025-08-10 14:00:00,2025-08-10 14:00:00,DK1,-1.21,-9.030593,energidataservice_csv,1,,2026-07-12 14:53:35
2964,2025-08-10 14:00:00,2025-08-10 14:00:00,DK2,-1.23,-9.179859,energidataservice_csv,1,,2026-07-12 14:53:35
2961,2025-08-10 15:00:00,2025-08-10 15:00:00,DK1,2.13,15.896829,energidataservice_csv,1,,2026-07-12 14:53:35
2962,2025-08-10 15:00:00,2025-08-10 15:00:00,DK2,2.85,21.270405,energidataservice_csv,1,,2026-07-12 14:53:35
2959,2025-08-10 16:00:00,2025-08-10 16:00:00,DK1,78.860001,588.555845,energidataservice_csv,1,,2026-07-12 14:53:35
2960,2025-08-10 16:00:00,2025-08-10 16:00:00,DK2,64.220001,479.293133,energidataservice_csv,1,,2026-07-12 14:53:35
2957,2025-08-10 17:00:00,2025-08-10 17:00:00,DK1,108.050003,806.409587,energidataservice_csv,1,,2026-07-12 14:53:35
2958,2025-08-10 17:00:00,2025-08-10 17:00:00,DK2,108.050003,806.409587,energidataservice_csv,1,,2026-07-12 14:53:35
2955,2025-08-10 18:00:00,2025-08-10 18:00:00,DK1,118.949997,887.759513,energidataservice_csv,1,,2026-07-12 14:53:35
2956,2025-08-10 18:00:00,2025-08-10 18:00:00,DK2,118.949997,887.759513,energidataservice_csv,1,,2026-07-12 14:53:35
2953,2025-08-10 19:00:00,2025-08-10 19:00:00,DK1,122.449997,913.881063,energidataservice_csv,1,,2026-07-12 14:53:35
2954,2025-08-10 19:00:00,2025-08-10 19:00:00,DK2,122.449997,913.881063,energidataservice_csv,1,,2026-07-12 14:53:35
2951,2025-08-10 20:00:00,2025-08-10 20:00:00,DK1,106.980003,798.423856,energidataservice_csv,1,,2026-07-12 14:53:35
2952,2025-08-10 20:00:00,2025-08-10 20:00:00,DK2,106.980003,798.423856,energidataservice_csv,1,,2026-07-12 14:53:35
2949,2025-08-10 21:00:00,2025-08-10 21:00:00,DK1,98.900002,738.120385,energidataservice_csv,1,,2026-07-12 14:53:35
2950,2025-08-10 21:00:00,2025-08-10 21:00:00,DK2,98.900002,738.120385,energidataservice_csv,1,,2026-07-12 14:53:35
2947,2025-08-10 22:00:00,2025-08-10 22:00:00,DK1,99.82,744.966642,energidataservice_csv,1,,2026-07-12 14:53:35
2948,2025-08-10 22:00:00,2025-08-10 22:00:00,DK2,99.82,744.966642,energidataservice_csv,1,,2026-07-12 14:53:35
2945,2025-08-10 23:00:00,2025-08-10 23:00:00,DK1,91.970001,686.381314,energidataservice_csv,1,,2026-07-12 14:53:35
2946,2025-08-10 23:00:00,2025-08-10 23:00:00,DK2,91.970001,686.381314,energidataservice_csv,1,,2026-07-12 14:53:35
2943,2025-08-11 00:00:00,2025-08-11 00:00:00,DK1,87.440002,652.573479,energidataservice_csv,1,,2026-07-12 14:53:35
2944,2025-08-11 00:00:00,2025-08-11 00:00:00,DK2,87.440002,652.573479,energidataservice_csv,1,,2026-07-12 14:53:35
2941,2025-08-11 01:00:00,2025-08-11 01:00:00,DK1,85.190002,635.781504,energidataservice_csv,1,,2026-07-12 14:53:35
2942,2025-08-11 01:00:00,2025-08-11 01:00:00,DK2,85.199997,635.856098,energidataservice_csv,1,,2026-07-12 14:53:35
2939,2025-08-11 02:00:00,2025-08-11 02:00:00,DK1,92.849998,692.94882,energidataservice_csv,1,,2026-07-12 14:53:35
2940,2025-08-11 02:00:00,2025-08-11 02:00:00,DK2,92.849998,692.94882,energidataservice_csv,1,,2026-07-12 14:53:35
2937,2025-08-11 03:00:00,2025-08-11 03:00:00,DK1,103.510002,772.505496,energidataservice_csv,1,,2026-07-12 14:53:35
2938,2025-08-11 03:00:00,2025-08-11 03:00:00,DK2,103.510002,772.505496,energidataservice_csv,1,,2026-07-12 14:53:35
2935,2025-08-11 04:00:00,2025-08-11 04:00:00,DK1,129.220001,964.381789,energidataservice_csv,1,,2026-07-12 14:53:35
2936,2025-08-11 04:00:00,2025-08-11 04:00:00,DK2,129.259995,964.680269,energidataservice_csv,1,,2026-07-12 14:53:35
2933,2025-08-11 05:00:00,2025-08-11 05:00:00,DK1,133.490005,996.249256,energidataservice_csv,1,,2026-07-12 14:53:35
2934,2025-08-11 05:00:00,2025-08-11 05:00:00,DK2,133.539993,996.622322,energidataservice_csv,1,,2026-07-12 14:53:35
2931,2025-08-11 06:00:00,2025-08-11 06:00:00,DK1,105.349998,786.23757,energidataservice_csv,1,,2026-07-12 14:53:35
2932,2025-08-11 06:00:00,2025-08-11 06:00:00,DK2,105.349998,786.23757,energidataservice_csv,1,,2026-07-12 14:53:35
2929,2025-08-11 07:00:00,2025-08-11 07:00:00,DK1,90.75,677.276325,energidataservice_csv,1,,2026-07-12 14:53:35
2930,2025-08-11 07:00:00,2025-08-11 07:00:00,DK2,90.75,677.276325,energidataservice_csv,1,,2026-07-12 14:53:35
2927,2025-08-11 08:00:00,2025-08-11 08:00:00,DK1,50.0,373.155,energidataservice_csv,1,,2026-07-12 14:53:35
2928,2025-08-11 08:00:00,2025-08-11 08:00:00,DK2,47.959999,357.930269,energidataservice_csv,1,,2026-07-12 14:53:35
2925,2025-08-11 09:00:00,2025-08-11 09:00:00,DK1,2.54,18.956274,energidataservice_csv,1,,2026-07-12 14:53:35
2926,2025-08-11 09:00:00,2025-08-11 09:00:00,DK2,4.58,34.180998,energidataservice_csv,1,,2026-07-12 14:53:35
2923,2025-08-11 10:00:00,2025-08-11 10:00:00,DK1,0.65,4.851015,energidataservice_csv,1,,2026-07-12 14:53:35
2924,2025-08-11 10:00:00,2025-08-11 10:00:00,DK2,1.82,13.582842,energidataservice_csv,1,,2026-07-12 14:53:35
2921,2025-08-11 11:00:00,2025-08-11 11:00:00,DK1,0.64,4.776384,energidataservice_csv,1,,2026-07-12 14:53:35
2922,2025-08-11 11:00:00,2025-08-11 11:00:00,DK2,1.8,13.43358,energidataservice_csv,1,,2026-07-12 14:53:35
2919,2025-08-11 12:00:00,2025-08-11 12:00:00,DK1,0.0,0.0,energidataservice_csv,1,,2026-07-12 14:53:35
2920,2025-08-11 12:00:00,2025-08-11 12:00:00,DK2,2.96,22.090776,energidataservice_csv,1,,2026-07-12 14:53:35
2917,2025-08-11 13:00:00,2025-08-11 13:00:00,DK1,9.0,67.1679,energidataservice_csv,1,,2026-07-12 14:53:35
2918,2025-08-11 13:00:00,2025-08-11 13:00:00,DK2,6.04,45.077124,energidataservice_csv,1,,2026-07-12 14:53:35
2915,2025-08-11 14:00:00,2025-08-11 14:00:00,DK1,56.139999,418.978427,energidataservice_csv,1,,2026-07-12 14:53:35
2916,2025-08-11 14:00:00,2025-08-11 14:00:00,DK2,56.16,419.127696,energidataservice_csv,1,,2026-07-12 14:53:35
2913,2025-08-11 15:00:00,2025-08-11 15:00:00,DK1,92.25,688.470975,energidataservice_csv,1,,2026-07-12 14:53:35
2914,2025-08-11 15:00:00,2025-08-11 15:00:00,DK2,92.279999,688.694861,energidataservice_csv,1,,2026-07-12 14:53:35
2911,2025-08-11 16:00:00,2025-08-11 16:00:00,DK1,108.260002,807.955221,energidataservice_csv,1,,2026-07-12 14:53:35
2912,2025-08-11 16:00:00,2025-08-11 16:00:00,DK2,108.309998,808.328346,energidataservice_csv,1,,2026-07-12 14:53:35
2909,2025-08-11 17:00:00,2025-08-11 17:00:00,DK1,154.0,1149.3174,energidataservice_csv,1,,2026-07-12 14:53:35
2910,2025-08-11 17:00:00,2025-08-11 17:00:00,DK2,154.089996,1149.989049,energidataservice_csv,1,,2026-07-12 14:53:35
2907,2025-08-11 18:00:00,2025-08-11 18:00:00,DK1,191.949997,1432.542023,energidataservice_csv,1,,2026-07-12 14:53:35
2908,2025-08-11 18:00:00,2025-08-11 18:00:00,DK2,192.059998,1433.362971,energidataservice_csv,1,,2026-07-12 14:53:35
2905,2025-08-11 19:00:00,2025-08-11 19:00:00,DK1,138.880005,1036.475365,energidataservice_csv,1,,2026-07-12 14:53:35
2906,2025-08-11 19:00:00,2025-08-11 19:00:00,DK2,138.910004,1036.699251,energidataservice_csv,1,,2026-07-12 14:53:35
2903,2025-08-11 20:00:00,2025-08-11 20:00:00,DK1,108.870003,812.507719,energidataservice_csv,1,,2026-07-12 14:53:35
2904,2025-08-11 20:00:00,2025-08-11 20:00:00,DK2,108.879997,812.582306,energidataservice_csv,1,,2026-07-12 14:53:35
2901,2025-08-11 21:00:00,2025-08-11 21:00:00,DK1,96.0,716.4576,energidataservice_csv,1,,2026-07-12 14:53:35
2902,2025-08-11 21:00:00,2025-08-11 21:00:00,DK2,96.010002,716.532246,energidataservice_csv,1,,2026-07-12 14:53:35
2899,2025-08-11 22:00:00,2025-08-11 22:00:00,DK1,93.0,694.0869,energidataservice_csv,1,,2026-07-12 14:53:35
2900,2025-08-11 22:00:00,2025-08-11 22:00:00,DK2,93.059998,694.534683,energidataservice_csv,1,,2026-07-12 14:53:35
2897,2025-08-11 23:00:00,2025-08-11 23:00:00,DK1,89.669998,669.234096,energidataservice_csv,1,,2026-07-12 14:53:35
2898,2025-08-11 23:00:00,2025-08-11 23:00:00,DK2,89.699997,669.457988,energidataservice_csv,1,,2026-07-12 14:53:35
2895,2025-08-12 00:00:00,2025-08-12 00:00:00,DK1,85.410004,637.440483,energidataservice_csv,1,,2026-07-12 14:53:35
2896,2025-08-12 00:00:00,2025-08-12 00:00:00,DK2,85.440002,637.664367,energidataservice_csv,1,,2026-07-12 14:53:35
2893,2025-08-12 01:00:00,2025-08-12 01:00:00,DK1,85.129997,635.350707,energidataservice_csv,1,,2026-07-12 14:53:35
2894,2025-08-12 01:00:00,2025-08-12 01:00:00,DK2,85.169998,635.649246,energidataservice_csv,1,,2026-07-12 14:53:35
2891,2025-08-12 02:00:00,2025-08-12 02:00:00,DK1,86.480003,645.426206,energidataservice_csv,1,,2026-07-12 14:53:35
2892,2025-08-12 02:00:00,2025-08-12 02:00:00,DK2,86.5,645.57545,energidataservice_csv,1,,2026-07-12 14:53:35
2889,2025-08-12 03:00:00,2025-08-12 03:00:00,DK1,93.970001,701.326308,energidataservice_csv,1,,2026-07-12 14:53:35
2890,2025-08-12 03:00:00,2025-08-12 03:00:00,DK2,93.980003,701.400956,energidataservice_csv,1,,2026-07-12 14:53:35
2887,2025-08-12 04:00:00,2025-08-12 04:00:00,DK1,106.910004,797.901433,energidataservice_csv,1,,2026-07-12 14:53:35
2888,2025-08-12 04:00:00,2025-08-12 04:00:00,DK2,106.93,798.050669,energidataservice_csv,1,,2026-07-12 14:53:35
2885,2025-08-12 05:00:00,2025-08-12 05:00:00,DK1,104.629997,780.885057,energidataservice_csv,1,,2026-07-12 14:53:35
2886,2025-08-12 05:00:00,2025-08-12 05:00:00,DK2,104.629997,780.885057,energidataservice_csv,1,,2026-07-12 14:53:35
2883,2025-08-12 06:00:00,2025-08-12 06:00:00,DK1,98.709999,736.702336,energidataservice_csv,1,,2026-07-12 14:53:35
2884,2025-08-12 06:00:00,2025-08-12 06:00:00,DK2,98.709999,736.702336,energidataservice_csv,1,,2026-07-12 14:53:35
2881,2025-08-12 07:00:00,2025-08-12 07:00:00,DK1,92.489998,690.280602,energidataservice_csv,1,,2026-07-12 14:53:35
2882,2025-08-12 07:00:00,2025-08-12 07:00:00,DK2,92.489998,690.280602,energidataservice_csv,1,,2026-07-12 14:53:35
2879,2025-08-12 08:00:00,2025-08-12 08:00:00,DK1,79.529999,593.556242,energidataservice_csv,1,,2026-07-12 14:53:35
2880,2025-08-12 08:00:00,2025-08-12 08:00:00,DK2,79.529999,593.556242,energidataservice_csv,1,,2026-07-12 14:53:35
2877,2025-08-12 09:00:00,2025-08-12 09:00:00,DK1,40.41,301.591953,energidataservice_csv,1,,2026-07-12 14:53:35
2878,2025-08-12 09:00:00,2025-08-12 09:00:00,DK2,40.41,301.591953,energidataservice_csv,1,,2026-07-12 14:53:35
2875,2025-08-12 10:00:00,2025-08-12 10:00:00,DK1,8.38,62.542454,energidataservice_csv,1,,2026-07-12 14:53:35
2876,2025-08-12 10:00:00,2025-08-12 10:00:00,DK2,8.37,62.467821,energidataservice_csv,1,,2026-07-12 14:53:35
2873,2025-08-12 11:00:00,2025-08-12 11:00:00,DK1,4.59,34.256547,energidataservice_csv,1,,2026-07-12 14:53:35
2874,2025-08-12 11:00:00,2025-08-12 11:00:00,DK2,4.47,33.360951,energidataservice_csv,1,,2026-07-12 14:53:35
2871,2025-08-12 12:00:00,2025-08-12 12:00:00,DK1,5.15,38.435995,energidataservice_csv,1,,2026-07-12 14:53:35
2872,2025-08-12 12:00:00,2025-08-12 12:00:00,DK2,5.28,39.406224,energidataservice_csv,1,,2026-07-12 14:53:35
2869,2025-08-12 13:00:00,2025-08-12 13:00:00,DK1,35.049999,261.588658,energidataservice_csv,1,,2026-07-12 14:53:35
2870,2025-08-12 13:00:00,2025-08-12 13:00:00,DK2,35.049999,261.588658,energidataservice_csv,1,,2026-07-12 14:53:35
2867,2025-08-12 14:00:00,2025-08-12 14:00:00,DK1,73.120003,545.716518,energidataservice_csv,1,,2026-07-12 14:53:35
2868,2025-08-12 14:00:00,2025-08-12 14:00:00,DK2,73.120003,545.716518,energidataservice_csv,1,,2026-07-12 14:53:35
2865,2025-08-12 15:00:00,2025-08-12 15:00:00,DK1,94.059998,701.997983,energidataservice_csv,1,,2026-07-12 14:53:35
2866,2025-08-12 15:00:00,2025-08-12 15:00:00,DK2,95.230003,710.730081,energidataservice_csv,1,,2026-07-12 14:53:35
2863,2025-08-12 16:00:00,2025-08-12 16:00:00,DK1,106.099998,791.856115,energidataservice_csv,1,,2026-07-12 14:53:35
2864,2025-08-12 16:00:00,2025-08-12 16:00:00,DK2,106.900002,797.826785,energidataservice_csv,1,,2026-07-12 14:53:35
2861,2025-08-12 17:00:00,2025-08-12 17:00:00,DK1,149.309998,1114.345308,energidataservice_csv,1,,2026-07-12 14:53:35
2862,2025-08-12 17:00:00,2025-08-12 17:00:00,DK2,149.399994,1115.016975,energidataservice_csv,1,,2026-07-12 14:53:35
2859,2025-08-12 18:00:00,2025-08-12 18:00:00,DK1,156.160004,1165.468958,energidataservice_csv,1,,2026-07-12 14:53:35
2860,2025-08-12 18:00:00,2025-08-12 18:00:00,DK2,156.25,1166.140625,energidataservice_csv,1,,2026-07-12 14:53:35
2857,2025-08-12 19:00:00,2025-08-12 19:00:00,DK1,140.399994,1047.847275,energidataservice_csv,1,,2026-07-12 14:53:35
2858,2025-08-12 19:00:00,2025-08-12 19:00:00,DK2,142.539993,1063.81873,energidataservice_csv,1,,2026-07-12 14:53:35
2855,2025-08-12 20:00:00,2025-08-12 20:00:00,DK1,114.07,851.338631,energidataservice_csv,1,,2026-07-12 14:53:35
2856,2025-08-12 20:00:00,2025-08-12 20:00:00,DK2,111.949997,835.516413,energidataservice_csv,1,,2026-07-12 14:53:35
2853,2025-08-12 21:00:00,2025-08-12 21:00:00,DK1,97.730003,729.388331,energidataservice_csv,1,,2026-07-12 14:53:35
2854,2025-08-12 21:00:00,2025-08-12 21:00:00,DK2,97.730003,729.388331,energidataservice_csv,1,,2026-07-12 14:53:35
2851,2025-08-12 22:00:00,2025-08-12 22:00:00,DK1,95.720001,714.320079,energidataservice_csv,1,,2026-07-12 14:53:35
2852,2025-08-12 22:00:00,2025-08-12 22:00:00,DK2,94.849998,707.827595,energidataservice_csv,1,,2026-07-12 14:53:35
2849,2025-08-12 23:00:00,2025-08-12 23:00:00,DK1,90.0,671.634,energidataservice_csv,1,,2026-07-12 14:53:35
2850,2025-08-12 23:00:00,2025-08-12 23:00:00,DK2,90.059998,672.081741,energidataservice_csv,1,,2026-07-12 14:53:35
2847,2025-08-13 00:00:00,2025-08-13 00:00:00,DK1,86.889999,648.425307,energidataservice_csv,1,,2026-07-12 14:53:35
2848,2025-08-13 00:00:00,2025-08-13 00:00:00,DK2,86.940002,648.798459,energidataservice_csv,1,,2026-07-12 14:53:35
2845,2025-08-13 01:00:00,2025-08-13 01:00:00,DK1,84.709999,632.156839,energidataservice_csv,1,,2026-07-12 14:53:35
2846,2025-08-13 01:00:00,2025-08-13 01:00:00,DK2,84.760002,632.529991,energidataservice_csv,1,,2026-07-12 14:53:35
2843,2025-08-13 02:00:00,2025-08-13 02:00:00,DK1,87.07,649.768582,energidataservice_csv,1,,2026-07-12 14:53:35
2844,2025-08-13 02:00:00,2025-08-13 02:00:00,DK2,87.120003,650.141734,energidataservice_csv,1,,2026-07-12 14:53:35
2841,2025-08-13 03:00:00,2025-08-13 03:00:00,DK1,93.300003,696.260602,energidataservice_csv,1,,2026-07-12 14:53:35
2842,2025-08-13 03:00:00,2025-08-13 03:00:00,DK2,93.349998,696.633695,energidataservice_csv,1,,2026-07-12 14:53:35
2839,2025-08-13 04:00:00,2025-08-13 04:00:00,DK1,108.870003,812.453284,energidataservice_csv,1,,2026-07-12 14:53:35
2840,2025-08-13 04:00:00,2025-08-13 04:00:00,DK2,108.730003,811.40852,energidataservice_csv,1,,2026-07-12 14:53:35
2837,2025-08-13 05:00:00,2025-08-13 05:00:00,DK1,107.519997,802.37873,energidataservice_csv,1,,2026-07-12 14:53:35
2838,2025-08-13 05:00:00,2025-08-13 05:00:00,DK2,107.660004,803.423546,energidataservice_csv,1,,2026-07-12 14:53:35
2835,2025-08-13 06:00:00,2025-08-13 06:00:00,DK1,105.870003,790.065484,energidataservice_csv,1,,2026-07-12 14:53:35
2836,2025-08-13 06:00:00,2025-08-13 06:00:00,DK2,105.870003,790.065484,energidataservice_csv,1,,2026-07-12 14:53:35
2833,2025-08-13 07:00:00,2025-08-13 07:00:00,DK1,93.599998,698.499345,energidataservice_csv,1,,2026-07-12 14:53:35
2834,2025-08-13 07:00:00,2025-08-13 07:00:00,DK2,93.599998,698.499345,energidataservice_csv,1,,2026-07-12 14:53:35
2831,2025-08-13 08:00:00,2025-08-13 08:00:00,DK1,89.260002,666.111691,energidataservice_csv,1,,2026-07-12 14:53:35
2832,2025-08-13 08:00:00,2025-08-13 08:00:00,DK2,89.260002,666.111691,energidataservice_csv,1,,2026-07-12 14:53:35
2829,2025-08-13 09:00:00,2025-08-13 09:00:00,DK1,68.199997,508.949298,energidataservice_csv,1,,2026-07-12 14:53:35
2830,2025-08-13 09:00:00,2025-08-13 09:00:00,DK2,68.220001,509.098579,energidataservice_csv,1,,2026-07-12 14:53:35
2827,2025-08-13 10:00:00,2025-08-13 10:00:00,DK1,44.290001,330.518561,energidataservice_csv,1,,2026-07-12 14:53:35
2828,2025-08-13 10:00:00,2025-08-13 10:00:00,DK2,44.279999,330.443921,energidataservice_csv,1,,2026-07-12 14:53:35
2825,2025-08-13 11:00:00,2025-08-13 11:00:00,DK1,27.889999,208.131907,energidataservice_csv,1,,2026-07-12 14:53:35
2826,2025-08-13 11:00:00,2025-08-13 11:00:00,DK2,27.940001,208.505051,energidataservice_csv,1,,2026-07-12 14:53:35
2823,2025-08-13 12:00:00,2025-08-13 12:00:00,DK1,41.66,310.891916,energidataservice_csv,1,,2026-07-12 14:53:35
2824,2025-08-13 12:00:00,2025-08-13 12:00:00,DK2,41.66,310.891916,energidataservice_csv,1,,2026-07-12 14:53:35
2821,2025-08-13 13:00:00,2025-08-13 13:00:00,DK1,70.900002,529.098355,energidataservice_csv,1,,2026-07-12 14:53:35
2822,2025-08-13 13:00:00,2025-08-13 13:00:00,DK2,69.790001,520.814861,energidataservice_csv,1,,2026-07-12 14:53:35
2819,2025-08-13 14:00:00,2025-08-13 14:00:00,DK1,84.300003,629.097202,energidataservice_csv,1,,2026-07-12 14:53:35
2820,2025-08-13 14:00:00,2025-08-13 14:00:00,DK2,85.400002,637.306055,energidataservice_csv,1,,2026-07-12 14:53:35
2817,2025-08-13 15:00:00,2025-08-13 15:00:00,DK1,96.639999,721.185657,energidataservice_csv,1,,2026-07-12 14:53:35
2818,2025-08-13 15:00:00,2025-08-13 15:00:00,DK2,96.919998,723.275177,energidataservice_csv,1,,2026-07-12 14:53:35
2815,2025-08-13 16:00:00,2025-08-13 16:00:00,DK1,115.339996,860.736254,energidataservice_csv,1,,2026-07-12 14:53:35
2816,2025-08-13 16:00:00,2025-08-13 16:00:00,DK2,121.269997,904.98948,energidataservice_csv,1,,2026-07-12 14:53:35
2813,2025-08-13 17:00:00,2025-08-13 17:00:00,DK1,193.300003,1442.520602,energidataservice_csv,1,,2026-07-12 14:53:35
2814,2025-08-13 17:00:00,2025-08-13 17:00:00,DK2,191.479996,1428.938618,energidataservice_csv,1,,2026-07-12 14:53:35
2811,2025-08-13 18:00:00,2025-08-13 18:00:00,DK1,226.639999,1691.323657,energidataservice_csv,1,,2026-07-12 14:53:35
2812,2025-08-13 18:00:00,2025-08-13 18:00:00,DK2,228.240005,1703.263861,energidataservice_csv,1,,2026-07-12 14:53:35
2809,2025-08-13 19:00:00,2025-08-13 19:00:00,DK1,154.520004,1153.120982,energidataservice_csv,1,,2026-07-12 14:53:35
2810,2025-08-13 19:00:00,2025-08-13 19:00:00,DK2,153.160004,1142.971846,energidataservice_csv,1,,2026-07-12 14:53:35
2807,2025-08-13 20:00:00,2025-08-13 20:00:00,DK1,123.209999,919.466939,energidataservice_csv,1,,2026-07-12 14:53:35
2808,2025-08-13 20:00:00,2025-08-13 20:00:00,DK2,123.239998,919.690809,energidataservice_csv,1,,2026-07-12 14:53:35
2805,2025-08-13 21:00:00,2025-08-13 21:00:00,DK1,106.269997,793.05048,energidataservice_csv,1,,2026-07-12 14:53:35
2806,2025-08-13 21:00:00,2025-08-13 21:00:00,DK2,106.300003,793.274402,energidataservice_csv,1,,2026-07-12 14:53:35
2803,2025-08-13 22:00:00,2025-08-13 22:00:00,DK1,98.099998,732.149715,energidataservice_csv,1,,2026-07-12 14:53:35
2804,2025-08-13 22:00:00,2025-08-13 22:00:00,DK2,98.160004,732.597558,energidataservice_csv,1,,2026-07-12 14:53:35
2801,2025-08-13 23:00:00,2025-08-13 23:00:00,DK1,92.0,686.6236,energidataservice_csv,1,,2026-07-12 14:53:35
2802,2025-08-13 23:00:00,2025-08-13 23:00:00,DK2,92.050003,686.996787,energidataservice_csv,1,,2026-07-12 14:53:35
2799,2025-08-14 00:00:00,2025-08-14 00:00:00,DK1,88.449997,660.128863,energidataservice_csv,1,,2026-07-12 14:53:35
2800,2025-08-14 00:00:00,2025-08-14 00:00:00,DK2,88.5,660.50205,energidataservice_csv,1,,2026-07-12 14:53:35
2797,2025-08-14 01:00:00,2025-08-14 01:00:00,DK1,88.199997,658.263038,energidataservice_csv,1,,2026-07-12 14:53:35
2798,2025-08-14 01:00:00,2025-08-14 01:00:00,DK2,88.25,658.636225,energidataservice_csv,1,,2026-07-12 14:53:35
2795,2025-08-14 02:00:00,2025-08-14 02:00:00,DK1,88.529999,660.725942,energidataservice_csv,1,,2026-07-12 14:53:35
2796,2025-08-14 02:00:00,2025-08-14 02:00:00,DK2,88.580002,661.099129,energidataservice_csv,1,,2026-07-12 14:53:35
2793,2025-08-14 03:00:00,2025-08-14 03:00:00,DK1,97.519997,727.820994,energidataservice_csv,1,,2026-07-12 14:53:35
2794,2025-08-14 03:00:00,2025-08-14 03:00:00,DK2,97.580002,728.268829,energidataservice_csv,1,,2026-07-12 14:53:35
2791,2025-08-14 04:00:00,2025-08-14 04:00:00,DK1,106.169998,792.378546,energidataservice_csv,1,,2026-07-12 14:53:35
2792,2025-08-14 04:00:00,2025-08-14 04:00:00,DK2,106.239998,792.900977,energidataservice_csv,1,,2026-07-12 14:53:35
2789,2025-08-14 05:00:00,2025-08-14 05:00:00,DK1,109.919998,820.365921,energidataservice_csv,1,,2026-07-12 14:53:35
2790,2025-08-14 05:00:00,2025-08-14 05:00:00,DK2,109.989998,820.888352,energidataservice_csv,1,,2026-07-12 14:53:35
2787,2025-08-14 06:00:00,2025-08-14 06:00:00,DK1,99.510002,742.672998,energidataservice_csv,1,,2026-07-12 14:53:35
2788,2025-08-14 06:00:00,2025-08-14 06:00:00,DK2,99.540001,742.896889,energidataservice_csv,1,,2026-07-12 14:53:35
2785,2025-08-14 07:00:00,2025-08-14 07:00:00,DK1,91.099998,679.906615,energidataservice_csv,1,,2026-07-12 14:53:35
2786,2025-08-14 07:00:00,2025-08-14 07:00:00,DK2,91.129997,680.130507,energidataservice_csv,1,,2026-07-12 14:53:35
2783,2025-08-14 08:00:00,2025-08-14 08:00:00,DK1,81.260002,606.467773,energidataservice_csv,1,,2026-07-12 14:53:35
2784,2025-08-14 08:00:00,2025-08-14 08:00:00,DK2,81.290001,606.691664,energidataservice_csv,1,,2026-07-12 14:53:35
2781,2025-08-14 09:00:00,2025-08-14 09:00:00,DK1,67.57,504.295181,energidataservice_csv,1,,2026-07-12 14:53:35
2782,2025-08-14 09:00:00,2025-08-14 09:00:00,DK2,67.580002,504.369829,energidataservice_csv,1,,2026-07-12 14:53:35
2779,2025-08-14 10:00:00,2025-08-14 10:00:00,DK1,54.09,403.689897,energidataservice_csv,1,,2026-07-12 14:53:35
2780,2025-08-14 10:00:00,2025-08-14 10:00:00,DK2,54.110001,403.83917,energidataservice_csv,1,,2026-07-12 14:53:35
2777,2025-08-14 11:00:00,2025-08-14 11:00:00,DK1,41.02,306.144566,energidataservice_csv,1,,2026-07-12 14:53:35
2778,2025-08-14 11:00:00,2025-08-14 11:00:00,DK2,41.029999,306.219192,energidataservice_csv,1,,2026-07-12 14:53:35
2775,2025-08-14 12:00:00,2025-08-14 12:00:00,DK1,54.900002,409.735185,energidataservice_csv,1,,2026-07-12 14:53:35
2776,2025-08-14 12:00:00,2025-08-14 12:00:00,DK2,54.950001,410.108342,energidataservice_csv,1,,2026-07-12 14:53:35
2773,2025-08-14 13:00:00,2025-08-14 13:00:00,DK1,69.43,518.176919,energidataservice_csv,1,,2026-07-12 14:53:35
2774,2025-08-14 13:00:00,2025-08-14 13:00:00,DK2,68.839996,513.773542,energidataservice_csv,1,,2026-07-12 14:53:35
2771,2025-08-14 14:00:00,2025-08-14 14:00:00,DK1,78.989998,589.526052,energidataservice_csv,1,,2026-07-12 14:53:35
2772,2025-08-14 14:00:00,2025-08-14 14:00:00,DK2,79.68,594.675744,energidataservice_csv,1,,2026-07-12 14:53:35
2769,2025-08-14 15:00:00,2025-08-14 15:00:00,DK1,97.220001,725.582033,energidataservice_csv,1,,2026-07-12 14:53:35
2770,2025-08-14 15:00:00,2025-08-14 15:00:00,DK2,97.279999,726.029817,energidataservice_csv,1,,2026-07-12 14:53:35
2767,2025-08-14 16:00:00,2025-08-14 16:00:00,DK1,115.540001,862.309689,energidataservice_csv,1,,2026-07-12 14:53:35
2768,2025-08-14 16:00:00,2025-08-14 16:00:00,DK2,115.620003,862.906768,energidataservice_csv,1,,2026-07-12 14:53:35
2765,2025-08-14 17:00:00,2025-08-14 17:00:00,DK1,233.800003,1744.919562,energidataservice_csv,1,,2026-07-12 14:53:35
2766,2025-08-14 17:00:00,2025-08-14 17:00:00,DK2,233.949997,1746.039013,energidataservice_csv,1,,2026-07-12 14:53:35
2763,2025-08-14 18:00:00,2025-08-14 18:00:00,DK1,283.890015,2118.756349,energidataservice_csv,1,,2026-07-12 14:53:35
2764,2025-08-14 18:00:00,2025-08-14 18:00:00,DK2,284.049988,2119.950275,energidataservice_csv,1,,2026-07-12 14:53:35
2761,2025-08-14 19:00:00,2025-08-14 19:00:00,DK1,155.839996,1163.080642,energidataservice_csv,1,,2026-07-12 14:53:35
2762,2025-08-14 19:00:00,2025-08-14 19:00:00,DK2,155.940002,1163.827017,energidataservice_csv,1,,2026-07-12 14:53:35
2759,2025-08-14 20:00:00,2025-08-14 20:00:00,DK1,120.709999,900.894936,energidataservice_csv,1,,2026-07-12 14:53:35
2760,2025-08-14 20:00:00,2025-08-14 20:00:00,DK2,120.779999,901.417367,energidataservice_csv,1,,2026-07-12 14:53:35
2757,2025-08-14 21:00:00,2025-08-14 21:00:00,DK1,105.949997,790.736613,energidataservice_csv,1,,2026-07-12 14:53:35
2758,2025-08-14 21:00:00,2025-08-14 21:00:00,DK2,106.010002,791.184448,energidataservice_csv,1,,2026-07-12 14:53:35
2755,2025-08-14 22:00:00,2025-08-14 22:00:00,DK1,99.589996,743.299894,energidataservice_csv,1,,2026-07-12 14:53:35
2756,2025-08-14 22:00:00,2025-08-14 22:00:00,DK2,99.660004,743.822406,energidataservice_csv,1,,2026-07-12 14:53:35
2753,2025-08-14 23:00:00,2025-08-14 23:00:00,DK1,98.970001,738.672499,energidataservice_csv,1,,2026-07-12 14:53:35
2754,2025-08-14 23:00:00,2025-08-14 23:00:00,DK2,99.029999,739.120301,energidataservice_csv,1,,2026-07-12 14:53:35
2751,2025-08-15 00:00:00,2025-08-15 00:00:00,DK1,93.900002,700.832055,energidataservice_csv,1,,2026-07-12 14:53:35
2752,2025-08-15 00:00:00,2025-08-15 00:00:00,DK2,93.949997,701.205198,energidataservice_csv,1,,2026-07-12 14:53:35
2749,2025-08-15 01:00:00,2025-08-15 01:00:00,DK1,90.330002,674.187003,energidataservice_csv,1,,2026-07-12 14:53:35
2750,2025-08-15 01:00:00,2025-08-15 01:00:00,DK2,90.379997,674.560146,energidataservice_csv,1,,2026-07-12 14:53:35
2747,2025-08-15 02:00:00,2025-08-15 02:00:00,DK1,92.0,686.6512,energidataservice_csv,1,,2026-07-12 14:53:35
2748,2025-08-15 02:00:00,2025-08-15 02:00:00,DK2,92.050003,687.024402,energidataservice_csv,1,,2026-07-12 14:53:35
2745,2025-08-15 03:00:00,2025-08-15 03:00:00,DK1,96.910004,723.297506,energidataservice_csv,1,,2026-07-12 14:53:35
2746,2025-08-15 03:00:00,2025-08-15 03:00:00,DK2,96.959999,723.670649,energidataservice_csv,1,,2026-07-12 14:53:35
2743,2025-08-15 04:00:00,2025-08-15 04:00:00,DK1,101.660004,758.749606,energidataservice_csv,1,,2026-07-12 14:53:35
2744,2025-08-15 04:00:00,2025-08-15 04:00:00,DK2,101.720001,759.197399,energidataservice_csv,1,,2026-07-12 14:53:35
2741,2025-08-15 05:00:00,2025-08-15 05:00:00,DK1,101.309998,756.137301,energidataservice_csv,1,,2026-07-12 14:53:35
2742,2025-08-15 05:00:00,2025-08-15 05:00:00,DK2,101.339996,756.361194,energidataservice_csv,1,,2026-07-12 14:53:35
2739,2025-08-15 06:00:00,2025-08-15 06:00:00,DK1,96.599998,720.983745,energidataservice_csv,1,,2026-07-12 14:53:35
2740,2025-08-15 06:00:00,2025-08-15 06:00:00,DK2,96.599998,720.983745,energidataservice_csv,1,,2026-07-12 14:53:35
2737,2025-08-15 07:00:00,2025-08-15 07:00:00,DK1,83.470001,622.986699,energidataservice_csv,1,,2026-07-12 14:53:35
2738,2025-08-15 07:00:00,2025-08-15 07:00:00,DK2,83.470001,622.986699,energidataservice_csv,1,,2026-07-12 14:53:35
2735,2025-08-15 08:00:00,2025-08-15 08:00:00,DK1,43.900002,327.652055,energidataservice_csv,1,,2026-07-12 14:53:35
2736,2025-08-15 08:00:00,2025-08-15 08:00:00,DK2,42.860001,319.889903,energidataservice_csv,1,,2026-07-12 14:53:35
2733,2025-08-15 09:00:00,2025-08-15 09:00:00,DK1,3.0,22.3908,energidataservice_csv,1,,2026-07-12 14:53:35
2734,2025-08-15 09:00:00,2025-08-15 09:00:00,DK2,3.07,22.913252,energidataservice_csv,1,,2026-07-12 14:53:35
2731,2025-08-15 10:00:00,2025-08-15 10:00:00,DK1,0.08,0.597088,energidataservice_csv,1,,2026-07-12 14:53:35
2732,2025-08-15 10:00:00,2025-08-15 10:00:00,DK2,1.05,7.83678,energidataservice_csv,1,,2026-07-12 14:53:35
2729,2025-08-15 11:00:00,2025-08-15 11:00:00,DK1,0.19,1.418084,energidataservice_csv,1,,2026-07-12 14:53:35
2730,2025-08-15 11:00:00,2025-08-15 11:00:00,DK2,0.6,4.47816,energidataservice_csv,1,,2026-07-12 14:53:35
2727,2025-08-15 12:00:00,2025-08-15 12:00:00,DK1,0.0,0.0,energidataservice_csv,1,,2026-07-12 14:53:35
2728,2025-08-15 12:00:00,2025-08-15 12:00:00,DK2,0.01,0.074636,energidataservice_csv,1,,2026-07-12 14:53:35
2725,2025-08-15 13:00:00,2025-08-15 13:00:00,DK1,1.72,12.837392,energidataservice_csv,1,,2026-07-12 14:53:35
2726,2025-08-15 13:00:00,2025-08-15 13:00:00,DK2,1.8,13.43448,energidataservice_csv,1,,2026-07-12 14:53:35
2723,2025-08-15 14:00:00,2025-08-15 14:00:00,DK1,27.66,206.443176,energidataservice_csv,1,,2026-07-12 14:53:35
2724,2025-08-15 14:00:00,2025-08-15 14:00:00,DK2,27.59,205.920724,energidataservice_csv,1,,2026-07-12 14:53:35
2721,2025-08-15 15:00:00,2025-08-15 15:00:00,DK1,75.529999,563.725701,energidataservice_csv,1,,2026-07-12 14:53:35
2722,2025-08-15 15:00:00,2025-08-15 15:00:00,DK2,75.580002,564.098903,energidataservice_csv,1,,2026-07-12 14:53:35
2719,2025-08-15 16:00:00,2025-08-15 16:00:00,DK1,97.059998,724.417001,energidataservice_csv,1,,2026-07-12 14:53:35
2720,2025-08-15 16:00:00,2025-08-15 16:00:00,DK2,97.519997,727.85025,energidataservice_csv,1,,2026-07-12 14:53:35
2717,2025-08-15 17:00:00,2025-08-15 17:00:00,DK1,105.669998,788.678597,energidataservice_csv,1,,2026-07-12 14:53:35
2718,2025-08-15 17:00:00,2025-08-15 17:00:00,DK2,112.120003,836.818854,energidataservice_csv,1,,2026-07-12 14:53:35
2715,2025-08-15 18:00:00,2025-08-15 18:00:00,DK1,104.489998,779.871549,energidataservice_csv,1,,2026-07-12 14:53:35
2716,2025-08-15 18:00:00,2025-08-15 18:00:00,DK2,118.269997,882.71995,energidataservice_csv,1,,2026-07-12 14:53:35
2713,2025-08-15 19:00:00,2025-08-15 19:00:00,DK1,91.739998,684.710649,energidataservice_csv,1,,2026-07-12 14:53:35
2714,2025-08-15 19:00:00,2025-08-15 19:00:00,DK2,105.550003,787.783002,energidataservice_csv,1,,2026-07-12 14:53:35
2711,2025-08-15 20:00:00,2025-08-15 20:00:00,DK1,85.099998,635.152345,energidataservice_csv,1,,2026-07-12 14:53:35
2712,2025-08-15 20:00:00,2025-08-15 20:00:00,DK2,99.050003,739.269602,energidataservice_csv,1,,2026-07-12 14:53:35
2709,2025-08-15 21:00:00,2025-08-15 21:00:00,DK1,79.959999,596.789449,energidataservice_csv,1,,2026-07-12 14:53:35
2710,2025-08-15 21:00:00,2025-08-15 21:00:00,DK2,90.790001,677.620251,energidataservice_csv,1,,2026-07-12 14:53:35
2707,2025-08-15 22:00:00,2025-08-15 22:00:00,DK1,89.470001,667.768299,energidataservice_csv,1,,2026-07-12 14:53:35
2708,2025-08-15 22:00:00,2025-08-15 22:00:00,DK2,96.07,717.028052,energidataservice_csv,1,,2026-07-12 14:53:35
2705,2025-08-15 23:00:00,2025-08-15 23:00:00,DK1,85.739998,639.929049,energidataservice_csv,1,,2026-07-12 14:53:35
2706,2025-08-15 23:00:00,2025-08-15 23:00:00,DK2,89.730003,669.70885,energidataservice_csv,1,,2026-07-12 14:53:35
2703,2025-08-16 00:00:00,2025-08-16 00:00:00,DK1,84.75,632.5401,energidataservice_csv,1,,2026-07-12 14:53:35
2704,2025-08-16 00:00:00,2025-08-16 00:00:00,DK2,88.639999,661.573497,energidataservice_csv,1,,2026-07-12 14:53:35
2701,2025-08-16 01:00:00,2025-08-16 01:00:00,DK1,83.339996,622.016394,energidataservice_csv,1,,2026-07-12 14:53:35
2702,2025-08-16 01:00:00,2025-08-16 01:00:00,DK2,84.410004,630.002506,energidataservice_csv,1,,2026-07-12 14:53:35
2699,2025-08-16 02:00:00,2025-08-16 02:00:00,DK1,82.730003,617.46365,energidataservice_csv,1,,2026-07-12 14:53:35
2700,2025-08-16 02:00:00,2025-08-16 02:00:00,DK2,82.730003,617.46365,energidataservice_csv,1,,2026-07-12 14:53:35
2697,2025-08-16 03:00:00,2025-08-16 03:00:00,DK1,87.089996,650.004894,energidataservice_csv,1,,2026-07-12 14:53:35
2698,2025-08-16 03:00:00,2025-08-16 03:00:00,DK2,87.089996,650.004894,energidataservice_csv,1,,2026-07-12 14:53:35
2695,2025-08-16 04:00:00,2025-08-16 04:00:00,DK1,90.68,676.799248,energidataservice_csv,1,,2026-07-12 14:53:35
2696,2025-08-16 04:00:00,2025-08-16 04:00:00,DK2,90.690002,676.873899,energidataservice_csv,1,,2026-07-12 14:53:35
2693,2025-08-16 05:00:00,2025-08-16 05:00:00,DK1,90.019997,671.87325,energidataservice_csv,1,,2026-07-12 14:53:35
2694,2025-08-16 05:00:00,2025-08-16 05:00:00,DK2,90.019997,671.87325,energidataservice_csv,1,,2026-07-12 14:53:35
2691,2025-08-16 06:00:00,2025-08-16 06:00:00,DK1,80.989998,604.476949,energidataservice_csv,1,,2026-07-12 14:53:35
2692,2025-08-16 06:00:00,2025-08-16 06:00:00,DK2,80.989998,604.476949,energidataservice_csv,1,,2026-07-12 14:53:35
2689,2025-08-16 07:00:00,2025-08-16 07:00:00,DK1,67.940002,507.076999,energidataservice_csv,1,,2026-07-12 14:53:35
2690,2025-08-16 07:00:00,2025-08-16 07:00:00,DK2,67.940002,507.076999,energidataservice_csv,1,,2026-07-12 14:53:35
2687,2025-08-16 08:00:00,2025-08-16 08:00:00,DK1,25.120001,187.485639,energidataservice_csv,1,,2026-07-12 14:53:35
2688,2025-08-16 08:00:00,2025-08-16 08:00:00,DK2,25.110001,187.411003,energidataservice_csv,1,,2026-07-12 14:53:35
2685,2025-08-16 09:00:00,2025-08-16 09:00:00,DK1,3.8,28.36168,energidataservice_csv,1,,2026-07-12 14:53:35
2686,2025-08-16 09:00:00,2025-08-16 09:00:00,DK2,3.54,26.421144,energidataservice_csv,1,,2026-07-12 14:53:35
2683,2025-08-16 10:00:00,2025-08-16 10:00:00,DK1,0.17,1.268812,energidataservice_csv,1,,2026-07-12 14:53:35
2684,2025-08-16 10:00:00,2025-08-16 10:00:00,DK2,0.39,2.910804,energidataservice_csv,1,,2026-07-12 14:53:35
2681,2025-08-16 11:00:00,2025-08-16 11:00:00,DK1,-0.01,-0.074636,energidataservice_csv,1,,2026-07-12 14:53:35
2682,2025-08-16 11:00:00,2025-08-16 11:00:00,DK2,0.04,0.298544,energidataservice_csv,1,,2026-07-12 14:53:35
2679,2025-08-16 12:00:00,2025-08-16 12:00:00,DK1,-0.01,-0.074636,energidataservice_csv,1,,2026-07-12 14:53:35
2680,2025-08-16 12:00:00,2025-08-16 12:00:00,DK2,-0.02,-0.149272,energidataservice_csv,1,,2026-07-12 14:53:35
2677,2025-08-16 13:00:00,2025-08-16 13:00:00,DK1,-0.01,-0.074636,energidataservice_csv,1,,2026-07-12 14:53:35
2678,2025-08-16 13:00:00,2025-08-16 13:00:00,DK2,-0.01,-0.074636,energidataservice_csv,1,,2026-07-12 14:53:35
2675,2025-08-16 14:00:00,2025-08-16 14:00:00,DK1,0.72,5.373792,energidataservice_csv,1,,2026-07-12 14:53:35
2676,2025-08-16 14:00:00,2025-08-16 14:00:00,DK2,1.43,10.672948,energidataservice_csv,1,,2026-07-12 14:53:35
2673,2025-08-16 15:00:00,2025-08-16 15:00:00,DK1,16.209999,120.984949,energidataservice_csv,1,,2026-07-12 14:53:35
2674,2025-08-16 15:00:00,2025-08-16 15:00:00,DK2,15.48,115.536528,energidataservice_csv,1,,2026-07-12 14:53:35
2671,2025-08-16 16:00:00,2025-08-16 16:00:00,DK1,69.919998,521.854897,energidataservice_csv,1,,2026-07-12 14:53:35
2672,2025-08-16 16:00:00,2025-08-16 16:00:00,DK2,69.919998,521.854897,energidataservice_csv,1,,2026-07-12 14:53:35
2669,2025-08-16 17:00:00,2025-08-16 17:00:00,DK1,95.0,709.042,energidataservice_csv,1,,2026-07-12 14:53:35
2670,2025-08-16 17:00:00,2025-08-16 17:00:00,DK2,95.0,709.042,energidataservice_csv,1,,2026-07-12 14:53:35
2667,2025-08-16 18:00:00,2025-08-16 18:00:00,DK1,102.620003,765.914654,energidataservice_csv,1,,2026-07-12 14:53:35
2668,2025-08-16 18:00:00,2025-08-16 18:00:00,DK2,102.620003,765.914654,energidataservice_csv,1,,2026-07-12 14:53:35
2665,2025-08-16 19:00:00,2025-08-16 19:00:00,DK1,100.610001,750.912803,energidataservice_csv,1,,2026-07-12 14:53:35
2666,2025-08-16 19:00:00,2025-08-16 19:00:00,DK2,100.610001,750.912803,energidataservice_csv,1,,2026-07-12 14:53:35
2663,2025-08-16 20:00:00,2025-08-16 20:00:00,DK1,95.0,709.042,energidataservice_csv,1,,2026-07-12 14:53:35
2664,2025-08-16 20:00:00,2025-08-16 20:00:00,DK2,95.0,709.042,energidataservice_csv,1,,2026-07-12 14:53:35
2661,2025-08-16 21:00:00,2025-08-16 21:00:00,DK1,90.0,671.724,energidataservice_csv,1,,2026-07-12 14:53:35
2662,2025-08-16 21:00:00,2025-08-16 21:00:00,DK2,90.0,671.724,energidataservice_csv,1,,2026-07-12 14:53:35
2659,2025-08-16 22:00:00,2025-08-16 22:00:00,DK1,91.279999,681.277401,energidataservice_csv,1,,2026-07-12 14:53:35
2660,2025-08-16 22:00:00,2025-08-16 22:00:00,DK2,91.279999,681.277401,energidataservice_csv,1,,2026-07-12 14:53:35
2657,2025-08-16 23:00:00,2025-08-16 23:00:00,DK1,85.339996,636.943594,energidataservice_csv,1,,2026-07-12 14:53:35
2658,2025-08-16 23:00:00,2025-08-16 23:00:00,DK2,85.339996,636.943594,energidataservice_csv,1,,2026-07-12 14:53:35
2655,2025-08-17 00:00:00,2025-08-17 00:00:00,DK1,86.860001,648.288303,energidataservice_csv,1,,2026-07-12 14:53:35
2656,2025-08-17 00:00:00,2025-08-17 00:00:00,DK2,86.860001,648.288303,energidataservice_csv,1,,2026-07-12 14:53:35
2653,2025-08-17 01:00:00,2025-08-17 01:00:00,DK1,86.629997,646.571646,energidataservice_csv,1,,2026-07-12 14:53:35
2654,2025-08-17 01:00:00,2025-08-17 01:00:00,DK2,86.629997,646.571646,energidataservice_csv,1,,2026-07-12 14:53:35
2651,2025-08-17 02:00:00,2025-08-17 02:00:00,DK1,87.730003,654.78165,energidataservice_csv,1,,2026-07-12 14:53:35
2652,2025-08-17 02:00:00,2025-08-17 02:00:00,DK2,87.709999,654.632349,energidataservice_csv,1,,2026-07-12 14:53:35
2649,2025-08-17 03:00:00,2025-08-17 03:00:00,DK1,89.93,671.201548,energidataservice_csv,1,,2026-07-12 14:53:35
2650,2025-08-17 03:00:00,2025-08-17 03:00:00,DK2,89.889999,670.902997,energidataservice_csv,1,,2026-07-12 14:53:35
2647,2025-08-17 04:00:00,2025-08-17 04:00:00,DK1,89.889999,670.902997,energidataservice_csv,1,,2026-07-12 14:53:35
2648,2025-08-17 04:00:00,2025-08-17 04:00:00,DK2,89.849998,670.604445,energidataservice_csv,1,,2026-07-12 14:53:35
2645,2025-08-17 05:00:00,2025-08-17 05:00:00,DK1,81.029999,604.775501,energidataservice_csv,1,,2026-07-12 14:53:35
2646,2025-08-17 05:00:00,2025-08-17 05:00:00,DK2,80.989998,604.476949,energidataservice_csv,1,,2026-07-12 14:53:35
2643,2025-08-17 06:00:00,2025-08-17 06:00:00,DK1,76.239998,569.024849,energidataservice_csv,1,,2026-07-12 14:53:35
2644,2025-08-17 06:00:00,2025-08-17 06:00:00,DK2,76.199997,568.726298,energidataservice_csv,1,,2026-07-12 14:53:35
2641,2025-08-17 07:00:00,2025-08-17 07:00:00,DK1,32.59,243.238724,energidataservice_csv,1,,2026-07-12 14:53:35
2642,2025-08-17 07:00:00,2025-08-17 07:00:00,DK2,32.560001,243.014823,energidataservice_csv,1,,2026-07-12 14:53:35
2639,2025-08-17 08:00:00,2025-08-17 08:00:00,DK1,9.96,74.337456,energidataservice_csv,1,,2026-07-12 14:53:35
2640,2025-08-17 08:00:00,2025-08-17 08:00:00,DK2,8.59,64.112324,energidataservice_csv,1,,2026-07-12 14:53:35
2637,2025-08-17 09:00:00,2025-08-17 09:00:00,DK1,2.08,15.524288,energidataservice_csv,1,,2026-07-12 14:53:35
2638,2025-08-17 09:00:00,2025-08-17 09:00:00,DK2,1.36,10.150496,energidataservice_csv,1,,2026-07-12 14:53:35
2635,2025-08-17 10:00:00,2025-08-17 10:00:00,DK1,2.07,15.449652,energidataservice_csv,1,,2026-07-12 14:53:35
2636,2025-08-17 10:00:00,2025-08-17 10:00:00,DK2,0.27,2.015172,energidataservice_csv,1,,2026-07-12 14:53:35
2633,2025-08-17 11:00:00,2025-08-17 11:00:00,DK1,2.02,15.076472,energidataservice_csv,1,,2026-07-12 14:53:35
2634,2025-08-17 11:00:00,2025-08-17 11:00:00,DK2,-0.03,-0.223908,energidataservice_csv,1,,2026-07-12 14:53:35
2631,2025-08-17 12:00:00,2025-08-17 12:00:00,DK1,1.86,13.882296,energidataservice_csv,1,,2026-07-12 14:53:35
2632,2025-08-17 12:00:00,2025-08-17 12:00:00,DK2,1.04,7.762144,energidataservice_csv,1,,2026-07-12 14:53:35
2629,2025-08-17 13:00:00,2025-08-17 13:00:00,DK1,1.47,10.971492,energidataservice_csv,1,,2026-07-12 14:53:35
2630,2025-08-17 13:00:00,2025-08-17 13:00:00,DK2,2.4,17.91264,energidataservice_csv,1,,2026-07-12 14:53:35
2627,2025-08-17 14:00:00,2025-08-17 14:00:00,DK1,13.81,103.072316,energidataservice_csv,1,,2026-07-12 14:53:35
2628,2025-08-17 14:00:00,2025-08-17 14:00:00,DK2,12.23,91.279828,energidataservice_csv,1,,2026-07-12 14:53:35
2625,2025-08-17 15:00:00,2025-08-17 15:00:00,DK1,72.400002,540.364655,energidataservice_csv,1,,2026-07-12 14:53:35
2626,2025-08-17 15:00:00,2025-08-17 15:00:00,DK2,72.220001,539.021199,energidataservice_csv,1,,2026-07-12 14:53:35
2623,2025-08-17 16:00:00,2025-08-17 16:00:00,DK1,96.690002,721.655499,energidataservice_csv,1,,2026-07-12 14:53:35
2624,2025-08-17 16:00:00,2025-08-17 16:00:00,DK2,96.690002,721.655499,energidataservice_csv,1,,2026-07-12 14:53:35
2621,2025-08-17 17:00:00,2025-08-17 17:00:00,DK1,110.0,820.996,energidataservice_csv,1,,2026-07-12 14:53:35
2622,2025-08-17 17:00:00,2025-08-17 17:00:00,DK2,109.830002,819.727203,energidataservice_csv,1,,2026-07-12 14:53:35
2619,2025-08-17 18:00:00,2025-08-17 18:00:00,DK1,110.660004,825.922006,energidataservice_csv,1,,2026-07-12 14:53:35
2620,2025-08-17 18:00:00,2025-08-17 18:00:00,DK2,110.830002,827.190803,energidataservice_csv,1,,2026-07-12 14:53:35
2617,2025-08-17 19:00:00,2025-08-17 19:00:00,DK1,110.139999,822.040897,energidataservice_csv,1,,2026-07-12 14:53:35
2618,2025-08-17 19:00:00,2025-08-17 19:00:00,DK2,110.139999,822.040897,energidataservice_csv,1,,2026-07-12 14:53:35
2615,2025-08-17 20:00:00,2025-08-17 20:00:00,DK1,105.099998,784.424345,energidataservice_csv,1,,2026-07-12 14:53:35
2616,2025-08-17 20:00:00,2025-08-17 20:00:00,DK2,105.099998,784.424345,energidataservice_csv,1,,2026-07-12 14:53:35
2613,2025-08-17 21:00:00,2025-08-17 21:00:00,DK1,102.540001,765.317551,energidataservice_csv,1,,2026-07-12 14:53:35
2614,2025-08-17 21:00:00,2025-08-17 21:00:00,DK2,102.540001,765.317551,energidataservice_csv,1,,2026-07-12 14:53:35
2611,2025-08-17 22:00:00,2025-08-17 22:00:00,DK1,91.989998,686.604146,energidataservice_csv,1,,2026-07-12 14:53:35
2612,2025-08-17 22:00:00,2025-08-17 22:00:00,DK2,92.0,686.6788,energidataservice_csv,1,,2026-07-12 14:53:35
2609,2025-08-17 23:00:00,2025-08-17 23:00:00,DK1,87.129997,650.329585,energidataservice_csv,1,,2026-07-12 14:53:35
2610,2025-08-17 23:00:00,2025-08-17 23:00:00,DK2,87.129997,650.329585,energidataservice_csv,1,,2026-07-12 14:53:35
2607,2025-08-18 00:00:00,2025-08-18 00:00:00,DK1,84.330002,629.430702,energidataservice_csv,1,,2026-07-12 14:53:35
2608,2025-08-18 00:00:00,2025-08-18 00:00:00,DK2,84.330002,629.430702,energidataservice_csv,1,,2026-07-12 14:53:35
2605,2025-08-18 01:00:00,2025-08-18 01:00:00,DK1,83.849998,625.848,energidataservice_csv,1,,2026-07-12 14:53:35
2606,2025-08-18 01:00:00,2025-08-18 01:00:00,DK2,83.860001,625.922661,energidataservice_csv,1,,2026-07-12 14:53:35
2603,2025-08-18 02:00:00,2025-08-18 02:00:00,DK1,89.459999,667.720487,energidataservice_csv,1,,2026-07-12 14:53:35
2604,2025-08-18 02:00:00,2025-08-18 02:00:00,DK2,89.459999,667.720487,energidataservice_csv,1,,2026-07-12 14:53:35
2601,2025-08-18 03:00:00,2025-08-18 03:00:00,DK1,99.269997,740.941331,energidataservice_csv,1,,2026-07-12 14:53:35
2602,2025-08-18 03:00:00,2025-08-18 03:00:00,DK2,99.269997,740.941331,energidataservice_csv,1,,2026-07-12 14:53:35
2599,2025-08-18 04:00:00,2025-08-18 04:00:00,DK1,118.510002,884.546804,energidataservice_csv,1,,2026-07-12 14:53:35
2600,2025-08-18 04:00:00,2025-08-18 04:00:00,DK2,117.57,877.530723,energidataservice_csv,1,,2026-07-12 14:53:35
2597,2025-08-18 05:00:00,2025-08-18 05:00:00,DK1,130.130005,971.277344,energidataservice_csv,1,,2026-07-12 14:53:35
2598,2025-08-18 05:00:00,2025-08-18 05:00:00,DK2,131.110001,978.591936,energidataservice_csv,1,,2026-07-12 14:53:35
2595,2025-08-18 06:00:00,2025-08-18 06:00:00,DK1,109.870003,820.058715,energidataservice_csv,1,,2026-07-12 14:53:35
2596,2025-08-18 06:00:00,2025-08-18 06:00:00,DK2,107.419998,801.772123,energidataservice_csv,1,,2026-07-12 14:53:35
2593,2025-08-18 07:00:00,2025-08-18 07:00:00,DK1,88.839996,663.092846,energidataservice_csv,1,,2026-07-12 14:53:35
2594,2025-08-18 07:00:00,2025-08-18 07:00:00,DK2,91.300003,681.454092,energidataservice_csv,1,,2026-07-12 14:53:35
2591,2025-08-18 08:00:00,2025-08-18 08:00:00,DK1,72.160004,538.595054,energidataservice_csv,1,,2026-07-12 14:53:35
2592,2025-08-18 08:00:00,2025-08-18 08:00:00,DK2,72.129997,538.371085,energidataservice_csv,1,,2026-07-12 14:53:35
2589,2025-08-18 09:00:00,2025-08-18 09:00:00,DK1,45.93,342.816927,energidataservice_csv,1,,2026-07-12 14:53:35
2590,2025-08-18 09:00:00,2025-08-18 09:00:00,DK2,47.299999,353.042463,energidataservice_csv,1,,2026-07-12 14:53:35
2587,2025-08-18 10:00:00,2025-08-18 10:00:00,DK1,20.040001,149.576563,energidataservice_csv,1,,2026-07-12 14:53:35
2588,2025-08-18 10:00:00,2025-08-18 10:00:00,DK2,28.01,209.063839,energidataservice_csv,1,,2026-07-12 14:53:35
2585,2025-08-18 11:00:00,2025-08-18 11:00:00,DK1,14.23,106.211297,energidataservice_csv,1,,2026-07-12 14:53:35
2586,2025-08-18 11:00:00,2025-08-18 11:00:00,DK2,16.209999,120.989812,energidataservice_csv,1,,2026-07-12 14:53:35
2583,2025-08-18 12:00:00,2025-08-18 12:00:00,DK1,18.34,136.887926,energidataservice_csv,1,,2026-07-12 14:53:35
2584,2025-08-18 12:00:00,2025-08-18 12:00:00,DK2,20.25,151.143975,energidataservice_csv,1,,2026-07-12 14:53:35
2581,2025-08-18 13:00:00,2025-08-18 13:00:00,DK1,54.560001,407.230391,energidataservice_csv,1,,2026-07-12 14:53:35
2582,2025-08-18 13:00:00,2025-08-18 13:00:00,DK2,54.529999,407.00646,energidataservice_csv,1,,2026-07-12 14:53:35
2579,2025-08-18 14:00:00,2025-08-18 14:00:00,DK1,70.940002,529.489081,energidataservice_csv,1,,2026-07-12 14:53:35
2580,2025-08-18 14:00:00,2025-08-18 14:00:00,DK2,70.919998,529.339773,energidataservice_csv,1,,2026-07-12 14:53:35
2577,2025-08-18 15:00:00,2025-08-18 15:00:00,DK1,90.32,674.139448,energidataservice_csv,1,,2026-07-12 14:53:35
2578,2025-08-18 15:00:00,2025-08-18 15:00:00,DK2,92.760002,692.351379,energidataservice_csv,1,,2026-07-12 14:53:35
2575,2025-08-18 16:00:00,2025-08-18 16:00:00,DK1,109.870003,820.058715,energidataservice_csv,1,,2026-07-12 14:53:35
2576,2025-08-18 16:00:00,2025-08-18 16:00:00,DK2,109.889999,820.207964,energidataservice_csv,1,,2026-07-12 14:53:35
2573,2025-08-18 17:00:00,2025-08-18 17:00:00,DK1,185.5,1384.55345,energidataservice_csv,1,,2026-07-12 14:53:35
2574,2025-08-18 17:00:00,2025-08-18 17:00:00,DK2,188.160004,1404.407454,energidataservice_csv,1,,2026-07-12 14:53:35
2571,2025-08-18 18:00:00,2025-08-18 18:00:00,DK1,193.960007,1447.698096,energidataservice_csv,1,,2026-07-12 14:53:35
2572,2025-08-18 18:00:00,2025-08-18 18:00:00,DK2,193.360001,1443.219711,energidataservice_csv,1,,2026-07-12 14:53:35
2569,2025-08-18 19:00:00,2025-08-18 19:00:00,DK1,124.669998,930.524398,energidataservice_csv,1,,2026-07-12 14:53:35
2570,2025-08-18 19:00:00,2025-08-18 19:00:00,DK2,124.690002,930.673706,energidataservice_csv,1,,2026-07-12 14:53:35
2567,2025-08-18 20:00:00,2025-08-18 20:00:00,DK1,107.489998,802.294596,energidataservice_csv,1,,2026-07-12 14:53:35
2568,2025-08-18 20:00:00,2025-08-18 20:00:00,DK2,107.489998,802.294596,energidataservice_csv,1,,2026-07-12 14:53:35
2565,2025-08-18 21:00:00,2025-08-18 21:00:00,DK1,102.0,761.3178,energidataservice_csv,1,,2026-07-12 14:53:35
2566,2025-08-18 21:00:00,2025-08-18 21:00:00,DK2,102.0,761.3178,energidataservice_csv,1,,2026-07-12 14:53:35
2563,2025-08-18 22:00:00,2025-08-18 22:00:00,DK1,101.010002,753.999261,energidataservice_csv,1,,2026-07-12 14:53:35
2564,2025-08-18 22:00:00,2025-08-18 22:00:00,DK2,101.010002,753.999261,energidataservice_csv,1,,2026-07-12 14:53:35
2561,2025-08-18 23:00:00,2025-08-18 23:00:00,DK1,94.82,707.793372,energidataservice_csv,1,,2026-07-12 14:53:35
2562,2025-08-18 23:00:00,2025-08-18 23:00:00,DK2,94.82,707.793372,energidataservice_csv,1,,2026-07-12 14:53:35
2559,2025-08-19 00:00:00,2025-08-19 00:00:00,DK1,88.199997,658.377698,energidataservice_csv,1,,2026-07-12 14:53:35
2560,2025-08-19 00:00:00,2025-08-19 00:00:00,DK2,88.199997,658.377698,energidataservice_csv,1,,2026-07-12 14:53:35
2557,2025-08-19 01:00:00,2025-08-19 01:00:00,DK1,86.370003,644.717524,energidataservice_csv,1,,2026-07-12 14:53:35
2558,2025-08-19 01:00:00,2025-08-19 01:00:00,DK2,86.370003,644.717524,energidataservice_csv,1,,2026-07-12 14:53:35
2555,2025-08-19 02:00:00,2025-08-19 02:00:00,DK1,90.089996,672.485784,energidataservice_csv,1,,2026-07-12 14:53:35
2556,2025-08-19 02:00:00,2025-08-19 02:00:00,DK2,90.089996,672.485784,energidataservice_csv,1,,2026-07-12 14:53:35
2553,2025-08-19 03:00:00,2025-08-19 03:00:00,DK1,101.019997,754.07387,energidataservice_csv,1,,2026-07-12 14:53:35
2554,2025-08-19 03:00:00,2025-08-19 03:00:00,DK2,101.019997,754.07387,energidataservice_csv,1,,2026-07-12 14:53:35
2551,2025-08-19 04:00:00,2025-08-19 04:00:00,DK1,111.099998,829.317045,energidataservice_csv,1,,2026-07-12 14:53:35
2552,2025-08-19 04:00:00,2025-08-19 04:00:00,DK2,111.110001,829.391713,energidataservice_csv,1,,2026-07-12 14:53:35
2549,2025-08-19 05:00:00,2025-08-19 05:00:00,DK1,109.949997,820.732748,energidataservice_csv,1,,2026-07-12 14:53:35
2550,2025-08-19 05:00:00,2025-08-19 05:00:00,DK2,109.959999,820.807409,energidataservice_csv,1,,2026-07-12 14:53:35
2547,2025-08-19 06:00:00,2025-08-19 06:00:00,DK1,98.050003,731.904052,energidataservice_csv,1,,2026-07-12 14:53:35
2548,2025-08-19 06:00:00,2025-08-19 06:00:00,DK2,98.059998,731.978661,energidataservice_csv,1,,2026-07-12 14:53:35
2545,2025-08-19 07:00:00,2025-08-19 07:00:00,DK1,88.57,661.139622,energidataservice_csv,1,,2026-07-12 14:53:35
2546,2025-08-19 07:00:00,2025-08-19 07:00:00,DK2,88.57,661.139622,energidataservice_csv,1,,2026-07-12 14:53:35
2543,2025-08-19 08:00:00,2025-08-19 08:00:00,DK1,69.639999,519.834737,energidataservice_csv,1,,2026-07-12 14:53:35
2544,2025-08-19 08:00:00,2025-08-19 08:00:00,DK2,69.639999,519.834737,energidataservice_csv,1,,2026-07-12 14:53:35
2541,2025-08-19 09:00:00,2025-08-19 09:00:00,DK1,43.23,322.694658,energidataservice_csv,1,,2026-07-12 14:53:35
2542,2025-08-19 09:00:00,2025-08-19 09:00:00,DK2,43.220001,322.620019,energidataservice_csv,1,,2026-07-12 14:53:35
2539,2025-08-19 10:00:00,2025-08-19 10:00:00,DK1,22.85,170.56611,energidataservice_csv,1,,2026-07-12 14:53:35
2540,2025-08-19 10:00:00,2025-08-19 10:00:00,DK2,22.84,170.491464,energidataservice_csv,1,,2026-07-12 14:53:35
2537,2025-08-19 11:00:00,2025-08-19 11:00:00,DK1,9.02,67.330692,energidataservice_csv,1,,2026-07-12 14:53:35
2538,2025-08-19 11:00:00,2025-08-19 11:00:00,DK2,9.08,67.778568,energidataservice_csv,1,,2026-07-12 14:53:35
2535,2025-08-19 12:00:00,2025-08-19 12:00:00,DK1,15.26,113.909796,energidataservice_csv,1,,2026-07-12 14:53:35
2536,2025-08-19 12:00:00,2025-08-19 12:00:00,DK2,15.46,115.402716,energidataservice_csv,1,,2026-07-12 14:53:35
2533,2025-08-19 13:00:00,2025-08-19 13:00:00,DK1,30.889999,230.581487,energidataservice_csv,1,,2026-07-12 14:53:35
2534,2025-08-19 13:00:00,2025-08-19 13:00:00,DK2,30.879999,230.506841,energidataservice_csv,1,,2026-07-12 14:53:35
2531,2025-08-19 14:00:00,2025-08-19 14:00:00,DK1,60.599998,452.354745,energidataservice_csv,1,,2026-07-12 14:53:35
2532,2025-08-19 14:00:00,2025-08-19 14:00:00,DK2,60.599998,452.354745,energidataservice_csv,1,,2026-07-12 14:53:35
2529,2025-08-19 15:00:00,2025-08-19 15:00:00,DK1,91.480003,682.86163,energidataservice_csv,1,,2026-07-12 14:53:35
2530,2025-08-19 15:00:00,2025-08-19 15:00:00,DK2,91.489998,682.936239,energidataservice_csv,1,,2026-07-12 14:53:35
2527,2025-08-19 16:00:00,2025-08-19 16:00:00,DK1,101.910004,760.717416,energidataservice_csv,1,,2026-07-12 14:53:35
2528,2025-08-19 16:00:00,2025-08-19 16:00:00,DK2,102.580002,765.718683,energidataservice_csv,1,,2026-07-12 14:53:35
2525,2025-08-19 17:00:00,2025-08-19 17:00:00,DK1,120.510002,899.558961,energidataservice_csv,1,,2026-07-12 14:53:35
2526,2025-08-19 17:00:00,2025-08-19 17:00:00,DK2,119.870003,894.781624,energidataservice_csv,1,,2026-07-12 14:53:35
2523,2025-08-19 18:00:00,2025-08-19 18:00:00,DK1,128.619995,960.096815,energidataservice_csv,1,,2026-07-12 14:53:35
2524,2025-08-19 18:00:00,2025-08-19 18:00:00,DK2,128.630005,960.171535,energidataservice_csv,1,,2026-07-12 14:53:35
2521,2025-08-19 19:00:00,2025-08-19 19:00:00,DK1,111.059998,829.018461,energidataservice_csv,1,,2026-07-12 14:53:35
2522,2025-08-19 19:00:00,2025-08-19 19:00:00,DK2,111.07,829.093122,energidataservice_csv,1,,2026-07-12 14:53:35
2519,2025-08-19 20:00:00,2025-08-19 20:00:00,DK1,104.410004,779.378916,energidataservice_csv,1,,2026-07-12 14:53:35
2520,2025-08-19 20:00:00,2025-08-19 20:00:00,DK2,104.410004,779.378916,energidataservice_csv,1,,2026-07-12 14:53:35
2517,2025-08-19 21:00:00,2025-08-19 21:00:00,DK1,96.779999,722.423981,energidataservice_csv,1,,2026-07-12 14:53:35
2518,2025-08-19 21:00:00,2025-08-19 21:00:00,DK2,96.779999,722.423981,energidataservice_csv,1,,2026-07-12 14:53:35
2515,2025-08-19 22:00:00,2025-08-19 22:00:00,DK1,95.470001,712.67401,energidataservice_csv,1,,2026-07-12 14:53:35
2516,2025-08-19 22:00:00,2025-08-19 22:00:00,DK2,96.75,722.229075,energidataservice_csv,1,,2026-07-12 14:53:35
2513,2025-08-19 23:00:00,2025-08-19 23:00:00,DK1,91.220001,680.948185,energidataservice_csv,1,,2026-07-12 14:53:35
2514,2025-08-19 23:00:00,2025-08-19 23:00:00,DK2,91.220001,680.948185,energidataservice_csv,1,,2026-07-12 14:53:35
2511,2025-08-20 00:00:00,2025-08-20 00:00:00,DK1,85.709999,639.816572,energidataservice_csv,1,,2026-07-12 14:53:35
2512,2025-08-20 00:00:00,2025-08-20 00:00:00,DK2,85.709999,639.816572,energidataservice_csv,1,,2026-07-12 14:53:35
2509,2025-08-20 01:00:00,2025-08-20 01:00:00,DK1,80.669998,602.193468,energidataservice_csv,1,,2026-07-12 14:53:35
2510,2025-08-20 01:00:00,2025-08-20 01:00:00,DK2,80.669998,602.193468,energidataservice_csv,1,,2026-07-12 14:53:35
2507,2025-08-20 02:00:00,2025-08-20 02:00:00,DK1,79.370003,592.489135,energidataservice_csv,1,,2026-07-12 14:53:35
2508,2025-08-20 02:00:00,2025-08-20 02:00:00,DK2,79.370003,592.489135,energidataservice_csv,1,,2026-07-12 14:53:35
2505,2025-08-20 03:00:00,2025-08-20 03:00:00,DK1,88.360001,659.598571,energidataservice_csv,1,,2026-07-12 14:53:35
2506,2025-08-20 03:00:00,2025-08-20 03:00:00,DK2,88.360001,659.598571,energidataservice_csv,1,,2026-07-12 14:53:35
2503,2025-08-20 04:00:00,2025-08-20 04:00:00,DK1,102.279999,763.509965,energidataservice_csv,1,,2026-07-12 14:53:35
2504,2025-08-20 04:00:00,2025-08-20 04:00:00,DK2,102.279999,763.509965,energidataservice_csv,1,,2026-07-12 14:53:35
2501,2025-08-20 05:00:00,2025-08-20 05:00:00,DK1,110.120003,822.03481,energidataservice_csv,1,,2026-07-12 14:53:35
2502,2025-08-20 05:00:00,2025-08-20 05:00:00,DK2,110.139999,822.184079,energidataservice_csv,1,,2026-07-12 14:53:35
2499,2025-08-20 06:00:00,2025-08-20 06:00:00,DK1,103.910004,775.677789,energidataservice_csv,1,,2026-07-12 14:53:35
2500,2025-08-20 06:00:00,2025-08-20 06:00:00,DK2,103.93,775.827057,energidataservice_csv,1,,2026-07-12 14:53:35
2497,2025-08-20 07:00:00,2025-08-20 07:00:00,DK1,90.050003,672.214267,energidataservice_csv,1,,2026-07-12 14:53:35
2498,2025-08-20 07:00:00,2025-08-20 07:00:00,DK2,90.050003,672.214267,energidataservice_csv,1,,2026-07-12 14:53:35
2495,2025-08-20 08:00:00,2025-08-20 08:00:00,DK1,80.980003,604.507624,energidataservice_csv,1,,2026-07-12 14:53:35
2496,2025-08-20 08:00:00,2025-08-20 08:00:00,DK2,80.970001,604.43296,energidataservice_csv,1,,2026-07-12 14:53:35
2493,2025-08-20 09:00:00,2025-08-20 09:00:00,DK1,69.059998,515.525979,energidataservice_csv,1,,2026-07-12 14:53:35
2494,2025-08-20 09:00:00,2025-08-20 09:00:00,DK2,68.989998,515.003436,energidataservice_csv,1,,2026-07-12 14:53:35
2491,2025-08-20 10:00:00,2025-08-20 10:00:00,DK1,49.07,366.302643,energidataservice_csv,1,,2026-07-12 14:53:35
2492,2025-08-20 10:00:00,2025-08-20 10:00:00,DK2,48.610001,362.868796,energidataservice_csv,1,,2026-07-12 14:53:35
2489,2025-08-20 11:00:00,2025-08-20 11:00:00,DK1,35.0,261.2715,energidataservice_csv,1,,2026-07-12 14:53:35
2490,2025-08-20 11:00:00,2025-08-20 11:00:00,DK2,35.490002,264.929316,energidataservice_csv,1,,2026-07-12 14:53:35
2487,2025-08-20 12:00:00,2025-08-20 12:00:00,DK1,42.029999,313.74974,energidataservice_csv,1,,2026-07-12 14:53:35
2488,2025-08-20 12:00:00,2025-08-20 12:00:00,DK2,42.490002,317.183616,energidataservice_csv,1,,2026-07-12 14:53:35
2485,2025-08-20 13:00:00,2025-08-20 13:00:00,DK1,73.019997,545.086976,energidataservice_csv,1,,2026-07-12 14:53:35
2486,2025-08-20 13:00:00,2025-08-20 13:00:00,DK2,72.529999,541.42919,energidataservice_csv,1,,2026-07-12 14:53:35
2483,2025-08-20 14:00:00,2025-08-20 14:00:00,DK1,81.449997,608.016083,energidataservice_csv,1,,2026-07-12 14:53:35
2484,2025-08-20 14:00:00,2025-08-20 14:00:00,DK2,81.230003,606.373849,energidataservice_csv,1,,2026-07-12 14:53:35
2481,2025-08-20 15:00:00,2025-08-20 15:00:00,DK1,101.690002,759.105696,energidataservice_csv,1,,2026-07-12 14:53:35
2482,2025-08-20 15:00:00,2025-08-20 15:00:00,DK2,101.099998,754.701375,energidataservice_csv,1,,2026-07-12 14:53:35
2479,2025-08-20 16:00:00,2025-08-20 16:00:00,DK1,109.160004,814.868514,energidataservice_csv,1,,2026-07-12 14:53:35
2480,2025-08-20 16:00:00,2025-08-20 16:00:00,DK2,110.019997,821.288276,energidataservice_csv,1,,2026-07-12 14:53:35
2477,2025-08-20 17:00:00,2025-08-20 17:00:00,DK1,135.149994,1008.88119,energidataservice_csv,1,,2026-07-12 14:53:35
2478,2025-08-20 17:00:00,2025-08-20 17:00:00,DK2,135.190002,1009.179846,energidataservice_csv,1,,2026-07-12 14:53:35
2475,2025-08-20 18:00:00,2025-08-20 18:00:00,DK1,126.110001,941.398546,energidataservice_csv,1,,2026-07-12 14:53:35
2476,2025-08-20 18:00:00,2025-08-20 18:00:00,DK2,126.839996,946.847886,energidataservice_csv,1,,2026-07-12 14:53:35
2473,2025-08-20 19:00:00,2025-08-20 19:00:00,DK1,114.949997,858.090233,energidataservice_csv,1,,2026-07-12 14:53:35
2474,2025-08-20 19:00:00,2025-08-20 19:00:00,DK2,115.75,864.062175,energidataservice_csv,1,,2026-07-12 14:53:35
2471,2025-08-20 20:00:00,2025-08-20 20:00:00,DK1,103.489998,772.542486,energidataservice_csv,1,,2026-07-12 14:53:35
2472,2025-08-20 20:00:00,2025-08-20 20:00:00,DK2,102.959999,768.586097,energidataservice_csv,1,,2026-07-12 14:53:35
2469,2025-08-20 21:00:00,2025-08-20 21:00:00,DK1,97.339996,726.633336,energidataservice_csv,1,,2026-07-12 14:53:35
2470,2025-08-20 21:00:00,2025-08-20 21:00:00,DK2,97.129997,725.065715,energidataservice_csv,1,,2026-07-12 14:53:35
2467,2025-08-20 22:00:00,2025-08-20 22:00:00,DK1,96.110001,717.374658,energidataservice_csv,1,,2026-07-12 14:53:35
2468,2025-08-20 22:00:00,2025-08-20 22:00:00,DK2,96.120003,717.449314,energidataservice_csv,1,,2026-07-12 14:53:35
2465,2025-08-20 23:00:00,2025-08-20 23:00:00,DK1,90.730003,677.217815,energidataservice_csv,1,,2026-07-12 14:53:35
2466,2025-08-20 23:00:00,2025-08-20 23:00:00,DK2,90.739998,677.292419,energidataservice_csv,1,,2026-07-12 14:53:35
2463,2025-08-21 00:00:00,2025-08-21 00:00:00,DK1,87.519997,653.25801,energidataservice_csv,1,,2026-07-12 14:53:35
2464,2025-08-21 00:00:00,2025-08-21 00:00:00,DK2,87.529999,653.332666,energidataservice_csv,1,,2026-07-12 14:53:35
2461,2025-08-21 01:00:00,2025-08-21 01:00:00,DK1,90.879997,678.337386,energidataservice_csv,1,,2026-07-12 14:53:35
2462,2025-08-21 01:00:00,2025-08-21 01:00:00,DK2,90.889999,678.412042,energidataservice_csv,1,,2026-07-12 14:53:35
2459,2025-08-21 02:00:00,2025-08-21 02:00:00,DK1,92.370003,689.458939,energidataservice_csv,1,,2026-07-12 14:53:35
2460,2025-08-21 02:00:00,2025-08-21 02:00:00,DK2,92.370003,689.458939,energidataservice_csv,1,,2026-07-12 14:53:35
2457,2025-08-21 03:00:00,2025-08-21 03:00:00,DK1,97.959999,731.183229,energidataservice_csv,1,,2026-07-12 14:53:35
2458,2025-08-21 03:00:00,2025-08-21 03:00:00,DK2,99.169998,740.214782,energidataservice_csv,1,,2026-07-12 14:53:35
2455,2025-08-21 04:00:00,2025-08-21 04:00:00,DK1,105.900002,790.448205,energidataservice_csv,1,,2026-07-12 14:53:35
2456,2025-08-21 04:00:00,2025-08-21 04:00:00,DK2,113.419998,846.578207,energidataservice_csv,1,,2026-07-12 14:53:35
2453,2025-08-21 05:00:00,2025-08-21 05:00:00,DK1,116.889999,872.478642,energidataservice_csv,1,,2026-07-12 14:53:35
2454,2025-08-21 05:00:00,2025-08-21 05:00:00,DK2,117.860001,879.718833,energidataservice_csv,1,,2026-07-12 14:53:35
2451,2025-08-21 06:00:00,2025-08-21 06:00:00,DK1,107.790001,804.555346,energidataservice_csv,1,,2026-07-12 14:53:35
2452,2025-08-21 06:00:00,2025-08-21 06:00:00,DK2,109.07,814.109387,energidataservice_csv,1,,2026-07-12 14:53:35
2449,2025-08-21 07:00:00,2025-08-21 07:00:00,DK1,97.32,726.406212,energidataservice_csv,1,,2026-07-12 14:53:35
2450,2025-08-21 07:00:00,2025-08-21 07:00:00,DK2,97.339996,726.555464,energidataservice_csv,1,,2026-07-12 14:53:35
2447,2025-08-21 08:00:00,2025-08-21 08:00:00,DK1,85.849998,640.79297,energidataservice_csv,1,,2026-07-12 14:53:35
2448,2025-08-21 08:00:00,2025-08-21 08:00:00,DK2,85.860001,640.867633,energidataservice_csv,1,,2026-07-12 14:53:35
2445,2025-08-21 09:00:00,2025-08-21 09:00:00,DK1,77.639999,579.512717,energidataservice_csv,1,,2026-07-12 14:53:35
2446,2025-08-21 09:00:00,2025-08-21 09:00:00,DK2,77.639999,579.512717,energidataservice_csv,1,,2026-07-12 14:53:35
2443,2025-08-21 10:00:00,2025-08-21 10:00:00,DK1,69.489998,518.680294,energidataservice_csv,1,,2026-07-12 14:53:35
2444,2025-08-21 10:00:00,2025-08-21 10:00:00,DK2,69.5,518.75495,energidataservice_csv,1,,2026-07-12 14:53:35
2441,2025-08-21 11:00:00,2025-08-21 11:00:00,DK1,66.089996,493.302339,energidataservice_csv,1,,2026-07-12 14:53:35
2442,2025-08-21 11:00:00,2025-08-21 11:00:00,DK2,66.089996,493.302339,energidataservice_csv,1,,2026-07-12 14:53:35
2439,2025-08-21 12:00:00,2025-08-21 12:00:00,DK1,56.259998,419.930251,energidataservice_csv,1,,2026-07-12 14:53:35
2440,2025-08-21 12:00:00,2025-08-21 12:00:00,DK2,56.259998,419.930251,energidataservice_csv,1,,2026-07-12 14:53:35
2437,2025-08-21 13:00:00,2025-08-21 13:00:00,DK1,68.199997,509.051598,energidataservice_csv,1,,2026-07-12 14:53:35
2438,2025-08-21 13:00:00,2025-08-21 13:00:00,DK2,68.190002,508.976994,energidataservice_csv,1,,2026-07-12 14:53:35
2435,2025-08-21 14:00:00,2025-08-21 14:00:00,DK1,72.389999,540.326192,energidataservice_csv,1,,2026-07-12 14:53:35
2436,2025-08-21 14:00:00,2025-08-21 14:00:00,DK2,72.379997,540.251536,energidataservice_csv,1,,2026-07-12 14:53:35
2433,2025-08-21 15:00:00,2025-08-21 15:00:00,DK1,87.669998,654.377632,energidataservice_csv,1,,2026-07-12 14:53:35
2434,2025-08-21 15:00:00,2025-08-21 15:00:00,DK2,94.230003,703.342165,energidataservice_csv,1,,2026-07-12 14:53:35
2431,2025-08-21 16:00:00,2025-08-21 16:00:00,DK1,94.0,701.6254,energidataservice_csv,1,,2026-07-12 14:53:35
2432,2025-08-21 16:00:00,2025-08-21 16:00:00,DK2,104.300003,778.505652,energidataservice_csv,1,,2026-07-12 14:53:35
2429,2025-08-21 17:00:00,2025-08-21 17:00:00,DK1,106.389999,794.105592,energidataservice_csv,1,,2026-07-12 14:53:35
2430,2025-08-21 17:00:00,2025-08-21 17:00:00,DK2,107.449997,802.017523,energidataservice_csv,1,,2026-07-12 14:53:35
2427,2025-08-21 18:00:00,2025-08-21 18:00:00,DK1,110.730003,826.499815,energidataservice_csv,1,,2026-07-12 14:53:35
2428,2025-08-21 18:00:00,2025-08-21 18:00:00,DK2,112.480003,839.56199,energidataservice_csv,1,,2026-07-12 14:53:35
2425,2025-08-21 19:00:00,2025-08-21 19:00:00,DK1,110.730003,826.499815,energidataservice_csv,1,,2026-07-12 14:53:35
2426,2025-08-21 19:00:00,2025-08-21 19:00:00,DK2,111.93,835.456713,energidataservice_csv,1,,2026-07-12 14:53:35
2423,2025-08-21 20:00:00,2025-08-21 20:00:00,DK1,105.0,783.7305,energidataservice_csv,1,,2026-07-12 14:53:35
2424,2025-08-21 20:00:00,2025-08-21 20:00:00,DK2,105.050003,784.103727,energidataservice_csv,1,,2026-07-12 14:53:35
2421,2025-08-21 21:00:00,2025-08-21 21:00:00,DK1,95.779999,714.911491,energidataservice_csv,1,,2026-07-12 14:53:35
2422,2025-08-21 21:00:00,2025-08-21 21:00:00,DK2,94.589996,706.029189,energidataservice_csv,1,,2026-07-12 14:53:35
2419,2025-08-21 22:00:00,2025-08-21 22:00:00,DK1,89.269997,666.36482,energidataservice_csv,1,,2026-07-12 14:53:35
2420,2025-08-21 22:00:00,2025-08-21 22:00:00,DK2,88.559998,661.064961,energidataservice_csv,1,,2026-07-12 14:53:35
2417,2025-08-21 23:00:00,2025-08-21 23:00:00,DK1,81.989998,612.022539,energidataservice_csv,1,,2026-07-12 14:53:35
2418,2025-08-21 23:00:00,2025-08-21 23:00:00,DK2,81.989998,612.022539,energidataservice_csv,1,,2026-07-12 14:53:35
2415,2025-08-22 00:00:00,2025-08-22 00:00:00,DK1,78.589996,586.642884,energidataservice_csv,1,,2026-07-12 14:53:35
2416,2025-08-22 00:00:00,2025-08-22 00:00:00,DK2,78.589996,586.642884,energidataservice_csv,1,,2026-07-12 14:53:35
2413,2025-08-22 01:00:00,2025-08-22 01:00:00,DK1,77.519997,578.65577,energidataservice_csv,1,,2026-07-12 14:53:35
2414,2025-08-22 01:00:00,2025-08-22 01:00:00,DK2,77.519997,578.65577,energidataservice_csv,1,,2026-07-12 14:53:35
2411,2025-08-22 02:00:00,2025-08-22 02:00:00,DK1,77.650002,579.626205,energidataservice_csv,1,,2026-07-12 14:53:35
2412,2025-08-22 02:00:00,2025-08-22 02:00:00,DK2,77.660004,579.700866,energidataservice_csv,1,,2026-07-12 14:53:35
2409,2025-08-22 03:00:00,2025-08-22 03:00:00,DK1,87.900002,656.138355,energidataservice_csv,1,,2026-07-12 14:53:35
2410,2025-08-22 03:00:00,2025-08-22 03:00:00,DK2,87.900002,656.138355,energidataservice_csv,1,,2026-07-12 14:53:35
2407,2025-08-22 04:00:00,2025-08-22 04:00:00,DK1,95.989998,716.526939,energidataservice_csv,1,,2026-07-12 14:53:35
2408,2025-08-22 04:00:00,2025-08-22 04:00:00,DK2,104.290001,778.483141,energidataservice_csv,1,,2026-07-12 14:53:35
2405,2025-08-22 05:00:00,2025-08-22 05:00:00,DK1,99.099998,739.741845,energidataservice_csv,1,,2026-07-12 14:53:35
2406,2025-08-22 05:00:00,2025-08-22 05:00:00,DK2,106.360001,793.934863,energidataservice_csv,1,,2026-07-12 14:53:35
2403,2025-08-22 06:00:00,2025-08-22 06:00:00,DK1,87.800003,655.391902,energidataservice_csv,1,,2026-07-12 14:53:35
2404,2025-08-22 06:00:00,2025-08-22 06:00:00,DK2,99.800003,744.967102,energidataservice_csv,1,,2026-07-12 14:53:35
2401,2025-08-22 07:00:00,2025-08-22 07:00:00,DK1,24.690001,184.300981,energidataservice_csv,1,,2026-07-12 14:53:35
2402,2025-08-22 07:00:00,2025-08-22 07:00:00,DK2,86.010002,642.030261,energidataservice_csv,1,,2026-07-12 14:53:35
2399,2025-08-22 08:00:00,2025-08-22 08:00:00,DK1,10.92,81.513432,energidataservice_csv,1,,2026-07-12 14:53:35
2400,2025-08-22 08:00:00,2025-08-22 08:00:00,DK2,72.489998,541.108839,energidataservice_csv,1,,2026-07-12 14:53:35
2397,2025-08-22 09:00:00,2025-08-22 09:00:00,DK1,6.7,50.01282,energidataservice_csv,1,,2026-07-12 14:53:35
2398,2025-08-22 09:00:00,2025-08-22 09:00:00,DK2,28.389999,211.919987,energidataservice_csv,1,,2026-07-12 14:53:35
2395,2025-08-22 10:00:00,2025-08-22 10:00:00,DK1,7.38,55.088748,energidataservice_csv,1,,2026-07-12 14:53:35
2396,2025-08-22 10:00:00,2025-08-22 10:00:00,DK2,8.24,61.508304,energidataservice_csv,1,,2026-07-12 14:53:35
2393,2025-08-22 11:00:00,2025-08-22 11:00:00,DK1,3.85,28.73871,energidataservice_csv,1,,2026-07-12 14:53:35
2394,2025-08-22 11:00:00,2025-08-22 11:00:00,DK2,3.89,29.037294,energidataservice_csv,1,,2026-07-12 14:53:35
2391,2025-08-22 12:00:00,2025-08-22 12:00:00,DK1,3.9,29.11194,energidataservice_csv,1,,2026-07-12 14:53:35
2392,2025-08-22 12:00:00,2025-08-22 12:00:00,DK2,3.88,28.962648,energidataservice_csv,1,,2026-07-12 14:53:35
2389,2025-08-22 13:00:00,2025-08-22 13:00:00,DK1,4.01,29.933046,energidataservice_csv,1,,2026-07-12 14:53:35
2390,2025-08-22 13:00:00,2025-08-22 13:00:00,DK2,16.15,120.55329,energidataservice_csv,1,,2026-07-12 14:53:35
2387,2025-08-22 14:00:00,2025-08-22 14:00:00,DK1,32.060001,239.315083,energidataservice_csv,1,,2026-07-12 14:53:35
2388,2025-08-22 14:00:00,2025-08-22 14:00:00,DK2,41.380001,308.885155,energidataservice_csv,1,,2026-07-12 14:53:35
2385,2025-08-22 15:00:00,2025-08-22 15:00:00,DK1,58.43,436.156578,energidataservice_csv,1,,2026-07-12 14:53:35
2386,2025-08-22 15:00:00,2025-08-22 15:00:00,DK2,71.089996,530.658384,energidataservice_csv,1,,2026-07-12 14:53:35
2383,2025-08-22 16:00:00,2025-08-22 16:00:00,DK1,83.080002,620.158983,energidataservice_csv,1,,2026-07-12 14:53:35
2384,2025-08-22 16:00:00,2025-08-22 16:00:00,DK2,84.239998,628.817889,energidataservice_csv,1,,2026-07-12 14:53:35
2381,2025-08-22 17:00:00,2025-08-22 17:00:00,DK1,106.07,791.770122,energidataservice_csv,1,,2026-07-12 14:53:35
2382,2025-08-22 17:00:00,2025-08-22 17:00:00,DK2,99.879997,745.564226,energidataservice_csv,1,,2026-07-12 14:53:35
2379,2025-08-22 18:00:00,2025-08-22 18:00:00,DK1,113.0,843.4998,energidataservice_csv,1,,2026-07-12 14:53:35
2380,2025-08-22 18:00:00,2025-08-22 18:00:00,DK2,108.150002,807.296505,energidataservice_csv,1,,2026-07-12 14:53:35
2377,2025-08-22 19:00:00,2025-08-22 19:00:00,DK1,107.629997,803.414876,energidataservice_csv,1,,2026-07-12 14:53:35
2378,2025-08-22 19:00:00,2025-08-22 19:00:00,DK2,99.889999,745.638887,energidataservice_csv,1,,2026-07-12 14:53:35
2375,2025-08-22 20:00:00,2025-08-22 20:00:00,DK1,103.089996,769.525584,energidataservice_csv,1,,2026-07-12 14:53:35
2376,2025-08-22 20:00:00,2025-08-22 20:00:00,DK2,99.879997,745.564226,energidataservice_csv,1,,2026-07-12 14:53:35
2373,2025-08-22 21:00:00,2025-08-22 21:00:00,DK1,94.370003,704.434324,energidataservice_csv,1,,2026-07-12 14:53:35
2374,2025-08-22 21:00:00,2025-08-22 21:00:00,DK2,94.370003,704.434324,energidataservice_csv,1,,2026-07-12 14:53:35
2371,2025-08-22 22:00:00,2025-08-22 22:00:00,DK1,95.330002,711.600333,energidataservice_csv,1,,2026-07-12 14:53:35
2372,2025-08-22 22:00:00,2025-08-22 22:00:00,DK2,82.669998,617.098467,energidataservice_csv,1,,2026-07-12 14:53:35
2369,2025-08-22 23:00:00,2025-08-22 23:00:00,DK1,89.32,666.738072,energidataservice_csv,1,,2026-07-12 14:53:35
2370,2025-08-22 23:00:00,2025-08-22 23:00:00,DK2,79.870003,596.197624,energidataservice_csv,1,,2026-07-12 14:53:35
2367,2025-08-23 00:00:00,2025-08-23 00:00:00,DK1,87.760002,655.093311,energidataservice_csv,1,,2026-07-12 14:53:35
2368,2025-08-23 00:00:00,2025-08-23 00:00:00,DK2,78.25,584.10495,energidataservice_csv,1,,2026-07-12 14:53:35
2365,2025-08-23 01:00:00,2025-08-23 01:00:00,DK1,85.209999,636.058559,energidataservice_csv,1,,2026-07-12 14:53:35
2366,2025-08-23 01:00:00,2025-08-23 01:00:00,DK2,85.209999,636.058559,energidataservice_csv,1,,2026-07-12 14:53:35
2363,2025-08-23 02:00:00,2025-08-23 02:00:00,DK1,85.559998,638.671161,energidataservice_csv,1,,2026-07-12 14:53:35
2364,2025-08-23 02:00:00,2025-08-23 02:00:00,DK2,85.559998,638.671161,energidataservice_csv,1,,2026-07-12 14:53:35
2361,2025-08-23 03:00:00,2025-08-23 03:00:00,DK1,85.599998,638.969745,energidataservice_csv,1,,2026-07-12 14:53:35
2362,2025-08-23 03:00:00,2025-08-23 03:00:00,DK2,85.599998,638.969745,energidataservice_csv,1,,2026-07-12 14:53:35
2359,2025-08-23 04:00:00,2025-08-23 04:00:00,DK1,86.669998,646.956867,energidataservice_csv,1,,2026-07-12 14:53:35
2360,2025-08-23 04:00:00,2025-08-23 04:00:00,DK2,86.669998,646.956867,energidataservice_csv,1,,2026-07-12 14:53:35
2357,2025-08-23 05:00:00,2025-08-23 05:00:00,DK1,86.779999,647.777981,energidataservice_csv,1,,2026-07-12 14:53:35
2358,2025-08-23 05:00:00,2025-08-23 05:00:00,DK2,86.779999,647.777981,energidataservice_csv,1,,2026-07-12 14:53:35
2355,2025-08-23 06:00:00,2025-08-23 06:00:00,DK1,83.57,623.816622,energidataservice_csv,1,,2026-07-12 14:53:35
2356,2025-08-23 06:00:00,2025-08-23 06:00:00,DK2,83.57,623.816622,energidataservice_csv,1,,2026-07-12 14:53:35
2353,2025-08-23 07:00:00,2025-08-23 07:00:00,DK1,62.900002,469.523355,energidataservice_csv,1,,2026-07-12 14:53:35
2354,2025-08-23 07:00:00,2025-08-23 07:00:00,DK2,61.380001,458.177155,energidataservice_csv,1,,2026-07-12 14:53:35
2351,2025-08-23 08:00:00,2025-08-23 08:00:00,DK1,14.69,109.654974,energidataservice_csv,1,,2026-07-12 14:53:35
2352,2025-08-23 08:00:00,2025-08-23 08:00:00,DK2,13.81,103.086126,energidataservice_csv,1,,2026-07-12 14:53:35
2349,2025-08-23 09:00:00,2025-08-23 09:00:00,DK1,4.01,29.933046,energidataservice_csv,1,,2026-07-12 14:53:35
2350,2025-08-23 09:00:00,2025-08-23 09:00:00,DK2,4.01,29.933046,energidataservice_csv,1,,2026-07-12 14:53:35
2347,2025-08-23 10:00:00,2025-08-23 10:00:00,DK1,3.0,22.3938,energidataservice_csv,1,,2026-07-12 14:53:35
2348,2025-08-23 10:00:00,2025-08-23 10:00:00,DK2,3.0,22.3938,energidataservice_csv,1,,2026-07-12 14:53:35
2345,2025-08-23 11:00:00,2025-08-23 11:00:00,DK1,2.01,15.003846,energidataservice_csv,1,,2026-07-12 14:53:35
2346,2025-08-23 11:00:00,2025-08-23 11:00:00,DK2,2.01,15.003846,energidataservice_csv,1,,2026-07-12 14:53:35
2343,2025-08-23 12:00:00,2025-08-23 12:00:00,DK1,1.84,13.734864,energidataservice_csv,1,,2026-07-12 14:53:35
2344,2025-08-23 12:00:00,2025-08-23 12:00:00,DK2,2.07,15.451722,energidataservice_csv,1,,2026-07-12 14:53:35
2341,2025-08-23 13:00:00,2025-08-23 13:00:00,DK1,3.52,26.275392,energidataservice_csv,1,,2026-07-12 14:53:35
2342,2025-08-23 13:00:00,2025-08-23 13:00:00,DK2,3.85,28.73871,energidataservice_csv,1,,2026-07-12 14:53:35
2339,2025-08-23 14:00:00,2025-08-23 14:00:00,DK1,12.1,90.32166,energidataservice_csv,1,,2026-07-12 14:53:35
2340,2025-08-23 14:00:00,2025-08-23 14:00:00,DK2,10.53,78.602238,energidataservice_csv,1,,2026-07-12 14:53:35
2337,2025-08-23 15:00:00,2025-08-23 15:00:00,DK1,72.190002,538.869489,energidataservice_csv,1,,2026-07-12 14:53:35
2338,2025-08-23 15:00:00,2025-08-23 15:00:00,DK2,71.43,533.196378,energidataservice_csv,1,,2026-07-12 14:53:35
2335,2025-08-23 16:00:00,2025-08-23 16:00:00,DK1,100.309998,748.774011,energidataservice_csv,1,,2026-07-12 14:53:35
2336,2025-08-23 16:00:00,2025-08-23 16:00:00,DK2,100.309998,748.774011,energidataservice_csv,1,,2026-07-12 14:53:35
2333,2025-08-23 17:00:00,2025-08-23 17:00:00,DK1,112.220001,837.677419,energidataservice_csv,1,,2026-07-12 14:53:35
2334,2025-08-23 17:00:00,2025-08-23 17:00:00,DK2,112.230003,837.75208,energidataservice_csv,1,,2026-07-12 14:53:35
2331,2025-08-23 18:00:00,2025-08-23 18:00:00,DK1,123.669998,923.147067,energidataservice_csv,1,,2026-07-12 14:53:35
2332,2025-08-23 18:00:00,2025-08-23 18:00:00,DK2,123.669998,923.147067,energidataservice_csv,1,,2026-07-12 14:53:35
2329,2025-08-23 19:00:00,2025-08-23 19:00:00,DK1,120.43,898.961778,energidataservice_csv,1,,2026-07-12 14:53:35
2330,2025-08-23 19:00:00,2025-08-23 19:00:00,DK2,120.43,898.961778,energidataservice_csv,1,,2026-07-12 14:53:35
2327,2025-08-23 20:00:00,2025-08-23 20:00:00,DK1,111.160004,829.764966,energidataservice_csv,1,,2026-07-12 14:53:35
2328,2025-08-23 20:00:00,2025-08-23 20:00:00,DK2,111.160004,829.764966,energidataservice_csv,1,,2026-07-12 14:53:35
2325,2025-08-23 21:00:00,2025-08-23 21:00:00,DK1,105.279999,785.873081,energidataservice_csv,1,,2026-07-12 14:53:35
2326,2025-08-23 21:00:00,2025-08-23 21:00:00,DK2,105.279999,785.873081,energidataservice_csv,1,,2026-07-12 14:53:35
2323,2025-08-23 22:00:00,2025-08-23 22:00:00,DK1,100.5,750.1923,energidataservice_csv,1,,2026-07-12 14:53:35
2324,2025-08-23 22:00:00,2025-08-23 22:00:00,DK2,100.5,750.1923,energidataservice_csv,1,,2026-07-12 14:53:35
2321,2025-08-23 23:00:00,2025-08-23 23:00:00,DK1,95.129997,710.107376,energidataservice_csv,1,,2026-07-12 14:53:35
2322,2025-08-23 23:00:00,2025-08-23 23:00:00,DK2,95.120003,710.032774,energidataservice_csv,1,,2026-07-12 14:53:35
2319,2025-08-24 00:00:00,2025-08-24 00:00:00,DK1,94.410004,704.732916,energidataservice_csv,1,,2026-07-12 14:53:35
2320,2025-08-24 00:00:00,2025-08-24 00:00:00,DK2,94.410004,704.732916,energidataservice_csv,1,,2026-07-12 14:53:35
2317,2025-08-24 01:00:00,2025-08-24 01:00:00,DK1,92.129997,687.713576,energidataservice_csv,1,,2026-07-12 14:53:35
2318,2025-08-24 01:00:00,2025-08-24 01:00:00,DK2,92.129997,687.713576,energidataservice_csv,1,,2026-07-12 14:53:35
2315,2025-08-24 02:00:00,2025-08-24 02:00:00,DK1,91.199997,680.771498,energidataservice_csv,1,,2026-07-12 14:53:35
2316,2025-08-24 02:00:00,2025-08-24 02:00:00,DK2,91.199997,680.771498,energidataservice_csv,1,,2026-07-12 14:53:35
2313,2025-08-24 03:00:00,2025-08-24 03:00:00,DK1,90.970001,679.054669,energidataservice_csv,1,,2026-07-12 14:53:35
2314,2025-08-24 03:00:00,2025-08-24 03:00:00,DK2,90.970001,679.054669,energidataservice_csv,1,,2026-07-12 14:53:35
2311,2025-08-24 04:00:00,2025-08-24 04:00:00,DK1,90.0,671.814,energidataservice_csv,1,,2026-07-12 14:53:35
2312,2025-08-24 04:00:00,2025-08-24 04:00:00,DK2,90.0,671.814,energidataservice_csv,1,,2026-07-12 14:53:35
2309,2025-08-24 05:00:00,2025-08-24 05:00:00,DK1,85.010002,634.565661,energidataservice_csv,1,,2026-07-12 14:53:35
2310,2025-08-24 05:00:00,2025-08-24 05:00:00,DK2,85.010002,634.565661,energidataservice_csv,1,,2026-07-12 14:53:35
2307,2025-08-24 06:00:00,2025-08-24 06:00:00,DK1,72.839996,543.721434,energidataservice_csv,1,,2026-07-12 14:53:35
2308,2025-08-24 06:00:00,2025-08-24 06:00:00,DK2,70.470001,526.030369,energidataservice_csv,1,,2026-07-12 14:53:35
2305,2025-08-24 07:00:00,2025-08-24 07:00:00,DK1,4.8,35.83008,energidataservice_csv,1,,2026-07-12 14:53:35
2306,2025-08-24 07:00:00,2025-08-24 07:00:00,DK2,3.85,28.73871,energidataservice_csv,1,,2026-07-12 14:53:35
2303,2025-08-24 08:00:00,2025-08-24 08:00:00,DK1,0.31,2.314026,energidataservice_csv,1,,2026-07-12 14:53:35
2304,2025-08-24 08:00:00,2025-08-24 08:00:00,DK2,1.17,8.733582,energidataservice_csv,1,,2026-07-12 14:53:35
2301,2025-08-24 09:00:00,2025-08-24 09:00:00,DK1,0.0,0.0,energidataservice_csv,1,,2026-07-12 14:53:35
2302,2025-08-24 09:00:00,2025-08-24 09:00:00,DK2,0.08,0.597168,energidataservice_csv,1,,2026-07-12 14:53:35
2299,2025-08-24 10:00:00,2025-08-24 10:00:00,DK1,0.0,0.0,energidataservice_csv,1,,2026-07-12 14:53:35
2300,2025-08-24 10:00:00,2025-08-24 10:00:00,DK2,0.0,0.0,energidataservice_csv,1,,2026-07-12 14:53:35
2297,2025-08-24 11:00:00,2025-08-24 11:00:00,DK1,-0.13,-0.970398,energidataservice_csv,1,,2026-07-12 14:53:35
2298,2025-08-24 11:00:00,2025-08-24 11:00:00,DK2,-0.14,-1.045044,energidataservice_csv,1,,2026-07-12 14:53:35
2295,2025-08-24 12:00:00,2025-08-24 12:00:00,DK1,-0.27,-2.015442,energidataservice_csv,1,,2026-07-12 14:53:35
2296,2025-08-24 12:00:00,2025-08-24 12:00:00,DK2,-0.27,-2.015442,energidataservice_csv,1,,2026-07-12 14:53:35
2293,2025-08-24 13:00:00,2025-08-24 13:00:00,DK1,-0.07,-0.522522,energidataservice_csv,1,,2026-07-12 14:53:35
2294,2025-08-24 13:00:00,2025-08-24 13:00:00,DK2,0.15,1.11969,energidataservice_csv,1,,2026-07-12 14:53:35
2291,2025-08-24 14:00:00,2025-08-24 14:00:00,DK1,0.0,0.0,energidataservice_csv,1,,2026-07-12 14:53:35
2292,2025-08-24 14:00:00,2025-08-24 14:00:00,DK2,2.81,20.975526,energidataservice_csv,1,,2026-07-12 14:53:35
2289,2025-08-24 15:00:00,2025-08-24 15:00:00,DK1,63.360001,472.957063,energidataservice_csv,1,,2026-07-12 14:53:35
2290,2025-08-24 15:00:00,2025-08-24 15:00:00,DK2,59.080002,441.008583,energidataservice_csv,1,,2026-07-12 14:53:35
2287,2025-08-24 16:00:00,2025-08-24 16:00:00,DK1,99.809998,745.041711,energidataservice_csv,1,,2026-07-12 14:53:35
2288,2025-08-24 16:00:00,2025-08-24 16:00:00,DK2,99.830002,745.191033,energidataservice_csv,1,,2026-07-12 14:53:35
2285,2025-08-24 17:00:00,2025-08-24 17:00:00,DK1,110.5,824.8383,energidataservice_csv,1,,2026-07-12 14:53:35
2286,2025-08-24 17:00:00,2025-08-24 17:00:00,DK2,110.519997,824.98757,energidataservice_csv,1,,2026-07-12 14:53:35
2283,2025-08-24 18:00:00,2025-08-24 18:00:00,DK1,117.309998,875.672211,energidataservice_csv,1,,2026-07-12 14:53:35
2284,2025-08-24 18:00:00,2025-08-24 18:00:00,DK2,117.339996,875.896134,energidataservice_csv,1,,2026-07-12 14:53:35
2281,2025-08-24 19:00:00,2025-08-24 19:00:00,DK1,114.32,853.353072,energidataservice_csv,1,,2026-07-12 14:53:35
2282,2025-08-24 19:00:00,2025-08-24 19:00:00,DK2,114.339996,853.502334,energidataservice_csv,1,,2026-07-12 14:53:35
2279,2025-08-24 20:00:00,2025-08-24 20:00:00,DK1,107.5,802.4445,energidataservice_csv,1,,2026-07-12 14:53:35
2280,2025-08-24 20:00:00,2025-08-24 20:00:00,DK2,107.5,802.4445,energidataservice_csv,1,,2026-07-12 14:53:35
2277,2025-08-24 21:00:00,2025-08-24 21:00:00,DK1,100.519997,750.34157,energidataservice_csv,1,,2026-07-12 14:53:35
2278,2025-08-24 21:00:00,2025-08-24 21:00:00,DK2,100.519997,750.34157,energidataservice_csv,1,,2026-07-12 14:53:35
2275,2025-08-24 22:00:00,2025-08-24 22:00:00,DK1,95.279999,711.169913,energidataservice_csv,1,,2026-07-12 14:53:35
2276,2025-08-24 22:00:00,2025-08-24 22:00:00,DK2,95.279999,711.169913,energidataservice_csv,1,,2026-07-12 14:53:35
2273,2025-08-24 23:00:00,2025-08-24 23:00:00,DK1,87.029999,649.591913,energidataservice_csv,1,,2026-07-12 14:53:35
2274,2025-08-24 23:00:00,2025-08-24 23:00:00,DK2,87.029999,649.591913,energidataservice_csv,1,,2026-07-12 14:53:35
2271,2025-08-25 00:00:00,2025-08-25 00:00:00,DK1,84.019997,627.125258,energidataservice_csv,1,,2026-07-12 14:53:35
2272,2025-08-25 00:00:00,2025-08-25 00:00:00,DK2,84.019997,627.125258,energidataservice_csv,1,,2026-07-12 14:53:35
2269,2025-08-25 01:00:00,2025-08-25 01:00:00,DK1,82.900002,618.765615,energidataservice_csv,1,,2026-07-12 14:53:35
2270,2025-08-25 01:00:00,2025-08-25 01:00:00,DK2,82.900002,618.765615,energidataservice_csv,1,,2026-07-12 14:53:35
2267,2025-08-25 02:00:00,2025-08-25 02:00:00,DK1,83.459999,622.945433,energidataservice_csv,1,,2026-07-12 14:53:35
2268,2025-08-25 02:00:00,2025-08-25 02:00:00,DK2,83.459999,622.945433,energidataservice_csv,1,,2026-07-12 14:53:35
2265,2025-08-25 03:00:00,2025-08-25 03:00:00,DK1,100.120003,747.295702,energidataservice_csv,1,,2026-07-12 14:53:35
2266,2025-08-25 03:00:00,2025-08-25 03:00:00,DK2,100.120003,747.295702,energidataservice_csv,1,,2026-07-12 14:53:35
2263,2025-08-25 04:00:00,2025-08-25 04:00:00,DK1,115.379997,861.196298,energidataservice_csv,1,,2026-07-12 14:53:35
2264,2025-08-25 04:00:00,2025-08-25 04:00:00,DK2,115.400002,861.345615,energidataservice_csv,1,,2026-07-12 14:53:35
2261,2025-08-25 05:00:00,2025-08-25 05:00:00,DK1,125.0,933.0,energidataservice_csv,1,,2026-07-12 14:53:35
2262,2025-08-25 05:00:00,2025-08-25 05:00:00,DK2,125.029999,933.223913,energidataservice_csv,1,,2026-07-12 14:53:35
2259,2025-08-25 06:00:00,2025-08-25 06:00:00,DK1,110.040001,821.338567,energidataservice_csv,1,,2026-07-12 14:53:35
2260,2025-08-25 06:00:00,2025-08-25 06:00:00,DK2,110.07,821.56248,energidataservice_csv,1,,2026-07-12 14:53:35
2257,2025-08-25 07:00:00,2025-08-25 07:00:00,DK1,91.970001,686.464087,energidataservice_csv,1,,2026-07-12 14:53:35
2258,2025-08-25 07:00:00,2025-08-25 07:00:00,DK2,91.989998,686.613345,energidataservice_csv,1,,2026-07-12 14:53:35
2255,2025-08-25 08:00:00,2025-08-25 08:00:00,DK1,72.980003,544.722742,energidataservice_csv,1,,2026-07-12 14:53:35
2256,2025-08-25 08:00:00,2025-08-25 08:00:00,DK2,72.989998,544.797345,energidataservice_csv,1,,2026-07-12 14:53:35
2253,2025-08-25 09:00:00,2025-08-25 09:00:00,DK1,35.02,261.38928,energidataservice_csv,1,,2026-07-12 14:53:35
2254,2025-08-25 09:00:00,2025-08-25 09:00:00,DK2,35.02,261.38928,energidataservice_csv,1,,2026-07-12 14:53:35
2251,2025-08-25 10:00:00,2025-08-25 10:00:00,DK1,10.0,74.64,energidataservice_csv,1,,2026-07-12 14:53:35
2252,2025-08-25 10:00:00,2025-08-25 10:00:00,DK2,10.0,74.64,energidataservice_csv,1,,2026-07-12 14:53:35
2249,2025-08-25 11:00:00,2025-08-25 11:00:00,DK1,5.93,44.26152,energidataservice_csv,1,,2026-07-12 14:53:35
2250,2025-08-25 11:00:00,2025-08-25 11:00:00,DK2,5.94,44.33616,energidataservice_csv,1,,2026-07-12 14:53:35
2247,2025-08-25 12:00:00,2025-08-25 12:00:00,DK1,6.78,50.60592,energidataservice_csv,1,,2026-07-12 14:53:35
2248,2025-08-25 12:00:00,2025-08-25 12:00:00,DK2,6.94,51.80016,energidataservice_csv,1,,2026-07-12 14:53:35
2245,2025-08-25 13:00:00,2025-08-25 13:00:00,DK1,25.200001,188.092807,energidataservice_csv,1,,2026-07-12 14:53:35
2246,2025-08-25 13:00:00,2025-08-25 13:00:00,DK2,25.030001,186.823927,energidataservice_csv,1,,2026-07-12 14:53:35
2243,2025-08-25 14:00:00,2025-08-25 14:00:00,DK1,56.43,421.19352,energidataservice_csv,1,,2026-07-12 14:53:35
2244,2025-08-25 14:00:00,2025-08-25 14:00:00,DK2,57.82,431.56848,energidataservice_csv,1,,2026-07-12 14:53:35
2241,2025-08-25 15:00:00,2025-08-25 15:00:00,DK1,86.669998,646.904865,energidataservice_csv,1,,2026-07-12 14:53:35
2242,2025-08-25 15:00:00,2025-08-25 15:00:00,DK2,85.279999,636.529913,energidataservice_csv,1,,2026-07-12 14:53:35
2239,2025-08-25 16:00:00,2025-08-25 16:00:00,DK1,111.540001,832.534567,energidataservice_csv,1,,2026-07-12 14:53:35
2240,2025-08-25 16:00:00,2025-08-25 16:00:00,DK2,111.529999,832.459913,energidataservice_csv,1,,2026-07-12 14:53:35
2237,2025-08-25 17:00:00,2025-08-25 17:00:00,DK1,159.029999,1186.999913,energidataservice_csv,1,,2026-07-12 14:53:35
2238,2025-08-25 17:00:00,2025-08-25 17:00:00,DK2,159.020004,1186.92531,energidataservice_csv,1,,2026-07-12 14:53:35
2235,2025-08-25 18:00:00,2025-08-25 18:00:00,DK1,232.820007,1737.768532,energidataservice_csv,1,,2026-07-12 14:53:35
2236,2025-08-25 18:00:00,2025-08-25 18:00:00,DK2,232.830002,1737.843135,energidataservice_csv,1,,2026-07-12 14:53:35
2233,2025-08-25 19:00:00,2025-08-25 19:00:00,DK1,138.039993,1030.330508,energidataservice_csv,1,,2026-07-12 14:53:35
2234,2025-08-25 19:00:00,2025-08-25 19:00:00,DK2,138.050003,1030.405222,energidataservice_csv,1,,2026-07-12 14:53:35
2231,2025-08-25 20:00:00,2025-08-25 20:00:00,DK1,115.040001,858.658567,energidataservice_csv,1,,2026-07-12 14:53:35
2232,2025-08-25 20:00:00,2025-08-25 20:00:00,DK2,115.040001,858.658567,energidataservice_csv,1,,2026-07-12 14:53:35
2229,2025-08-25 21:00:00,2025-08-25 21:00:00,DK1,105.150002,784.839615,energidataservice_csv,1,,2026-07-12 14:53:35
2230,2025-08-25 21:00:00,2025-08-25 21:00:00,DK2,105.150002,784.839615,energidataservice_csv,1,,2026-07-12 14:53:35
2227,2025-08-25 22:00:00,2025-08-25 22:00:00,DK1,105.800003,789.722962,energidataservice_csv,1,,2026-07-12 14:53:35
2228,2025-08-25 22:00:00,2025-08-25 22:00:00,DK2,105.800003,789.722962,energidataservice_csv,1,,2026-07-12 14:53:35
2225,2025-08-25 23:00:00,2025-08-25 23:00:00,DK1,100.440002,749.714307,energidataservice_csv,1,,2026-07-12 14:53:35
2226,2025-08-25 23:00:00,2025-08-25 23:00:00,DK2,100.440002,749.714307,energidataservice_csv,1,,2026-07-12 14:53:35
2223,2025-08-26 00:00:00,2025-08-26 00:00:00,DK1,96.580002,720.902109,energidataservice_csv,1,,2026-07-12 14:53:35
2224,2025-08-26 00:00:00,2025-08-26 00:00:00,DK2,96.580002,720.902109,energidataservice_csv,1,,2026-07-12 14:53:35
2221,2025-08-26 01:00:00,2025-08-26 01:00:00,DK1,94.790001,707.541004,energidataservice_csv,1,,2026-07-12 14:53:35
2222,2025-08-26 01:00:00,2025-08-26 01:00:00,DK2,94.790001,707.541004,energidataservice_csv,1,,2026-07-12 14:53:35
2219,2025-08-26 02:00:00,2025-08-26 02:00:00,DK1,96.269997,718.588139,energidataservice_csv,1,,2026-07-12 14:53:35
2220,2025-08-26 02:00:00,2025-08-26 02:00:00,DK2,96.269997,718.588139,energidataservice_csv,1,,2026-07-12 14:53:35
2217,2025-08-26 03:00:00,2025-08-26 03:00:00,DK1,106.599998,795.694365,energidataservice_csv,1,,2026-07-12 14:53:35
2218,2025-08-26 03:00:00,2025-08-26 03:00:00,DK2,106.599998,795.694365,energidataservice_csv,1,,2026-07-12 14:53:35
2215,2025-08-26 04:00:00,2025-08-26 04:00:00,DK1,124.589996,929.977107,energidataservice_csv,1,,2026-07-12 14:53:35
2216,2025-08-26 04:00:00,2025-08-26 04:00:00,DK2,119.370003,891.013513,energidataservice_csv,1,,2026-07-12 14:53:35
2213,2025-08-26 05:00:00,2025-08-26 05:00:00,DK1,123.449997,921.467813,energidataservice_csv,1,,2026-07-12 14:53:35
2214,2025-08-26 05:00:00,2025-08-26 05:00:00,DK2,128.330002,957.893634,energidataservice_csv,1,,2026-07-12 14:53:35
2211,2025-08-26 06:00:00,2025-08-26 06:00:00,DK1,106.790001,797.112604,energidataservice_csv,1,,2026-07-12 14:53:35
2212,2025-08-26 06:00:00,2025-08-26 06:00:00,DK2,107.230003,800.396911,energidataservice_csv,1,,2026-07-12 14:53:35
2209,2025-08-26 07:00:00,2025-08-26 07:00:00,DK1,90.0,671.787,energidataservice_csv,1,,2026-07-12 14:53:35
2210,2025-08-26 07:00:00,2025-08-26 07:00:00,DK2,94.150002,702.76386,energidataservice_csv,1,,2026-07-12 14:53:35
2207,2025-08-26 08:00:00,2025-08-26 08:00:00,DK1,80.540001,601.174729,energidataservice_csv,1,,2026-07-12 14:53:35
2208,2025-08-26 08:00:00,2025-08-26 08:00:00,DK2,82.309998,614.386518,energidataservice_csv,1,,2026-07-12 14:53:35
2205,2025-08-26 09:00:00,2025-08-26 09:00:00,DK1,64.040001,478.013779,energidataservice_csv,1,,2026-07-12 14:53:35
2206,2025-08-26 09:00:00,2025-08-26 09:00:00,DK2,68.120003,508.468138,energidataservice_csv,1,,2026-07-12 14:53:35
2203,2025-08-26 10:00:00,2025-08-26 10:00:00,DK1,50.0,373.215,energidataservice_csv,1,,2026-07-12 14:53:35
2204,2025-08-26 10:00:00,2025-08-26 10:00:00,DK2,53.869999,402.101834,energidataservice_csv,1,,2026-07-12 14:53:35
2201,2025-08-26 11:00:00,2025-08-26 11:00:00,DK1,36.59,273.118737,energidataservice_csv,1,,2026-07-12 14:53:35
2202,2025-08-26 11:00:00,2025-08-26 11:00:00,DK2,42.490002,317.158122,energidataservice_csv,1,,2026-07-12 14:53:35
2199,2025-08-26 12:00:00,2025-08-26 12:00:00,DK1,50.080002,373.812159,energidataservice_csv,1,,2026-07-12 14:53:35
2200,2025-08-26 12:00:00,2025-08-26 12:00:00,DK2,70.25,524.367075,energidataservice_csv,1,,2026-07-12 14:53:35
2197,2025-08-26 13:00:00,2025-08-26 13:00:00,DK1,72.389999,540.34067,energidataservice_csv,1,,2026-07-12 14:53:35
2198,2025-08-26 13:00:00,2025-08-26 13:00:00,DK2,82.760002,617.745483,energidataservice_csv,1,,2026-07-12 14:53:35
2195,2025-08-26 14:00:00,2025-08-26 14:00:00,DK1,88.260002,658.799133,energidataservice_csv,1,,2026-07-12 14:53:35
2196,2025-08-26 14:00:00,2025-08-26 14:00:00,DK2,92.889999,693.35882,energidataservice_csv,1,,2026-07-12 14:53:35
2193,2025-08-26 15:00:00,2025-08-26 15:00:00,DK1,105.050003,784.124737,energidataservice_csv,1,,2026-07-12 14:53:35
2194,2025-08-26 15:00:00,2025-08-26 15:00:00,DK2,102.669998,766.359666,energidataservice_csv,1,,2026-07-12 14:53:35
2191,2025-08-26 16:00:00,2025-08-26 16:00:00,DK1,131.089996,978.495057,energidataservice_csv,1,,2026-07-12 14:53:35
2192,2025-08-26 16:00:00,2025-08-26 16:00:00,DK2,131.089996,978.495057,energidataservice_csv,1,,2026-07-12 14:53:35
2189,2025-08-26 17:00:00,2025-08-26 17:00:00,DK1,196.880005,1469.571421,energidataservice_csv,1,,2026-07-12 14:53:35
2190,2025-08-26 17:00:00,2025-08-26 17:00:00,DK2,194.690002,1453.224582,energidataservice_csv,1,,2026-07-12 14:53:35
2187,2025-08-26 18:00:00,2025-08-26 18:00:00,DK1,180.169998,1344.842916,energidataservice_csv,1,,2026-07-12 14:53:35
2188,2025-08-26 18:00:00,2025-08-26 18:00:00,DK2,182.360001,1361.189755,energidataservice_csv,1,,2026-07-12 14:53:35
2185,2025-08-26 19:00:00,2025-08-26 19:00:00,DK1,123.300003,920.348212,energidataservice_csv,1,,2026-07-12 14:53:35
2186,2025-08-26 19:00:00,2025-08-26 19:00:00,DK2,126.330002,942.965034,energidataservice_csv,1,,2026-07-12 14:53:35
2183,2025-08-26 20:00:00,2025-08-26 20:00:00,DK1,109.470001,817.116928,energidataservice_csv,1,,2026-07-12 14:53:35
2184,2025-08-26 20:00:00,2025-08-26 20:00:00,DK2,106.839996,797.485782,energidataservice_csv,1,,2026-07-12 14:53:35
2181,2025-08-26 21:00:00,2025-08-26 21:00:00,DK1,97.669998,729.038166,energidataservice_csv,1,,2026-07-12 14:53:35
2182,2025-08-26 21:00:00,2025-08-26 21:00:00,DK2,97.269997,726.052439,energidataservice_csv,1,,2026-07-12 14:53:35
2179,2025-08-26 22:00:00,2025-08-26 22:00:00,DK1,96.589996,721.015343,energidataservice_csv,1,,2026-07-12 14:53:35
2180,2025-08-26 22:00:00,2025-08-26 22:00:00,DK2,96.599998,721.090005,energidataservice_csv,1,,2026-07-12 14:53:35
2177,2025-08-26 23:00:00,2025-08-26 23:00:00,DK1,89.980003,671.673728,energidataservice_csv,1,,2026-07-12 14:53:35
2178,2025-08-26 23:00:00,2025-08-26 23:00:00,DK2,89.989998,671.748338,energidataservice_csv,1,,2026-07-12 14:53:35
2175,2025-08-27 00:00:00,2025-08-27 00:00:00,DK1,86.519997,645.845822,energidataservice_csv,1,,2026-07-12 14:53:35
2176,2025-08-27 00:00:00,2025-08-27 00:00:00,DK2,86.529999,645.920484,energidataservice_csv,1,,2026-07-12 14:53:35
2173,2025-08-27 01:00:00,2025-08-27 01:00:00,DK1,87.25,651.295075,energidataservice_csv,1,,2026-07-12 14:53:35
2174,2025-08-27 01:00:00,2025-08-27 01:00:00,DK2,87.260002,651.369737,energidataservice_csv,1,,2026-07-12 14:53:35
2171,2025-08-27 02:00:00,2025-08-27 02:00:00,DK1,90.0,671.823,energidataservice_csv,1,,2026-07-12 14:53:35
2172,2025-08-27 02:00:00,2025-08-27 02:00:00,DK2,90.010002,671.897662,energidataservice_csv,1,,2026-07-12 14:53:35
2169,2025-08-27 03:00:00,2025-08-27 03:00:00,DK1,96.07,717.133729,energidataservice_csv,1,,2026-07-12 14:53:35
2170,2025-08-27 03:00:00,2025-08-27 03:00:00,DK2,95.470001,712.654916,energidataservice_csv,1,,2026-07-12 14:53:35
2167,2025-08-27 04:00:00,2025-08-27 04:00:00,DK1,109.099998,814.398755,energidataservice_csv,1,,2026-07-12 14:53:35
2168,2025-08-27 04:00:00,2025-08-27 04:00:00,DK2,109.699997,818.877568,energidataservice_csv,1,,2026-07-12 14:53:35
2165,2025-08-27 05:00:00,2025-08-27 05:00:00,DK1,115.379997,861.277064,energidataservice_csv,1,,2026-07-12 14:53:35
2166,2025-08-27 05:00:00,2025-08-27 05:00:00,DK2,116.910004,872.698107,energidataservice_csv,1,,2026-07-12 14:53:35
2163,2025-08-27 06:00:00,2025-08-27 06:00:00,DK1,113.720001,848.885691,energidataservice_csv,1,,2026-07-12 14:53:35
2164,2025-08-27 06:00:00,2025-08-27 06:00:00,DK2,114.480003,854.558878,energidataservice_csv,1,,2026-07-12 14:53:35
2161,2025-08-27 07:00:00,2025-08-27 07:00:00,DK1,101.629997,758.637439,energidataservice_csv,1,,2026-07-12 14:53:35
2162,2025-08-27 07:00:00,2025-08-27 07:00:00,DK2,101.629997,758.637439,energidataservice_csv,1,,2026-07-12 14:53:35
2159,2025-08-27 08:00:00,2025-08-27 08:00:00,DK1,86.57,646.219079,energidataservice_csv,1,,2026-07-12 14:53:35
2160,2025-08-27 08:00:00,2025-08-27 08:00:00,DK2,90.610001,676.376474,energidataservice_csv,1,,2026-07-12 14:53:35
2157,2025-08-27 09:00:00,2025-08-27 09:00:00,DK1,80.029999,597.399934,energidataservice_csv,1,,2026-07-12 14:53:35
2158,2025-08-27 09:00:00,2025-08-27 09:00:00,DK2,84.949997,634.126243,energidataservice_csv,1,,2026-07-12 14:53:35
2155,2025-08-27 10:00:00,2025-08-27 10:00:00,DK1,64.639999,482.518201,energidataservice_csv,1,,2026-07-12 14:53:35
2156,2025-08-27 10:00:00,2025-08-27 10:00:00,DK2,66.440002,495.954683,energidataservice_csv,1,,2026-07-12 14:53:35
2153,2025-08-27 11:00:00,2025-08-27 11:00:00,DK1,53.419998,398.764259,energidataservice_csv,1,,2026-07-12 14:53:35
2154,2025-08-27 11:00:00,2025-08-27 11:00:00,DK2,72.129997,538.428789,energidataservice_csv,1,,2026-07-12 14:53:35
2151,2025-08-27 12:00:00,2025-08-27 12:00:00,DK1,54.830002,409.289516,energidataservice_csv,1,,2026-07-12 14:53:35
2152,2025-08-27 12:00:00,2025-08-27 12:00:00,DK2,81.690002,609.791358,energidataservice_csv,1,,2026-07-12 14:53:35
2149,2025-08-27 13:00:00,2025-08-27 13:00:00,DK1,76.669998,572.318534,energidataservice_csv,1,,2026-07-12 14:53:35
2150,2025-08-27 13:00:00,2025-08-27 13:00:00,DK2,80.010002,597.250662,energidataservice_csv,1,,2026-07-12 14:53:35
2147,2025-08-27 14:00:00,2025-08-27 14:00:00,DK1,85.510002,638.306512,energidataservice_csv,1,,2026-07-12 14:53:35
2148,2025-08-27 14:00:00,2025-08-27 14:00:00,DK2,89.510002,668.165312,energidataservice_csv,1,,2026-07-12 14:53:35
2145,2025-08-27 15:00:00,2025-08-27 15:00:00,DK1,104.940002,783.345633,energidataservice_csv,1,,2026-07-12 14:53:35
2146,2025-08-27 15:00:00,2025-08-27 15:00:00,DK2,104.940002,783.345633,energidataservice_csv,1,,2026-07-12 14:53:35
2143,2025-08-27 16:00:00,2025-08-27 16:00:00,DK1,134.639999,1005.047201,energidataservice_csv,1,,2026-07-12 14:53:35
2144,2025-08-27 16:00:00,2025-08-27 16:00:00,DK2,134.729996,1005.719001,energidataservice_csv,1,,2026-07-12 14:53:35
2141,2025-08-27 17:00:00,2025-08-27 17:00:00,DK1,222.070007,1657.685981,energidataservice_csv,1,,2026-07-12 14:53:35
2142,2025-08-27 17:00:00,2025-08-27 17:00:00,DK2,222.039993,1657.461936,energidataservice_csv,1,,2026-07-12 14:53:35
2139,2025-08-27 18:00:00,2025-08-27 18:00:00,DK1,222.039993,1657.461936,energidataservice_csv,1,,2026-07-12 14:53:35
2140,2025-08-27 18:00:00,2025-08-27 18:00:00,DK2,222.029999,1657.387334,energidataservice_csv,1,,2026-07-12 14:53:35
2137,2025-08-27 19:00:00,2025-08-27 19:00:00,DK1,128.880005,962.050573,energidataservice_csv,1,,2026-07-12 14:53:35
2138,2025-08-27 19:00:00,2025-08-27 19:00:00,DK2,128.979996,962.796976,energidataservice_csv,1,,2026-07-12 14:53:35
2135,2025-08-27 20:00:00,2025-08-27 20:00:00,DK1,113.629997,848.213839,energidataservice_csv,1,,2026-07-12 14:53:35
2136,2025-08-27 20:00:00,2025-08-27 20:00:00,DK2,113.889999,850.154676,energidataservice_csv,1,,2026-07-12 14:53:35
2133,2025-08-27 21:00:00,2025-08-27 21:00:00,DK1,103.57,773.118979,energidataservice_csv,1,,2026-07-12 14:53:35
2134,2025-08-27 21:00:00,2025-08-27 21:00:00,DK2,103.300003,771.103532,energidataservice_csv,1,,2026-07-12 14:53:35
2131,2025-08-27 22:00:00,2025-08-27 22:00:00,DK1,97.150002,725.205335,energidataservice_csv,1,,2026-07-12 14:53:35
2132,2025-08-27 22:00:00,2025-08-27 22:00:00,DK2,97.150002,725.205335,energidataservice_csv,1,,2026-07-12 14:53:35
2129,2025-08-27 23:00:00,2025-08-27 23:00:00,DK1,91.919998,686.164401,energidataservice_csv,1,,2026-07-12 14:53:35
2130,2025-08-27 23:00:00,2025-08-27 23:00:00,DK2,91.919998,686.164401,energidataservice_csv,1,,2026-07-12 14:53:35
2127,2025-08-28 00:00:00,2025-08-28 00:00:00,DK1,87.889999,656.081265,energidataservice_csv,1,,2026-07-12 14:53:35
2128,2025-08-28 00:00:00,2025-08-28 00:00:00,DK2,87.889999,656.081265,energidataservice_csv,1,,2026-07-12 14:53:35
2125,2025-08-28 01:00:00,2025-08-28 01:00:00,DK1,87.089996,650.109402,energidataservice_csv,1,,2026-07-12 14:53:35
2126,2025-08-28 01:00:00,2025-08-28 01:00:00,DK2,87.089996,650.109402,energidataservice_csv,1,,2026-07-12 14:53:35
2123,2025-08-28 02:00:00,2025-08-28 02:00:00,DK1,90.230003,673.548926,energidataservice_csv,1,,2026-07-12 14:53:35
2124,2025-08-28 02:00:00,2025-08-28 02:00:00,DK2,90.230003,673.548926,energidataservice_csv,1,,2026-07-12 14:53:35
2121,2025-08-28 03:00:00,2025-08-28 03:00:00,DK1,98.720001,736.925063,energidataservice_csv,1,,2026-07-12 14:53:35
2122,2025-08-28 03:00:00,2025-08-28 03:00:00,DK2,98.720001,736.925063,energidataservice_csv,1,,2026-07-12 14:53:35
2119,2025-08-28 04:00:00,2025-08-28 04:00:00,DK1,121.629997,907.943602,energidataservice_csv,1,,2026-07-12 14:53:35
2120,2025-08-28 04:00:00,2025-08-28 04:00:00,DK2,119.239998,890.102737,energidataservice_csv,1,,2026-07-12 14:53:35
2117,2025-08-28 05:00:00,2025-08-28 05:00:00,DK1,143.789993,1073.36354,energidataservice_csv,1,,2026-07-12 14:53:35
2118,2025-08-28 05:00:00,2025-08-28 05:00:00,DK2,146.169998,1091.129801,energidataservice_csv,1,,2026-07-12 14:53:35
2115,2025-08-28 06:00:00,2025-08-28 06:00:00,DK1,144.130005,1075.901661,energidataservice_csv,1,,2026-07-12 14:53:35
2116,2025-08-28 06:00:00,2025-08-28 06:00:00,DK2,147.490005,1100.983389,energidataservice_csv,1,,2026-07-12 14:53:35
2113,2025-08-28 07:00:00,2025-08-28 07:00:00,DK1,121.989998,910.630937,energidataservice_csv,1,,2026-07-12 14:53:35
2114,2025-08-28 07:00:00,2025-08-28 07:00:00,DK2,124.839996,931.905602,energidataservice_csv,1,,2026-07-12 14:53:35
2111,2025-08-28 08:00:00,2025-08-28 08:00:00,DK1,112.269997,838.073074,energidataservice_csv,1,,2026-07-12 14:53:35
2112,2025-08-28 08:00:00,2025-08-28 08:00:00,DK2,112.269997,838.073074,energidataservice_csv,1,,2026-07-12 14:53:35
2109,2025-08-28 09:00:00,2025-08-28 09:00:00,DK1,108.129997,807.168802,energidataservice_csv,1,,2026-07-12 14:53:35
2110,2025-08-28 09:00:00,2025-08-28 09:00:00,DK2,108.129997,807.168802,energidataservice_csv,1,,2026-07-12 14:53:35
2107,2025-08-28 10:00:00,2025-08-28 10:00:00,DK1,100.889999,753.123665,energidataservice_csv,1,,2026-07-12 14:53:35
2108,2025-08-28 10:00:00,2025-08-28 10:00:00,DK2,101.379997,756.781402,energidataservice_csv,1,,2026-07-12 14:53:35
2105,2025-08-28 11:00:00,2025-08-28 11:00:00,DK1,100.959999,753.646201,energidataservice_csv,1,,2026-07-12 14:53:35
2106,2025-08-28 11:00:00,2025-08-28 11:00:00,DK2,100.459999,749.913801,energidataservice_csv,1,,2026-07-12 14:53:35
2103,2025-08-28 12:00:00,2025-08-28 12:00:00,DK1,100.889999,753.123665,energidataservice_csv,1,,2026-07-12 14:53:35
2104,2025-08-28 12:00:00,2025-08-28 12:00:00,DK2,100.889999,753.123665,energidataservice_csv,1,,2026-07-12 14:53:35
2101,2025-08-28 13:00:00,2025-08-28 13:00:00,DK1,100.660004,751.406798,energidataservice_csv,1,,2026-07-12 14:53:35
2102,2025-08-28 13:00:00,2025-08-28 13:00:00,DK2,100.660004,751.406798,energidataservice_csv,1,,2026-07-12 14:53:35
2099,2025-08-28 14:00:00,2025-08-28 14:00:00,DK1,96.220001,718.263063,energidataservice_csv,1,,2026-07-12 14:53:35
2100,2025-08-28 14:00:00,2025-08-28 14:00:00,DK2,98.510002,735.357463,energidataservice_csv,1,,2026-07-12 14:53:35
2097,2025-08-28 15:00:00,2025-08-28 15:00:00,DK1,130.0,970.424,energidataservice_csv,1,,2026-07-12 14:53:35
2098,2025-08-28 15:00:00,2025-08-28 15:00:00,DK2,133.039993,993.11694,energidataservice_csv,1,,2026-07-12 14:53:35
2095,2025-08-28 16:00:00,2025-08-28 16:00:00,DK1,160.979996,1201.683474,energidataservice_csv,1,,2026-07-12 14:53:35
2096,2025-08-28 16:00:00,2025-08-28 16:00:00,DK2,164.809998,1230.273673,energidataservice_csv,1,,2026-07-12 14:53:35
2093,2025-08-28 17:00:00,2025-08-28 17:00:00,DK1,210.0,1567.608,energidataservice_csv,1,,2026-07-12 14:53:35
2094,2025-08-28 17:00:00,2025-08-28 17:00:00,DK2,207.759995,1550.886811,energidataservice_csv,1,,2026-07-12 14:53:35
2091,2025-08-28 18:00:00,2025-08-28 18:00:00,DK1,153.160004,1143.308798,energidataservice_csv,1,,2026-07-12 14:53:35
2092,2025-08-28 18:00:00,2025-08-28 18:00:00,DK2,153.139999,1143.159465,energidataservice_csv,1,,2026-07-12 14:53:35
2089,2025-08-28 19:00:00,2025-08-28 19:00:00,DK1,124.18,926.978864,energidataservice_csv,1,,2026-07-12 14:53:35
2090,2025-08-28 19:00:00,2025-08-28 19:00:00,DK2,124.169998,926.904201,energidataservice_csv,1,,2026-07-12 14:53:35
2087,2025-08-28 20:00:00,2025-08-28 20:00:00,DK1,107.110001,799.554735,energidataservice_csv,1,,2026-07-12 14:53:35
2088,2025-08-28 20:00:00,2025-08-28 20:00:00,DK2,107.099998,799.480065,energidataservice_csv,1,,2026-07-12 14:53:35
2085,2025-08-28 21:00:00,2025-08-28 21:00:00,DK1,92.150002,687.881335,energidataservice_csv,1,,2026-07-12 14:53:35
2086,2025-08-28 21:00:00,2025-08-28 21:00:00,DK2,92.150002,687.881335,energidataservice_csv,1,,2026-07-12 14:53:35
2083,2025-08-28 22:00:00,2025-08-28 22:00:00,DK1,85.040001,634.755575,energidataservice_csv,1,,2026-07-12 14:53:35
2084,2025-08-28 22:00:00,2025-08-28 22:00:00,DK2,85.040001,634.755575,energidataservice_csv,1,,2026-07-12 14:53:35
2081,2025-08-28 23:00:00,2025-08-28 23:00:00,DK1,83.269997,621.543912,energidataservice_csv,1,,2026-07-12 14:53:35
2082,2025-08-28 23:00:00,2025-08-28 23:00:00,DK2,83.269997,621.543912,energidataservice_csv,1,,2026-07-12 14:53:35
2079,2025-08-29 00:00:00,2025-08-29 00:00:00,DK1,83.099998,620.275005,energidataservice_csv,1,,2026-07-12 14:53:35
2080,2025-08-29 00:00:00,2025-08-29 00:00:00,DK2,83.099998,620.275005,energidataservice_csv,1,,2026-07-12 14:53:35
2077,2025-08-29 01:00:00,2025-08-29 01:00:00,DK1,81.589996,609.004048,energidataservice_csv,1,,2026-07-12 14:53:35
2078,2025-08-29 01:00:00,2025-08-29 01:00:00,DK2,81.589996,609.004048,energidataservice_csv,1,,2026-07-12 14:53:35
2075,2025-08-29 02:00:00,2025-08-29 02:00:00,DK1,83.010002,619.603257,energidataservice_csv,1,,2026-07-12 14:53:35
2076,2025-08-29 02:00:00,2025-08-29 02:00:00,DK2,83.010002,619.603257,energidataservice_csv,1,,2026-07-12 14:53:35
2073,2025-08-29 03:00:00,2025-08-29 03:00:00,DK1,91.0,679.2422,energidataservice_csv,1,,2026-07-12 14:53:35
2074,2025-08-29 03:00:00,2025-08-29 03:00:00,DK2,91.0,679.2422,energidataservice_csv,1,,2026-07-12 14:53:35
2071,2025-08-29 04:00:00,2025-08-29 04:00:00,DK1,117.550003,877.416732,energidataservice_csv,1,,2026-07-12 14:53:35
2072,2025-08-29 04:00:00,2025-08-29 04:00:00,DK2,116.610001,870.400369,energidataservice_csv,1,,2026-07-12 14:53:35
2069,2025-08-29 05:00:00,2025-08-29 05:00:00,DK1,121.389999,906.079231,energidataservice_csv,1,,2026-07-12 14:53:35
2070,2025-08-29 05:00:00,2025-08-29 05:00:00,DK2,121.870003,909.662076,energidataservice_csv,1,,2026-07-12 14:53:35
2067,2025-08-29 06:00:00,2025-08-29 06:00:00,DK1,120.0,895.704,energidataservice_csv,1,,2026-07-12 14:53:35
2068,2025-08-29 06:00:00,2025-08-29 06:00:00,DK2,120.419998,898.838949,energidataservice_csv,1,,2026-07-12 14:53:35
2065,2025-08-29 07:00:00,2025-08-29 07:00:00,DK1,110.389999,823.973031,energidataservice_csv,1,,2026-07-12 14:53:35
2066,2025-08-29 07:00:00,2025-08-29 07:00:00,DK2,111.050003,828.899432,energidataservice_csv,1,,2026-07-12 14:53:35
2063,2025-08-29 08:00:00,2025-08-29 08:00:00,DK1,84.459999,630.426325,energidataservice_csv,1,,2026-07-12 14:53:35
2064,2025-08-29 08:00:00,2025-08-29 08:00:00,DK2,88.290001,659.014225,energidataservice_csv,1,,2026-07-12 14:53:35
2061,2025-08-29 09:00:00,2025-08-29 09:00:00,DK1,78.779999,588.029669,energidataservice_csv,1,,2026-07-12 14:53:35
2062,2025-08-29 09:00:00,2025-08-29 09:00:00,DK2,91.989998,686.631743,energidataservice_csv,1,,2026-07-12 14:53:35
2059,2025-08-29 10:00:00,2025-08-29 10:00:00,DK1,68.449997,510.924468,energidataservice_csv,1,,2026-07-12 14:53:35
2060,2025-08-29 10:00:00,2025-08-29 10:00:00,DK2,87.589996,653.789248,energidataservice_csv,1,,2026-07-12 14:53:35
2057,2025-08-29 11:00:00,2025-08-29 11:00:00,DK1,54.919998,409.933849,energidataservice_csv,1,,2026-07-12 14:53:35
2058,2025-08-29 11:00:00,2025-08-29 11:00:00,DK2,69.529999,518.985819,energidataservice_csv,1,,2026-07-12 14:53:35
2055,2025-08-29 12:00:00,2025-08-29 12:00:00,DK1,60.459999,451.285525,energidataservice_csv,1,,2026-07-12 14:53:35
2056,2025-08-29 12:00:00,2025-08-29 12:00:00,DK2,76.089996,567.950948,energidataservice_csv,1,,2026-07-12 14:53:35
2053,2025-08-29 13:00:00,2025-08-29 13:00:00,DK1,74.300003,554.590082,energidataservice_csv,1,,2026-07-12 14:53:35
2054,2025-08-29 13:00:00,2025-08-29 13:00:00,DK2,86.980003,649.236138,energidataservice_csv,1,,2026-07-12 14:53:35
2051,2025-08-29 14:00:00,2025-08-29 14:00:00,DK1,85.0,634.457,energidataservice_csv,1,,2026-07-12 14:53:35
2052,2025-08-29 14:00:00,2025-08-29 14:00:00,DK2,85.0,634.457,energidataservice_csv,1,,2026-07-12 14:53:35
2049,2025-08-29 15:00:00,2025-08-29 15:00:00,DK1,104.82,782.397444,energidataservice_csv,1,,2026-07-12 14:53:35
2050,2025-08-29 15:00:00,2025-08-29 15:00:00,DK2,104.82,782.397444,energidataservice_csv,1,,2026-07-12 14:53:35
2047,2025-08-29 16:00:00,2025-08-29 16:00:00,DK1,118.639999,885.552681,energidataservice_csv,1,,2026-07-12 14:53:35
2048,2025-08-29 16:00:00,2025-08-29 16:00:00,DK2,120.209999,897.271475,energidataservice_csv,1,,2026-07-12 14:53:35
2045,2025-08-29 17:00:00,2025-08-29 17:00:00,DK1,147.679993,1102.313004,energidataservice_csv,1,,2026-07-12 14:53:35
2046,2025-08-29 17:00:00,2025-08-29 17:00:00,DK2,147.5,1100.9695,energidataservice_csv,1,,2026-07-12 14:53:35
2043,2025-08-29 18:00:00,2025-08-29 18:00:00,DK1,116.5,869.5793,energidataservice_csv,1,,2026-07-12 14:53:35
2044,2025-08-29 18:00:00,2025-08-29 18:00:00,DK2,116.5,869.5793,energidataservice_csv,1,,2026-07-12 14:53:35
2041,2025-08-29 19:00:00,2025-08-29 19:00:00,DK1,111.959999,835.691825,energidataservice_csv,1,,2026-07-12 14:53:35
2042,2025-08-29 19:00:00,2025-08-29 19:00:00,DK2,111.959999,835.691825,energidataservice_csv,1,,2026-07-12 14:53:35
2039,2025-08-29 20:00:00,2025-08-29 20:00:00,DK1,95.699997,714.323918,energidataservice_csv,1,,2026-07-12 14:53:35
2040,2025-08-29 20:00:00,2025-08-29 20:00:00,DK2,95.709999,714.398575,energidataservice_csv,1,,2026-07-12 14:53:35
2037,2025-08-29 21:00:00,2025-08-29 21:00:00,DK1,86.07,642.443694,energidataservice_csv,1,,2026-07-12 14:53:35
2038,2025-08-29 21:00:00,2025-08-29 21:00:00,DK2,86.07,642.443694,energidataservice_csv,1,,2026-07-12 14:53:35
2035,2025-08-29 22:00:00,2025-08-29 22:00:00,DK1,92.5,690.4385,energidataservice_csv,1,,2026-07-12 14:53:35
2036,2025-08-29 22:00:00,2025-08-29 22:00:00,DK2,90.050003,672.151232,energidataservice_csv,1,,2026-07-12 14:53:35
2033,2025-08-29 23:00:00,2025-08-29 23:00:00,DK1,86.559998,646.101137,energidataservice_csv,1,,2026-07-12 14:53:35
2034,2025-08-29 23:00:00,2025-08-29 23:00:00,DK2,86.559998,646.101137,energidataservice_csv,1,,2026-07-12 14:53:35
2031,2025-08-30 00:00:00,2025-08-30 00:00:00,DK1,83.279999,621.618569,energidataservice_csv,1,,2026-07-12 14:53:35
2032,2025-08-30 00:00:00,2025-08-30 00:00:00,DK2,83.279999,621.618569,energidataservice_csv,1,,2026-07-12 14:53:35
2029,2025-08-30 01:00:00,2025-08-30 01:00:00,DK1,81.510002,608.406957,energidataservice_csv,1,,2026-07-12 14:53:35
2030,2025-08-30 01:00:00,2025-08-30 01:00:00,DK2,81.199997,606.093018,energidataservice_csv,1,,2026-07-12 14:53:35
2027,2025-08-30 02:00:00,2025-08-30 02:00:00,DK1,83.389999,622.439631,energidataservice_csv,1,,2026-07-12 14:53:35
2028,2025-08-30 02:00:00,2025-08-30 02:00:00,DK2,83.699997,624.753518,energidataservice_csv,1,,2026-07-12 14:53:35
2025,2025-08-30 03:00:00,2025-08-30 03:00:00,DK1,87.410004,652.445752,energidataservice_csv,1,,2026-07-12 14:53:35
2026,2025-08-30 03:00:00,2025-08-30 03:00:00,DK2,87.410004,652.445752,energidataservice_csv,1,,2026-07-12 14:53:35
2023,2025-08-30 04:00:00,2025-08-30 04:00:00,DK1,95.019997,709.248262,energidataservice_csv,1,,2026-07-12 14:53:35
2024,2025-08-30 04:00:00,2025-08-30 04:00:00,DK2,95.019997,709.248262,energidataservice_csv,1,,2026-07-12 14:53:35
2021,2025-08-30 05:00:00,2025-08-30 05:00:00,DK1,98.089996,732.163348,energidataservice_csv,1,,2026-07-12 14:53:35
2022,2025-08-30 05:00:00,2025-08-30 05:00:00,DK2,98.089996,732.163348,energidataservice_csv,1,,2026-07-12 14:53:35
2019,2025-08-30 06:00:00,2025-08-30 06:00:00,DK1,89.639999,669.090881,energidataservice_csv,1,,2026-07-12 14:53:35
2020,2025-08-30 06:00:00,2025-08-30 06:00:00,DK2,87.339996,651.923198,energidataservice_csv,1,,2026-07-12 14:53:35
2017,2025-08-30 07:00:00,2025-08-30 07:00:00,DK1,78.599998,586.686105,energidataservice_csv,1,,2026-07-12 14:53:35
2018,2025-08-30 07:00:00,2025-08-30 07:00:00,DK2,72.889999,544.065531,energidataservice_csv,1,,2026-07-12 14:53:35
2015,2025-08-30 08:00:00,2025-08-30 08:00:00,DK1,36.459999,272.144725,energidataservice_csv,1,,2026-07-12 14:53:35
2016,2025-08-30 08:00:00,2025-08-30 08:00:00,DK2,41.349998,308.644655,energidataservice_csv,1,,2026-07-12 14:53:35
2013,2025-08-30 09:00:00,2025-08-30 09:00:00,DK1,5.23,39.037766,energidataservice_csv,1,,2026-07-12 14:53:35
2014,2025-08-30 09:00:00,2025-08-30 09:00:00,DK2,11.11,82.927262,energidataservice_csv,1,,2026-07-12 14:53:35
2011,2025-08-30 10:00:00,2025-08-30 10:00:00,DK1,3.7,27.61754,energidataservice_csv,1,,2026-07-12 14:53:35
2012,2025-08-30 10:00:00,2025-08-30 10:00:00,DK2,9.5,70.9099,energidataservice_csv,1,,2026-07-12 14:53:35
2009,2025-08-30 11:00:00,2025-08-30 11:00:00,DK1,3.25,24.25865,energidataservice_csv,1,,2026-07-12 14:53:35
2010,2025-08-30 11:00:00,2025-08-30 11:00:00,DK2,8.35,62.32607,energidataservice_csv,1,,2026-07-12 14:53:35
2007,2025-08-30 12:00:00,2025-08-30 12:00:00,DK1,2.88,21.496896,energidataservice_csv,1,,2026-07-12 14:53:35
2008,2025-08-30 12:00:00,2025-08-30 12:00:00,DK2,12.96,96.736032,energidataservice_csv,1,,2026-07-12 14:53:35
2005,2025-08-30 13:00:00,2025-08-30 13:00:00,DK1,8.62,64.341404,energidataservice_csv,1,,2026-07-12 14:53:35
2006,2025-08-30 13:00:00,2025-08-30 13:00:00,DK2,25.01,186.679642,energidataservice_csv,1,,2026-07-12 14:53:35
2003,2025-08-30 14:00:00,2025-08-30 14:00:00,DK1,9.48,70.760616,energidataservice_csv,1,,2026-07-12 14:53:35
2004,2025-08-30 14:00:00,2025-08-30 14:00:00,DK2,35.459999,264.680525,energidataservice_csv,1,,2026-07-12 14:53:35
2001,2025-08-30 15:00:00,2025-08-30 15:00:00,DK1,73.040001,545.185175,energidataservice_csv,1,,2026-07-12 14:53:35
2002,2025-08-30 15:00:00,2025-08-30 15:00:00,DK2,73.040001,545.185175,energidataservice_csv,1,,2026-07-12 14:53:35
1999,2025-08-30 16:00:00,2025-08-30 16:00:00,DK1,94.699997,706.859718,energidataservice_csv,1,,2026-07-12 14:53:35
2000,2025-08-30 16:00:00,2025-08-30 16:00:00,DK2,99.599998,743.434305,energidataservice_csv,1,,2026-07-12 14:53:35
1997,2025-08-30 17:00:00,2025-08-30 17:00:00,DK1,115.220001,860.025131,energidataservice_csv,1,,2026-07-12 14:53:35
1998,2025-08-30 17:00:00,2025-08-30 17:00:00,DK2,122.059998,911.080237,energidataservice_csv,1,,2026-07-12 14:53:35
1995,2025-08-30 18:00:00,2025-08-30 18:00:00,DK1,127.059998,948.401237,energidataservice_csv,1,,2026-07-12 14:53:35
1996,2025-08-30 18:00:00,2025-08-30 18:00:00,DK2,127.529999,951.909419,energidataservice_csv,1,,2026-07-12 14:53:35
1993,2025-08-30 19:00:00,2025-08-30 19:00:00,DK1,110.57,825.316594,energidataservice_csv,1,,2026-07-12 14:53:35
1994,2025-08-30 19:00:00,2025-08-30 19:00:00,DK2,117.650002,878.163145,energidataservice_csv,1,,2026-07-12 14:53:35
1991,2025-08-30 20:00:00,2025-08-30 20:00:00,DK1,99.290001,741.120425,energidataservice_csv,1,,2026-07-12 14:53:35
1992,2025-08-30 20:00:00,2025-08-30 20:00:00,DK2,102.57,765.602994,energidataservice_csv,1,,2026-07-12 14:53:35
1989,2025-08-30 21:00:00,2025-08-30 21:00:00,DK1,87.800003,655.356782,energidataservice_csv,1,,2026-07-12 14:53:35
1990,2025-08-30 21:00:00,2025-08-30 21:00:00,DK2,90.300003,674.017282,energidataservice_csv,1,,2026-07-12 14:53:35
1987,2025-08-30 22:00:00,2025-08-30 22:00:00,DK1,85.459999,637.890525,energidataservice_csv,1,,2026-07-12 14:53:35
1988,2025-08-30 22:00:00,2025-08-30 22:00:00,DK2,88.739998,662.373093,energidataservice_csv,1,,2026-07-12 14:53:35
1985,2025-08-30 23:00:00,2025-08-30 23:00:00,DK1,78.910004,589.000052,energidataservice_csv,1,,2026-07-12 14:53:35
1986,2025-08-30 23:00:00,2025-08-30 23:00:00,DK2,78.910004,589.000052,energidataservice_csv,1,,2026-07-12 14:53:35
1983,2025-08-31 00:00:00,2025-08-31 00:00:00,DK1,67.720001,505.475631,energidataservice_csv,1,,2026-07-12 14:53:35
1984,2025-08-31 00:00:00,2025-08-31 00:00:00,DK2,70.529999,526.450019,energidataservice_csv,1,,2026-07-12 14:53:35
1981,2025-08-31 01:00:00,2025-08-31 01:00:00,DK1,64.089996,478.380548,energidataservice_csv,1,,2026-07-12 14:53:35
1982,2025-08-31 01:00:00,2025-08-31 01:00:00,DK2,67.029999,500.325319,energidataservice_csv,1,,2026-07-12 14:53:35
1979,2025-08-31 02:00:00,2025-08-31 02:00:00,DK1,60.93,454.793706,energidataservice_csv,1,,2026-07-12 14:53:35
1980,2025-08-31 02:00:00,2025-08-31 02:00:00,DK2,62.98,470.095316,energidataservice_csv,1,,2026-07-12 14:53:35
1977,2025-08-31 03:00:00,2025-08-31 03:00:00,DK1,60.790001,453.748725,energidataservice_csv,1,,2026-07-12 14:53:35
1978,2025-08-31 03:00:00,2025-08-31 03:00:00,DK2,62.990002,470.169973,energidataservice_csv,1,,2026-07-12 14:53:35
1975,2025-08-31 04:00:00,2025-08-31 04:00:00,DK1,61.119999,456.211897,energidataservice_csv,1,,2026-07-12 14:53:35
1976,2025-08-31 04:00:00,2025-08-31 04:00:00,DK2,63.27,472.259934,energidataservice_csv,1,,2026-07-12 14:53:35
1973,2025-08-31 05:00:00,2025-08-31 05:00:00,DK1,54.52,406.948184,energidataservice_csv,1,,2026-07-12 14:53:35
1974,2025-08-31 05:00:00,2025-08-31 05:00:00,DK2,53.73,401.051466,energidataservice_csv,1,,2026-07-12 14:53:35
1971,2025-08-31 06:00:00,2025-08-31 06:00:00,DK1,22.299999,166.451653,energidataservice_csv,1,,2026-07-12 14:53:35
1972,2025-08-31 06:00:00,2025-08-31 06:00:00,DK2,23.09,172.348378,energidataservice_csv,1,,2026-07-12 14:53:35
1969,2025-08-31 07:00:00,2025-08-31 07:00:00,DK1,5.2,38.81384,energidataservice_csv,1,,2026-07-12 14:53:35
1970,2025-08-31 07:00:00,2025-08-31 07:00:00,DK2,13.44,100.318848,energidataservice_csv,1,,2026-07-12 14:53:35
1967,2025-08-31 08:00:00,2025-08-31 08:00:00,DK1,1.94,14.480548,energidataservice_csv,1,,2026-07-12 14:53:35
1968,2025-08-31 08:00:00,2025-08-31 08:00:00,DK2,6.78,50.607276,energidataservice_csv,1,,2026-07-12 14:53:35
1965,2025-08-31 09:00:00,2025-08-31 09:00:00,DK1,1.64,12.241288,energidataservice_csv,1,,2026-07-12 14:53:35
1966,2025-08-31 09:00:00,2025-08-31 09:00:00,DK2,7.44,55.533648,energidataservice_csv,1,,2026-07-12 14:53:35
1963,2025-08-31 10:00:00,2025-08-31 10:00:00,DK1,1.83,13.659486,energidataservice_csv,1,,2026-07-12 14:53:35
1964,2025-08-31 10:00:00,2025-08-31 10:00:00,DK2,5.35,39.93347,energidataservice_csv,1,,2026-07-12 14:53:35
1961,2025-08-31 11:00:00,2025-08-31 11:00:00,DK1,1.66,12.390572,energidataservice_csv,1,,2026-07-12 14:53:35
1962,2025-08-31 11:00:00,2025-08-31 11:00:00,DK2,6.49,48.442658,energidataservice_csv,1,,2026-07-12 14:53:35
1959,2025-08-31 12:00:00,2025-08-31 12:00:00,DK1,0.0,0.0,energidataservice_csv,1,,2026-07-12 14:53:35
1960,2025-08-31 12:00:00,2025-08-31 12:00:00,DK2,10.75,80.24015,energidataservice_csv,1,,2026-07-12 14:53:35
1957,2025-08-31 13:00:00,2025-08-31 13:00:00,DK1,0.0,0.0,energidataservice_csv,1,,2026-07-12 14:53:35
1958,2025-08-31 13:00:00,2025-08-31 13:00:00,DK2,10.0,74.642,energidataservice_csv,1,,2026-07-12 14:53:35
1955,2025-08-31 14:00:00,2025-08-31 14:00:00,DK1,25.469999,190.113167,energidataservice_csv,1,,2026-07-12 14:53:35
1956,2025-08-31 14:00:00,2025-08-31 14:00:00,DK2,32.689999,244.004691,energidataservice_csv,1,,2026-07-12 14:53:35
1953,2025-08-31 15:00:00,2025-08-31 15:00:00,DK1,79.739998,595.195293,energidataservice_csv,1,,2026-07-12 14:53:35
1954,2025-08-31 15:00:00,2025-08-31 15:00:00,DK2,74.900002,559.068595,energidataservice_csv,1,,2026-07-12 14:53:35
1951,2025-08-31 16:00:00,2025-08-31 16:00:00,DK1,116.360001,868.534319,energidataservice_csv,1,,2026-07-12 14:53:35
1952,2025-08-31 16:00:00,2025-08-31 16:00:00,DK2,115.480003,861.965838,energidataservice_csv,1,,2026-07-12 14:53:35
1949,2025-08-31 17:00:00,2025-08-31 17:00:00,DK1,135.100006,1008.413465,energidataservice_csv,1,,2026-07-12 14:53:35
1950,2025-08-31 17:00:00,2025-08-31 17:00:00,DK2,134.800003,1006.174182,energidataservice_csv,1,,2026-07-12 14:53:35
1947,2025-08-31 18:00:00,2025-08-31 18:00:00,DK1,131.389999,980.721231,energidataservice_csv,1,,2026-07-12 14:53:35
1948,2025-08-31 18:00:00,2025-08-31 18:00:00,DK2,132.059998,985.722237,energidataservice_csv,1,,2026-07-12 14:53:35
1945,2025-08-31 19:00:00,2025-08-31 19:00:00,DK1,114.150002,852.038445,energidataservice_csv,1,,2026-07-12 14:53:35
1946,2025-08-31 19:00:00,2025-08-31 19:00:00,DK2,114.150002,852.038445,energidataservice_csv,1,,2026-07-12 14:53:35
1943,2025-08-31 20:00:00,2025-08-31 20:00:00,DK1,100.860001,752.839219,energidataservice_csv,1,,2026-07-12 14:53:35
1944,2025-08-31 20:00:00,2025-08-31 20:00:00,DK2,100.459999,749.853525,energidataservice_csv,1,,2026-07-12 14:53:35
1941,2025-08-31 21:00:00,2025-08-31 21:00:00,DK1,88.800003,662.820982,energidataservice_csv,1,,2026-07-12 14:53:35
1942,2025-08-31 21:00:00,2025-08-31 21:00:00,DK2,89.760002,669.986607,energidataservice_csv,1,,2026-07-12 14:53:35
1939,2025-08-31 22:00:00,2025-08-31 22:00:00,DK1,81.449997,607.934633,energidataservice_csv,1,,2026-07-12 14:53:35
1940,2025-08-31 22:00:00,2025-08-31 22:00:00,DK2,84.029999,627.19151,energidataservice_csv,1,,2026-07-12 14:53:35
1937,2025-08-31 23:00:00,2025-08-31 23:00:00,DK1,80.589996,601.515671,energidataservice_csv,1,,2026-07-12 14:53:35
1938,2025-08-31 23:00:00,2025-08-31 23:00:00,DK2,81.43,607.785377,energidataservice_csv,1,,2026-07-12 14:53:35
1935,2025-09-01 00:00:00,2025-09-01 00:00:00,DK1,78.980003,589.498844,energidataservice_csv,1,,2026-07-12 14:53:35
1936,2025-09-01 00:00:00,2025-09-01 00:00:00,DK2,80.510002,600.918604,energidataservice_csv,1,,2026-07-12 14:53:35
1933,2025-09-01 01:00:00,2025-09-01 01:00:00,DK1,74.940002,559.344681,energidataservice_csv,1,,2026-07-12 14:53:34
1934,2025-09-01 01:00:00,2025-09-01 01:00:00,DK2,77.900002,581.437825,energidataservice_csv,1,,2026-07-12 14:53:35
1931,2025-09-01 02:00:00,2025-09-01 02:00:00,DK1,74.330002,554.791702,energidataservice_csv,1,,2026-07-12 14:53:34
1932,2025-09-01 02:00:00,2025-09-01 02:00:00,DK2,79.730003,595.096769,energidataservice_csv,1,,2026-07-12 14:53:34
1929,2025-09-01 03:00:00,2025-09-01 03:00:00,DK1,85.760002,640.104079,energidataservice_csv,1,,2026-07-12 14:53:34
1930,2025-09-01 03:00:00,2025-09-01 03:00:00,DK2,88.419998,659.958023,energidataservice_csv,1,,2026-07-12 14:53:34
1927,2025-09-01 04:00:00,2025-09-01 04:00:00,DK1,113.970001,850.66069,energidataservice_csv,1,,2026-07-12 14:53:34
1928,2025-09-01 04:00:00,2025-09-01 04:00:00,DK2,117.709999,878.575662,energidataservice_csv,1,,2026-07-12 14:53:34
1925,2025-09-01 05:00:00,2025-09-01 05:00:00,DK1,123.129997,919.029985,energidataservice_csv,1,,2026-07-12 14:53:34
1926,2025-09-01 05:00:00,2025-09-01 05:00:00,DK2,128.380005,958.215519,energidataservice_csv,1,,2026-07-12 14:53:34
1923,2025-09-01 06:00:00,2025-09-01 06:00:00,DK1,114.239998,852.675921,energidataservice_csv,1,,2026-07-12 14:53:34
1924,2025-09-01 06:00:00,2025-09-01 06:00:00,DK2,116.099998,866.558775,energidataservice_csv,1,,2026-07-12 14:53:34
1921,2025-09-01 07:00:00,2025-09-01 07:00:00,DK1,98.190002,732.880356,energidataservice_csv,1,,2026-07-12 14:53:34
1922,2025-09-01 07:00:00,2025-09-01 07:00:00,DK2,98.190002,732.880356,energidataservice_csv,1,,2026-07-12 14:53:34
1919,2025-09-01 08:00:00,2025-09-01 08:00:00,DK1,82.0,612.0398,energidataservice_csv,1,,2026-07-12 14:53:34
1920,2025-09-01 08:00:00,2025-09-01 08:00:00,DK2,82.0,612.0398,energidataservice_csv,1,,2026-07-12 14:53:34
1917,2025-09-01 09:00:00,2025-09-01 09:00:00,DK1,69.400002,517.994675,energidataservice_csv,1,,2026-07-12 14:53:34
1918,2025-09-01 09:00:00,2025-09-01 09:00:00,DK2,69.239998,516.800421,energidataservice_csv,1,,2026-07-12 14:53:34
1915,2025-09-01 10:00:00,2025-09-01 10:00:00,DK1,38.27,285.643453,energidataservice_csv,1,,2026-07-12 14:53:34
1916,2025-09-01 10:00:00,2025-09-01 10:00:00,DK2,38.419998,286.763023,energidataservice_csv,1,,2026-07-12 14:53:34
1913,2025-09-01 11:00:00,2025-09-01 11:00:00,DK1,25.030001,186.821424,energidataservice_csv,1,,2026-07-12 14:53:34
1914,2025-09-01 11:00:00,2025-09-01 11:00:00,DK2,25.030001,186.821424,energidataservice_csv,1,,2026-07-12 14:53:34
1911,2025-09-01 12:00:00,2025-09-01 12:00:00,DK1,42.73,318.932447,energidataservice_csv,1,,2026-07-12 14:53:34
1912,2025-09-01 12:00:00,2025-09-01 12:00:00,DK2,42.720001,318.857815,energidataservice_csv,1,,2026-07-12 14:53:34
1909,2025-09-01 13:00:00,2025-09-01 13:00:00,DK1,67.760002,505.753879,energidataservice_csv,1,,2026-07-12 14:53:34
1910,2025-09-01 13:00:00,2025-09-01 13:00:00,DK2,67.760002,505.753879,energidataservice_csv,1,,2026-07-12 14:53:34
1907,2025-09-01 14:00:00,2025-09-01 14:00:00,DK1,84.669998,631.968398,energidataservice_csv,1,,2026-07-12 14:53:34
1908,2025-09-01 14:00:00,2025-09-01 14:00:00,DK2,84.669998,631.968398,energidataservice_csv,1,,2026-07-12 14:53:34
1905,2025-09-01 15:00:00,2025-09-01 15:00:00,DK1,109.699997,818.789808,energidataservice_csv,1,,2026-07-12 14:53:34
1906,2025-09-01 15:00:00,2025-09-01 15:00:00,DK2,109.690002,818.715206,energidataservice_csv,1,,2026-07-12 14:53:34
1903,2025-09-01 16:00:00,2025-09-01 16:00:00,DK1,155.320007,1159.293,energidataservice_csv,1,,2026-07-12 14:53:34
1904,2025-09-01 16:00:00,2025-09-01 16:00:00,DK2,155.289993,1159.068979,energidataservice_csv,1,,2026-07-12 14:53:34
1901,2025-09-01 17:00:00,2025-09-01 17:00:00,DK1,250.649994,1870.82649,energidataservice_csv,1,,2026-07-12 14:53:34
1902,2025-09-01 17:00:00,2025-09-01 17:00:00,DK2,250.589996,1870.378671,energidataservice_csv,1,,2026-07-12 14:53:34
1899,2025-09-01 18:00:00,2025-09-01 18:00:00,DK1,210.559998,1571.598769,energidataservice_csv,1,,2026-07-12 14:53:34
1900,2025-09-01 18:00:00,2025-09-01 18:00:00,DK2,210.509995,1571.225552,energidataservice_csv,1,,2026-07-12 14:53:34
1897,2025-09-01 19:00:00,2025-09-01 19:00:00,DK1,125.199997,934.480258,energidataservice_csv,1,,2026-07-12 14:53:34
1898,2025-09-01 19:00:00,2025-09-01 19:00:00,DK2,125.190002,934.405656,energidataservice_csv,1,,2026-07-12 14:53:34
1895,2025-09-01 20:00:00,2025-09-01 20:00:00,DK1,112.400002,838.942375,energidataservice_csv,1,,2026-07-12 14:53:34
1896,2025-09-01 20:00:00,2025-09-01 20:00:00,DK2,112.370003,838.718465,energidataservice_csv,1,,2026-07-12 14:53:34
1893,2025-09-01 21:00:00,2025-09-01 21:00:00,DK1,100.529999,750.34586,energidataservice_csv,1,,2026-07-12 14:53:34
1894,2025-09-01 21:00:00,2025-09-01 21:00:00,DK2,100.489998,750.047296,energidataservice_csv,1,,2026-07-12 14:53:34
1891,2025-09-01 22:00:00,2025-09-01 22:00:00,DK1,95.010002,709.078647,energidataservice_csv,1,,2026-07-12 14:53:34
1892,2025-09-01 22:00:00,2025-09-01 22:00:00,DK2,95.0,709.004,energidataservice_csv,1,,2026-07-12 14:53:34
1889,2025-09-01 23:00:00,2025-09-01 23:00:00,DK1,90.110001,672.508959,energidataservice_csv,1,,2026-07-12 14:53:34
1890,2025-09-01 23:00:00,2025-09-01 23:00:00,DK2,90.110001,672.508959,energidataservice_csv,1,,2026-07-12 14:53:34
1887,2025-09-02 00:00:00,2025-09-02 00:00:00,DK1,90.839996,677.957058,energidataservice_csv,1,,2026-07-12 14:53:34
1888,2025-09-02 00:00:00,2025-09-02 00:00:00,DK2,90.839996,677.957058,energidataservice_csv,1,,2026-07-12 14:53:34
1885,2025-09-02 01:00:00,2025-09-02 01:00:00,DK1,92.5,690.346,energidataservice_csv,1,,2026-07-12 14:53:34
1886,2025-09-02 01:00:00,2025-09-02 01:00:00,DK2,92.510002,690.420647,energidataservice_csv,1,,2026-07-12 14:53:34
1883,2025-09-02 02:00:00,2025-09-02 02:00:00,DK1,94.800003,707.511382,energidataservice_csv,1,,2026-07-12 14:53:34
1884,2025-09-02 02:00:00,2025-09-02 02:00:00,DK2,94.800003,707.511382,energidataservice_csv,1,,2026-07-12 14:53:34
1881,2025-09-02 03:00:00,2025-09-02 03:00:00,DK1,106.849998,797.442905,energidataservice_csv,1,,2026-07-12 14:53:34
1882,2025-09-02 03:00:00,2025-09-02 03:00:00,DK2,106.82,797.219024,energidataservice_csv,1,,2026-07-12 14:53:34
1879,2025-09-02 04:00:00,2025-09-02 04:00:00,DK1,118.470001,884.165311,energidataservice_csv,1,,2026-07-12 14:53:34
1880,2025-09-02 04:00:00,2025-09-02 04:00:00,DK2,134.429993,1003.277924,energidataservice_csv,1,,2026-07-12 14:53:34
1877,2025-09-02 05:00:00,2025-09-02 05:00:00,DK1,153.669998,1146.869929,energidataservice_csv,1,,2026-07-12 14:53:34
1878,2025-09-02 05:00:00,2025-09-02 05:00:00,DK2,153.679993,1146.944524,energidataservice_csv,1,,2026-07-12 14:53:34
1875,2025-09-02 06:00:00,2025-09-02 06:00:00,DK1,147.479996,1100.672706,energidataservice_csv,1,,2026-07-12 14:53:34
1876,2025-09-02 06:00:00,2025-09-02 06:00:00,DK2,147.5,1100.822,energidataservice_csv,1,,2026-07-12 14:53:34
1873,2025-09-02 07:00:00,2025-09-02 07:00:00,DK1,121.050003,903.420382,energidataservice_csv,1,,2026-07-12 14:53:34
1874,2025-09-02 07:00:00,2025-09-02 07:00:00,DK2,121.07,903.569624,energidataservice_csv,1,,2026-07-12 14:53:34
1871,2025-09-02 08:00:00,2025-09-02 08:00:00,DK1,102.139999,762.291241,energidataservice_csv,1,,2026-07-12 14:53:34
1872,2025-09-02 08:00:00,2025-09-02 08:00:00,DK2,102.150002,762.365895,energidataservice_csv,1,,2026-07-12 14:53:34
1869,2025-09-02 09:00:00,2025-09-02 09:00:00,DK1,84.660004,631.834542,energidataservice_csv,1,,2026-07-12 14:53:34
1870,2025-09-02 09:00:00,2025-09-02 09:00:00,DK2,85.449997,637.730418,energidataservice_csv,1,,2026-07-12 14:53:34
1867,2025-09-02 10:00:00,2025-09-02 10:00:00,DK1,78.940002,589.145023,energidataservice_csv,1,,2026-07-12 14:53:34
1868,2025-09-02 10:00:00,2025-09-02 10:00:00,DK2,78.940002,589.145023,energidataservice_csv,1,,2026-07-12 14:53:34
1865,2025-09-02 11:00:00,2025-09-02 11:00:00,DK1,79.730003,595.040958,energidataservice_csv,1,,2026-07-12 14:53:34
1866,2025-09-02 11:00:00,2025-09-02 11:00:00,DK2,79.739998,595.115553,energidataservice_csv,1,,2026-07-12 14:53:34
1863,2025-09-02 12:00:00,2025-09-02 12:00:00,DK1,78.540001,586.159735,energidataservice_csv,1,,2026-07-12 14:53:34
1864,2025-09-02 12:00:00,2025-09-02 12:00:00,DK2,78.529999,586.085089,energidataservice_csv,1,,2026-07-12 14:53:34
1861,2025-09-02 13:00:00,2025-09-02 13:00:00,DK1,84.370003,629.670206,energidataservice_csv,1,,2026-07-12 14:53:34
1862,2025-09-02 13:00:00,2025-09-02 13:00:00,DK2,85.110001,635.192959,energidataservice_csv,1,,2026-07-12 14:53:34
1859,2025-09-02 14:00:00,2025-09-02 14:00:00,DK1,95.0,709.004,energidataservice_csv,1,,2026-07-12 14:53:34
1860,2025-09-02 14:00:00,2025-09-02 14:00:00,DK2,96.510002,720.273447,energidataservice_csv,1,,2026-07-12 14:53:34
1857,2025-09-02 15:00:00,2025-09-02 15:00:00,DK1,108.970001,813.264911,energidataservice_csv,1,,2026-07-12 14:53:34
1858,2025-09-02 15:00:00,2025-09-02 15:00:00,DK2,118.300003,882.896582,energidataservice_csv,1,,2026-07-12 14:53:34
1855,2025-09-02 16:00:00,2025-09-02 16:00:00,DK1,173.160004,1292.327742,energidataservice_csv,1,,2026-07-12 14:53:34
1856,2025-09-02 16:00:00,2025-09-02 16:00:00,DK2,174.949997,1305.686818,energidataservice_csv,1,,2026-07-12 14:53:34
1853,2025-09-02 17:00:00,2025-09-02 17:00:00,DK1,311.51001,2324.861507,energidataservice_csv,1,,2026-07-12 14:53:34
1854,2025-09-02 17:00:00,2025-09-02 17:00:00,DK2,311.470001,2324.562911,energidataservice_csv,1,,2026-07-12 14:53:34
1851,2025-09-02 18:00:00,2025-09-02 18:00:00,DK1,263.790009,1968.717595,energidataservice_csv,1,,2026-07-12 14:53:34
1852,2025-09-02 18:00:00,2025-09-02 18:00:00,DK2,263.73999,1968.344293,energidataservice_csv,1,,2026-07-12 14:53:34
1849,2025-09-02 19:00:00,2025-09-02 19:00:00,DK1,140.919998,1051.714129,energidataservice_csv,1,,2026-07-12 14:53:34
1850,2025-09-02 19:00:00,2025-09-02 19:00:00,DK2,140.899994,1051.564835,energidataservice_csv,1,,2026-07-12 14:53:34
1847,2025-09-02 20:00:00,2025-09-02 20:00:00,DK1,110.470001,824.459711,energidataservice_csv,1,,2026-07-12 14:53:34
1848,2025-09-02 20:00:00,2025-09-02 20:00:00,DK2,110.480003,824.534358,energidataservice_csv,1,,2026-07-12 14:53:34
1845,2025-09-02 21:00:00,2025-09-02 21:00:00,DK1,91.209999,680.718465,energidataservice_csv,1,,2026-07-12 14:53:34
1846,2025-09-02 21:00:00,2025-09-02 21:00:00,DK2,91.230003,680.867758,energidataservice_csv,1,,2026-07-12 14:53:34
1843,2025-09-02 22:00:00,2025-09-02 22:00:00,DK1,97.25,725.805925,energidataservice_csv,1,,2026-07-12 14:53:34
1844,2025-09-02 22:00:00,2025-09-02 22:00:00,DK2,97.269997,725.955169,energidataservice_csv,1,,2026-07-12 14:53:34
1841,2025-09-02 23:00:00,2025-09-02 23:00:00,DK1,90.739998,677.219827,energidataservice_csv,1,,2026-07-12 14:53:34
1842,2025-09-02 23:00:00,2025-09-02 23:00:00,DK2,90.760002,677.369123,energidataservice_csv,1,,2026-07-12 14:53:34
1839,2025-09-03 00:00:00,2025-09-03 00:00:00,DK1,85.949997,641.470613,energidataservice_csv,1,,2026-07-12 14:53:34
1840,2025-09-03 00:00:00,2025-09-03 00:00:00,DK2,85.949997,641.470613,energidataservice_csv,1,,2026-07-12 14:53:34
1837,2025-09-03 01:00:00,2025-09-03 01:00:00,DK1,81.720001,609.900883,energidataservice_csv,1,,2026-07-12 14:53:34
1838,2025-09-03 01:00:00,2025-09-03 01:00:00,DK2,81.739998,610.050127,energidataservice_csv,1,,2026-07-12 14:53:34
1835,2025-09-03 02:00:00,2025-09-03 02:00:00,DK1,81.230003,606.243881,energidataservice_csv,1,,2026-07-12 14:53:34
1836,2025-09-03 02:00:00,2025-09-03 02:00:00,DK2,81.25,606.393125,energidataservice_csv,1,,2026-07-12 14:53:34
1833,2025-09-03 03:00:00,2025-09-03 03:00:00,DK1,79.5,593.33235,energidataservice_csv,1,,2026-07-12 14:53:34
1834,2025-09-03 03:00:00,2025-09-03 03:00:00,DK2,87.0,649.3071,energidataservice_csv,1,,2026-07-12 14:53:34
1831,2025-09-03 04:00:00,2025-09-03 04:00:00,DK1,93.449997,697.445363,energidataservice_csv,1,,2026-07-12 14:53:34
1832,2025-09-03 04:00:00,2025-09-03 04:00:00,DK2,103.239998,770.511077,energidataservice_csv,1,,2026-07-12 14:53:34
1829,2025-09-03 05:00:00,2025-09-03 05:00:00,DK1,105.610001,788.19912,energidataservice_csv,1,,2026-07-12 14:53:34
1830,2025-09-03 05:00:00,2025-09-03 05:00:00,DK2,112.690002,841.039292,energidataservice_csv,1,,2026-07-12 14:53:34
1827,2025-09-03 06:00:00,2025-09-03 06:00:00,DK1,105.199997,785.139138,energidataservice_csv,1,,2026-07-12 14:53:34
1828,2025-09-03 06:00:00,2025-09-03 06:00:00,DK2,109.18,814.843094,energidataservice_csv,1,,2026-07-12 14:53:34
1825,2025-09-03 07:00:00,2025-09-03 07:00:00,DK1,85.300003,636.619512,energidataservice_csv,1,,2026-07-12 14:53:34
1826,2025-09-03 07:00:00,2025-09-03 07:00:00,DK2,83.980003,626.767956,energidataservice_csv,1,,2026-07-12 14:53:34
1823,2025-09-03 08:00:00,2025-09-03 08:00:00,DK1,29.040001,216.734239,energidataservice_csv,1,,2026-07-12 14:53:34
1824,2025-09-03 08:00:00,2025-09-03 08:00:00,DK2,34.869999,260.245264,energidataservice_csv,1,,2026-07-12 14:53:34
1821,2025-09-03 09:00:00,2025-09-03 09:00:00,DK1,2.84,21.195772,energidataservice_csv,1,,2026-07-12 14:53:34
1822,2025-09-03 09:00:00,2025-09-03 09:00:00,DK2,9.26,69.110158,energidataservice_csv,1,,2026-07-12 14:53:34
1819,2025-09-03 10:00:00,2025-09-03 10:00:00,DK1,2.38,17.762654,energidataservice_csv,1,,2026-07-12 14:53:34
1820,2025-09-03 10:00:00,2025-09-03 10:00:00,DK2,7.57,56.497181,energidataservice_csv,1,,2026-07-12 14:53:34
1817,2025-09-03 11:00:00,2025-09-03 11:00:00,DK1,2.11,15.747563,energidataservice_csv,1,,2026-07-12 14:53:34
1818,2025-09-03 11:00:00,2025-09-03 11:00:00,DK2,6.01,44.854433,energidataservice_csv,1,,2026-07-12 14:53:34
1815,2025-09-03 12:00:00,2025-09-03 12:00:00,DK1,2.31,17.240223,energidataservice_csv,1,,2026-07-12 14:53:34
1816,2025-09-03 12:00:00,2025-09-03 12:00:00,DK2,6.73,50.228009,energidataservice_csv,1,,2026-07-12 14:53:34
1813,2025-09-03 13:00:00,2025-09-03 13:00:00,DK1,2.02,15.075866,energidataservice_csv,1,,2026-07-12 14:53:34
1814,2025-09-03 13:00:00,2025-09-03 13:00:00,DK2,16.280001,121.502531,energidataservice_csv,1,,2026-07-12 14:53:34
1811,2025-09-03 14:00:00,2025-09-03 14:00:00,DK1,10.0,74.633,energidataservice_csv,1,,2026-07-12 14:53:34
1812,2025-09-03 14:00:00,2025-09-03 14:00:00,DK2,41.599998,310.473265,energidataservice_csv,1,,2026-07-12 14:53:34
1809,2025-09-03 15:00:00,2025-09-03 15:00:00,DK1,63.459999,473.621011,energidataservice_csv,1,,2026-07-12 14:53:34
1810,2025-09-03 15:00:00,2025-09-03 15:00:00,DK2,67.599998,504.519065,energidataservice_csv,1,,2026-07-12 14:53:34
1807,2025-09-03 16:00:00,2025-09-03 16:00:00,DK1,80.93,604.004869,energidataservice_csv,1,,2026-07-12 14:53:34
1808,2025-09-03 16:00:00,2025-09-03 16:00:00,DK2,100.540001,750.360189,energidataservice_csv,1,,2026-07-12 14:53:34
1805,2025-09-03 17:00:00,2025-09-03 17:00:00,DK1,96.309998,718.790408,energidataservice_csv,1,,2026-07-12 14:53:34
1806,2025-09-03 17:00:00,2025-09-03 17:00:00,DK2,110.68,826.038044,energidataservice_csv,1,,2026-07-12 14:53:34
1803,2025-09-03 18:00:00,2025-09-03 18:00:00,DK1,90.300003,673.936012,energidataservice_csv,1,,2026-07-12 14:53:34
1804,2025-09-03 18:00:00,2025-09-03 18:00:00,DK2,102.169998,762.525346,energidataservice_csv,1,,2026-07-12 14:53:34
1801,2025-09-03 19:00:00,2025-09-03 19:00:00,DK1,60.880001,454.365711,energidataservice_csv,1,,2026-07-12 14:53:34
1802,2025-09-03 19:00:00,2025-09-03 19:00:00,DK2,94.239998,703.341377,energidataservice_csv,1,,2026-07-12 14:53:34
1799,2025-09-03 20:00:00,2025-09-03 20:00:00,DK1,44.189999,329.80322,energidataservice_csv,1,,2026-07-12 14:53:34
1800,2025-09-03 20:00:00,2025-09-03 20:00:00,DK2,74.769997,558.030919,energidataservice_csv,1,,2026-07-12 14:53:34
1797,2025-09-03 21:00:00,2025-09-03 21:00:00,DK1,38.349998,286.21754,energidataservice_csv,1,,2026-07-12 14:53:34
1798,2025-09-03 21:00:00,2025-09-03 21:00:00,DK2,51.669998,385.628696,energidataservice_csv,1,,2026-07-12 14:53:34
1795,2025-09-03 22:00:00,2025-09-03 22:00:00,DK1,15.1,112.71244,energidataservice_csv,1,,2026-07-12 14:53:34
1796,2025-09-03 22:00:00,2025-09-03 22:00:00,DK2,17.4,129.88056,energidataservice_csv,1,,2026-07-12 14:53:34
1793,2025-09-03 23:00:00,2025-09-03 23:00:00,DK1,15.04,112.264576,energidataservice_csv,1,,2026-07-12 14:53:34
1794,2025-09-03 23:00:00,2025-09-03 23:00:00,DK2,15.04,112.264576,energidataservice_csv,1,,2026-07-12 14:53:34
1791,2025-09-04 00:00:00,2025-09-04 00:00:00,DK1,14.88,111.070272,energidataservice_csv,1,,2026-07-12 14:53:34
1792,2025-09-04 00:00:00,2025-09-04 00:00:00,DK2,14.91,111.294204,energidataservice_csv,1,,2026-07-12 14:53:34
1789,2025-09-04 01:00:00,2025-09-04 01:00:00,DK1,15.09,112.637796,energidataservice_csv,1,,2026-07-12 14:53:34
1790,2025-09-04 01:00:00,2025-09-04 01:00:00,DK2,19.780001,147.645839,energidataservice_csv,1,,2026-07-12 14:53:34
1787,2025-09-04 02:00:00,2025-09-04 02:00:00,DK1,24.280001,181.235639,energidataservice_csv,1,,2026-07-12 14:53:34
1788,2025-09-04 02:00:00,2025-09-04 02:00:00,DK2,24.219999,180.787761,energidataservice_csv,1,,2026-07-12 14:53:34
1785,2025-09-04 03:00:00,2025-09-04 03:00:00,DK1,44.599998,332.912225,energidataservice_csv,1,,2026-07-12 14:53:34
1786,2025-09-04 03:00:00,2025-09-04 03:00:00,DK2,60.5,451.5962,energidataservice_csv,1,,2026-07-12 14:53:34
1783,2025-09-04 04:00:00,2025-09-04 04:00:00,DK1,73.089996,545.572966,energidataservice_csv,1,,2026-07-12 14:53:34
1784,2025-09-04 04:00:00,2025-09-04 04:00:00,DK2,73.029999,545.125125,energidataservice_csv,1,,2026-07-12 14:53:34
1781,2025-09-04 05:00:00,2025-09-04 05:00:00,DK1,96.82,722.703208,energidataservice_csv,1,,2026-07-12 14:53:34
1782,2025-09-04 05:00:00,2025-09-04 05:00:00,DK2,96.779999,722.404625,energidataservice_csv,1,,2026-07-12 14:53:34
1779,2025-09-04 06:00:00,2025-09-04 06:00:00,DK1,98.0,731.5112,energidataservice_csv,1,,2026-07-12 14:53:34
1780,2025-09-04 06:00:00,2025-09-04 06:00:00,DK2,103.529999,772.789325,energidataservice_csv,1,,2026-07-12 14:53:34
1777,2025-09-04 07:00:00,2025-09-04 07:00:00,DK1,77.809998,580.804949,energidataservice_csv,1,,2026-07-12 14:53:34
1778,2025-09-04 07:00:00,2025-09-04 07:00:00,DK2,77.82,580.879608,energidataservice_csv,1,,2026-07-12 14:53:34
1775,2025-09-04 08:00:00,2025-09-04 08:00:00,DK1,41.450001,309.399387,energidataservice_csv,1,,2026-07-12 14:53:34
1776,2025-09-04 08:00:00,2025-09-04 08:00:00,DK2,41.450001,309.399387,energidataservice_csv,1,,2026-07-12 14:53:34
1773,2025-09-04 09:00:00,2025-09-04 09:00:00,DK1,5.79,43.218876,energidataservice_csv,1,,2026-07-12 14:53:34
1774,2025-09-04 09:00:00,2025-09-04 09:00:00,DK2,5.79,43.218876,energidataservice_csv,1,,2026-07-12 14:53:34
1771,2025-09-04 10:00:00,2025-09-04 10:00:00,DK1,3.2,23.88608,energidataservice_csv,1,,2026-07-12 14:53:34
1772,2025-09-04 10:00:00,2025-09-04 10:00:00,DK2,3.2,23.88608,energidataservice_csv,1,,2026-07-12 14:53:34
1769,2025-09-04 11:00:00,2025-09-04 11:00:00,DK1,3.36,25.080384,energidataservice_csv,1,,2026-07-12 14:53:34
1770,2025-09-04 11:00:00,2025-09-04 11:00:00,DK2,3.36,25.080384,energidataservice_csv,1,,2026-07-12 14:53:34
1767,2025-09-04 12:00:00,2025-09-04 12:00:00,DK1,34.889999,260.432909,energidataservice_csv,1,,2026-07-12 14:53:34
1768,2025-09-04 12:00:00,2025-09-04 12:00:00,DK2,34.880001,260.358279,energidataservice_csv,1,,2026-07-12 14:53:34
1765,2025-09-04 13:00:00,2025-09-04 13:00:00,DK1,71.0,529.9724,energidataservice_csv,1,,2026-07-12 14:53:34
1766,2025-09-04 13:00:00,2025-09-04 13:00:00,DK2,71.019997,530.121666,energidataservice_csv,1,,2026-07-12 14:53:34
1763,2025-09-04 14:00:00,2025-09-04 14:00:00,DK1,89.519997,668.213066,energidataservice_csv,1,,2026-07-12 14:53:34
1764,2025-09-04 14:00:00,2025-09-04 14:00:00,DK2,90.110001,672.617091,energidataservice_csv,1,,2026-07-12 14:53:34
1761,2025-09-04 15:00:00,2025-09-04 15:00:00,DK1,109.129997,814.58995,energidataservice_csv,1,,2026-07-12 14:53:34
1762,2025-09-04 15:00:00,2025-09-04 15:00:00,DK2,109.110001,814.440691,energidataservice_csv,1,,2026-07-12 14:53:34
1759,2025-09-04 16:00:00,2025-09-04 16:00:00,DK1,191.800003,1431.671942,energidataservice_csv,1,,2026-07-12 14:53:34
1760,2025-09-04 16:00:00,2025-09-04 16:00:00,DK2,191.75,1431.2987,energidataservice_csv,1,,2026-07-12 14:53:34
1757,2025-09-04 17:00:00,2025-09-04 17:00:00,DK1,350.0,2612.54,energidataservice_csv,1,,2026-07-12 14:53:34
1758,2025-09-04 17:00:00,2025-09-04 17:00:00,DK2,349.869995,2611.569591,energidataservice_csv,1,,2026-07-12 14:53:34
1755,2025-09-04 18:00:00,2025-09-04 18:00:00,DK1,218.820007,1633.36006,energidataservice_csv,1,,2026-07-12 14:53:34
1756,2025-09-04 18:00:00,2025-09-04 18:00:00,DK2,218.759995,1632.912107,energidataservice_csv,1,,2026-07-12 14:53:34
1753,2025-09-04 19:00:00,2025-09-04 19:00:00,DK1,124.93,932.527492,energidataservice_csv,1,,2026-07-12 14:53:34
1754,2025-09-04 19:00:00,2025-09-04 19:00:00,DK2,124.919998,932.452833,energidataservice_csv,1,,2026-07-12 14:53:34
1751,2025-09-04 20:00:00,2025-09-04 20:00:00,DK1,112.139999,837.057809,energidataservice_csv,1,,2026-07-12 14:53:34
1752,2025-09-04 20:00:00,2025-09-04 20:00:00,DK2,112.129997,836.98315,energidataservice_csv,1,,2026-07-12 14:53:34
1749,2025-09-04 21:00:00,2025-09-04 21:00:00,DK1,101.300003,756.143742,energidataservice_csv,1,,2026-07-12 14:53:34
1750,2025-09-04 21:00:00,2025-09-04 21:00:00,DK2,101.290001,756.069083,energidataservice_csv,1,,2026-07-12 14:53:34
1747,2025-09-04 22:00:00,2025-09-04 22:00:00,DK1,95.25,711.0222,energidataservice_csv,1,,2026-07-12 14:53:34
1748,2025-09-04 22:00:00,2025-09-04 22:00:00,DK2,95.260002,711.096863,energidataservice_csv,1,,2026-07-12 14:53:34
1745,2025-09-04 23:00:00,2025-09-04 23:00:00,DK1,86.099998,642.719265,energidataservice_csv,1,,2026-07-12 14:53:34
1746,2025-09-04 23:00:00,2025-09-04 23:00:00,DK2,86.099998,642.719265,energidataservice_csv,1,,2026-07-12 14:53:34
1743,2025-09-05 00:00:00,2025-09-05 00:00:00,DK1,85.260002,636.448863,energidataservice_csv,1,,2026-07-12 14:53:34
1744,2025-09-05 00:00:00,2025-09-05 00:00:00,DK2,85.239998,636.299537,energidataservice_csv,1,,2026-07-12 14:53:34
1741,2025-09-05 01:00:00,2025-09-05 01:00:00,DK1,85.199997,636.000938,energidataservice_csv,1,,2026-07-12 14:53:34
1742,2025-09-05 01:00:00,2025-09-05 01:00:00,DK2,85.199997,636.000938,energidataservice_csv,1,,2026-07-12 14:53:34
1739,2025-09-05 02:00:00,2025-09-05 02:00:00,DK1,85.599998,638.986865,energidataservice_csv,1,,2026-07-12 14:53:34
1740,2025-09-05 02:00:00,2025-09-05 02:00:00,DK2,85.599998,638.986865,energidataservice_csv,1,,2026-07-12 14:53:34
1737,2025-09-05 03:00:00,2025-09-05 03:00:00,DK1,97.360001,726.772935,energidataservice_csv,1,,2026-07-12 14:53:34
1738,2025-09-05 03:00:00,2025-09-05 03:00:00,DK2,97.330002,726.548999,energidataservice_csv,1,,2026-07-12 14:53:34
1735,2025-09-05 04:00:00,2025-09-05 04:00:00,DK1,119.160004,889.505598,energidataservice_csv,1,,2026-07-12 14:53:34
1736,2025-09-05 04:00:00,2025-09-05 04:00:00,DK2,119.139999,889.356265,energidataservice_csv,1,,2026-07-12 14:53:34
1733,2025-09-05 05:00:00,2025-09-05 05:00:00,DK1,132.130005,986.324061,energidataservice_csv,1,,2026-07-12 14:53:34
1734,2025-09-05 05:00:00,2025-09-05 05:00:00,DK2,132.110001,986.174735,energidataservice_csv,1,,2026-07-12 14:53:34
1731,2025-09-05 06:00:00,2025-09-05 06:00:00,DK1,125.75,938.6986,energidataservice_csv,1,,2026-07-12 14:53:34
1732,2025-09-05 06:00:00,2025-09-05 06:00:00,DK2,125.739998,938.623937,energidataservice_csv,1,,2026-07-12 14:53:34
1729,2025-09-05 07:00:00,2025-09-05 07:00:00,DK1,100.400002,749.465935,energidataservice_csv,1,,2026-07-12 14:53:34
1730,2025-09-05 07:00:00,2025-09-05 07:00:00,DK2,100.400002,749.465935,energidataservice_csv,1,,2026-07-12 14:53:34
1727,2025-09-05 08:00:00,2025-09-05 08:00:00,DK1,87.830002,655.633399,energidataservice_csv,1,,2026-07-12 14:53:34
1728,2025-09-05 08:00:00,2025-09-05 08:00:00,DK2,87.82,655.558736,energidataservice_csv,1,,2026-07-12 14:53:34
1725,2025-09-05 09:00:00,2025-09-05 09:00:00,DK1,84.150002,628.162935,energidataservice_csv,1,,2026-07-12 14:53:34
1726,2025-09-05 09:00:00,2025-09-05 09:00:00,DK2,84.150002,628.162935,energidataservice_csv,1,,2026-07-12 14:53:34
1723,2025-09-05 10:00:00,2025-09-05 10:00:00,DK1,78.25,584.1206,energidataservice_csv,1,,2026-07-12 14:53:34
1724,2025-09-05 10:00:00,2025-09-05 10:00:00,DK2,78.239998,584.045937,energidataservice_csv,1,,2026-07-12 14:53:34
1721,2025-09-05 11:00:00,2025-09-05 11:00:00,DK1,72.190002,538.883927,energidataservice_csv,1,,2026-07-12 14:53:34
1722,2025-09-05 11:00:00,2025-09-05 11:00:00,DK2,72.190002,538.883927,energidataservice_csv,1,,2026-07-12 14:53:34
1719,2025-09-05 12:00:00,2025-09-05 12:00:00,DK1,70.169998,523.805001,energidataservice_csv,1,,2026-07-12 14:53:34
1720,2025-09-05 12:00:00,2025-09-05 12:00:00,DK2,70.169998,523.805001,energidataservice_csv,1,,2026-07-12 14:53:34
1717,2025-09-05 13:00:00,2025-09-05 13:00:00,DK1,77.529999,578.745937,energidataservice_csv,1,,2026-07-12 14:53:34
1718,2025-09-05 13:00:00,2025-09-05 13:00:00,DK2,77.529999,578.745937,energidataservice_csv,1,,2026-07-12 14:53:34
1715,2025-09-05 14:00:00,2025-09-05 14:00:00,DK1,85.0,634.508,energidataservice_csv,1,,2026-07-12 14:53:34
1716,2025-09-05 14:00:00,2025-09-05 14:00:00,DK2,85.0,634.508,energidataservice_csv,1,,2026-07-12 14:53:34
1713,2025-09-05 15:00:00,2025-09-05 15:00:00,DK1,90.959999,678.998201,energidataservice_csv,1,,2026-07-12 14:53:34
1714,2025-09-05 15:00:00,2025-09-05 15:00:00,DK2,90.959999,678.998201,energidataservice_csv,1,,2026-07-12 14:53:34
1711,2025-09-05 16:00:00,2025-09-05 16:00:00,DK1,108.949997,813.289938,energidataservice_csv,1,,2026-07-12 14:53:34
1712,2025-09-05 16:00:00,2025-09-05 16:00:00,DK2,108.940002,813.215327,energidataservice_csv,1,,2026-07-12 14:53:34
1709,2025-09-05 17:00:00,2025-09-05 17:00:00,DK1,154.529999,1153.535537,energidataservice_csv,1,,2026-07-12 14:53:34
1710,2025-09-05 17:00:00,2025-09-05 17:00:00,DK2,154.5,1153.3116,energidataservice_csv,1,,2026-07-12 14:53:34
1707,2025-09-05 18:00:00,2025-09-05 18:00:00,DK1,150.75,1125.3186,energidataservice_csv,1,,2026-07-12 14:53:34
1708,2025-09-05 18:00:00,2025-09-05 18:00:00,DK2,150.720001,1125.094663,energidataservice_csv,1,,2026-07-12 14:53:34
1705,2025-09-05 19:00:00,2025-09-05 19:00:00,DK1,117.099998,874.128065,energidataservice_csv,1,,2026-07-12 14:53:34
1706,2025-09-05 19:00:00,2025-09-05 19:00:00,DK2,117.080002,873.978799,energidataservice_csv,1,,2026-07-12 14:53:34
1703,2025-09-05 20:00:00,2025-09-05 20:00:00,DK1,107.709999,804.033601,energidataservice_csv,1,,2026-07-12 14:53:34
1704,2025-09-05 20:00:00,2025-09-05 20:00:00,DK2,107.690002,803.884327,energidataservice_csv,1,,2026-07-12 14:53:34
1701,2025-09-05 21:00:00,2025-09-05 21:00:00,DK1,100.699997,751.705338,energidataservice_csv,1,,2026-07-12 14:53:34
1702,2025-09-05 21:00:00,2025-09-05 21:00:00,DK2,100.629997,751.182802,energidataservice_csv,1,,2026-07-12 14:53:34
1699,2025-09-05 22:00:00,2025-09-05 22:00:00,DK1,101.209999,755.512401,energidataservice_csv,1,,2026-07-12 14:53:34
1700,2025-09-05 22:00:00,2025-09-05 22:00:00,DK2,101.120003,754.840598,energidataservice_csv,1,,2026-07-12 14:53:34
1697,2025-09-05 23:00:00,2025-09-05 23:00:00,DK1,100.589996,750.884202,energidataservice_csv,1,,2026-07-12 14:53:34
1698,2025-09-05 23:00:00,2025-09-05 23:00:00,DK2,100.510002,750.287063,energidataservice_csv,1,,2026-07-12 14:53:34
1695,2025-09-06 00:00:00,2025-09-06 00:00:00,DK1,99.57,743.270136,energidataservice_csv,1,,2026-07-12 14:53:34
1696,2025-09-06 00:00:00,2025-09-06 00:00:00,DK2,99.519997,742.896874,energidataservice_csv,1,,2026-07-12 14:53:34
1693,2025-09-06 01:00:00,2025-09-06 01:00:00,DK1,97.839996,730.356002,energidataservice_csv,1,,2026-07-12 14:53:34
1694,2025-09-06 01:00:00,2025-09-06 01:00:00,DK2,97.769997,729.833474,energidataservice_csv,1,,2026-07-12 14:53:34
1691,2025-09-06 02:00:00,2025-09-06 02:00:00,DK1,96.959999,723.787001,energidataservice_csv,1,,2026-07-12 14:53:34
1692,2025-09-06 02:00:00,2025-09-06 02:00:00,DK2,96.879997,723.189802,energidataservice_csv,1,,2026-07-12 14:53:34
1689,2025-09-06 03:00:00,2025-09-06 03:00:00,DK1,98.010002,731.625063,energidataservice_csv,1,,2026-07-12 14:53:34
1690,2025-09-06 03:00:00,2025-09-06 03:00:00,DK2,97.910004,730.878598,energidataservice_csv,1,,2026-07-12 14:53:34
1687,2025-09-06 04:00:00,2025-09-06 04:00:00,DK1,97.870003,730.579998,energidataservice_csv,1,,2026-07-12 14:53:34
1688,2025-09-06 04:00:00,2025-09-06 04:00:00,DK2,97.769997,729.833474,energidataservice_csv,1,,2026-07-12 14:53:34
1685,2025-09-06 05:00:00,2025-09-06 05:00:00,DK1,100.910004,753.272998,energidataservice_csv,1,,2026-07-12 14:53:34
1686,2025-09-06 05:00:00,2025-09-06 05:00:00,DK2,105.32,786.192736,energidataservice_csv,1,,2026-07-12 14:53:34
1683,2025-09-06 06:00:00,2025-09-06 06:00:00,DK1,95.980003,716.471526,energidataservice_csv,1,,2026-07-12 14:53:34
1684,2025-09-06 06:00:00,2025-09-06 06:00:00,DK2,91.400002,682.282735,energidataservice_csv,1,,2026-07-12 14:53:34
1681,2025-09-06 07:00:00,2025-09-06 07:00:00,DK1,79.110001,590.540335,energidataservice_csv,1,,2026-07-12 14:53:34
1682,2025-09-06 07:00:00,2025-09-06 07:00:00,DK2,56.150002,419.148535,energidataservice_csv,1,,2026-07-12 14:53:34
1679,2025-09-06 08:00:00,2025-09-06 08:00:00,DK1,11.35,84.72548,energidataservice_csv,1,,2026-07-12 14:53:34
1680,2025-09-06 08:00:00,2025-09-06 08:00:00,DK2,30.540001,227.974999,energidataservice_csv,1,,2026-07-12 14:53:34
1677,2025-09-06 09:00:00,2025-09-06 09:00:00,DK1,2.08,15.526784,energidataservice_csv,1,,2026-07-12 14:53:34
1678,2025-09-06 09:00:00,2025-09-06 09:00:00,DK2,9.26,69.124048,energidataservice_csv,1,,2026-07-12 14:53:34
1675,2025-09-06 10:00:00,2025-09-06 10:00:00,DK1,2.06,15.377488,energidataservice_csv,1,,2026-07-12 14:53:34
1676,2025-09-06 10:00:00,2025-09-06 10:00:00,DK2,5.91,44.116968,energidataservice_csv,1,,2026-07-12 14:53:34
1673,2025-09-06 11:00:00,2025-09-06 11:00:00,DK1,0.26,1.940848,energidataservice_csv,1,,2026-07-12 14:53:34
1674,2025-09-06 11:00:00,2025-09-06 11:00:00,DK2,2.36,17.616928,energidataservice_csv,1,,2026-07-12 14:53:34
1671,2025-09-06 12:00:00,2025-09-06 12:00:00,DK1,0.0,0.0,energidataservice_csv,1,,2026-07-12 14:53:34
1672,2025-09-06 12:00:00,2025-09-06 12:00:00,DK2,1.83,13.660584,energidataservice_csv,1,,2026-07-12 14:53:34
1669,2025-09-06 13:00:00,2025-09-06 13:00:00,DK1,-0.01,-0.074648,energidataservice_csv,1,,2026-07-12 14:53:34
1670,2025-09-06 13:00:00,2025-09-06 13:00:00,DK2,8.22,61.360656,energidataservice_csv,1,,2026-07-12 14:53:34
1667,2025-09-06 14:00:00,2025-09-06 14:00:00,DK1,40.990002,305.982167,energidataservice_csv,1,,2026-07-12 14:53:34
1668,2025-09-06 14:00:00,2025-09-06 14:00:00,DK2,32.75,244.4722,energidataservice_csv,1,,2026-07-12 14:53:34
1665,2025-09-06 15:00:00,2025-09-06 15:00:00,DK1,87.599998,653.916465,energidataservice_csv,1,,2026-07-12 14:53:34
1666,2025-09-06 15:00:00,2025-09-06 15:00:00,DK2,87.589996,653.841802,energidataservice_csv,1,,2026-07-12 14:53:34
1663,2025-09-06 16:00:00,2025-09-06 16:00:00,DK1,116.470001,869.425263,energidataservice_csv,1,,2026-07-12 14:53:34
1664,2025-09-06 16:00:00,2025-09-06 16:00:00,DK2,116.449997,869.275938,energidataservice_csv,1,,2026-07-12 14:53:34
1661,2025-09-06 17:00:00,2025-09-06 17:00:00,DK1,158.389999,1182.349665,energidataservice_csv,1,,2026-07-12 14:53:34
1662,2025-09-06 17:00:00,2025-09-06 17:00:00,DK2,158.360001,1182.125735,energidataservice_csv,1,,2026-07-12 14:53:34
1659,2025-09-06 18:00:00,2025-09-06 18:00:00,DK1,139.539993,1041.63814,energidataservice_csv,1,,2026-07-12 14:53:34
1660,2025-09-06 18:00:00,2025-09-06 18:00:00,DK2,139.509995,1041.414211,energidataservice_csv,1,,2026-07-12 14:53:34
1657,2025-09-06 19:00:00,2025-09-06 19:00:00,DK1,109.949997,820.754738,energidataservice_csv,1,,2026-07-12 14:53:34
1658,2025-09-06 19:00:00,2025-09-06 19:00:00,DK2,109.93,820.605464,energidataservice_csv,1,,2026-07-12 14:53:34
1655,2025-09-06 20:00:00,2025-09-06 20:00:00,DK1,92.949997,693.853138,energidataservice_csv,1,,2026-07-12 14:53:34
1656,2025-09-06 20:00:00,2025-09-06 20:00:00,DK2,92.93,693.703864,energidataservice_csv,1,,2026-07-12 14:53:34
1653,2025-09-06 21:00:00,2025-09-06 21:00:00,DK1,82.559998,616.293873,energidataservice_csv,1,,2026-07-12 14:53:34
1654,2025-09-06 21:00:00,2025-09-06 21:00:00,DK2,82.529999,616.069937,energidataservice_csv,1,,2026-07-12 14:53:34
1651,2025-09-06 22:00:00,2025-09-06 22:00:00,DK1,89.720001,669.741863,energidataservice_csv,1,,2026-07-12 14:53:34
1652,2025-09-06 22:00:00,2025-09-06 22:00:00,DK2,89.669998,669.368601,energidataservice_csv,1,,2026-07-12 14:53:34
1649,2025-09-06 23:00:00,2025-09-06 23:00:00,DK1,85.019997,634.657274,energidataservice_csv,1,,2026-07-12 14:53:34
1650,2025-09-06 23:00:00,2025-09-06 23:00:00,DK2,84.940002,634.060127,energidataservice_csv,1,,2026-07-12 14:53:34
1647,2025-09-07 00:00:00,2025-09-07 00:00:00,DK1,80.769997,602.931874,energidataservice_csv,1,,2026-07-12 14:53:34
1648,2025-09-07 00:00:00,2025-09-07 00:00:00,DK2,80.690002,602.334727,energidataservice_csv,1,,2026-07-12 14:53:34
1645,2025-09-07 01:00:00,2025-09-07 01:00:00,DK1,78.040001,582.552999,energidataservice_csv,1,,2026-07-12 14:53:34
1646,2025-09-07 01:00:00,2025-09-07 01:00:00,DK2,83.309998,621.892473,energidataservice_csv,1,,2026-07-12 14:53:34
1643,2025-09-07 02:00:00,2025-09-07 02:00:00,DK1,77.57,579.044536,energidataservice_csv,1,,2026-07-12 14:53:34
1644,2025-09-07 02:00:00,2025-09-07 02:00:00,DK2,82.830002,618.309399,energidataservice_csv,1,,2026-07-12 14:53:34
1641,2025-09-07 03:00:00,2025-09-07 03:00:00,DK1,77.440002,578.074127,energidataservice_csv,1,,2026-07-12 14:53:34
1642,2025-09-07 03:00:00,2025-09-07 03:00:00,DK2,80.279999,599.274137,energidataservice_csv,1,,2026-07-12 14:53:34
1639,2025-09-07 04:00:00,2025-09-07 04:00:00,DK1,78.040001,582.552999,energidataservice_csv,1,,2026-07-12 14:53:34
1640,2025-09-07 04:00:00,2025-09-07 04:00:00,DK2,77.949997,581.881138,energidataservice_csv,1,,2026-07-12 14:53:34
1637,2025-09-07 05:00:00,2025-09-07 05:00:00,DK1,55.48,414.147104,energidataservice_csv,1,,2026-07-12 14:53:34
1638,2025-09-07 05:00:00,2025-09-07 05:00:00,DK2,44.380001,331.287831,energidataservice_csv,1,,2026-07-12 14:53:34
1635,2025-09-07 06:00:00,2025-09-07 06:00:00,DK1,0.0,0.0,energidataservice_csv,1,,2026-07-12 14:53:34
1636,2025-09-07 06:00:00,2025-09-07 06:00:00,DK2,11.1,82.85928,energidataservice_csv,1,,2026-07-12 14:53:34
1633,2025-09-07 07:00:00,2025-09-07 07:00:00,DK1,-0.09,-0.671832,energidataservice_csv,1,,2026-07-12 14:53:34
1634,2025-09-07 07:00:00,2025-09-07 07:00:00,DK2,6.85,51.13388,energidataservice_csv,1,,2026-07-12 14:53:34
1631,2025-09-07 08:00:00,2025-09-07 08:00:00,DK1,-0.01,-0.074648,energidataservice_csv,1,,2026-07-12 14:53:34
1632,2025-09-07 08:00:00,2025-09-07 08:00:00,DK2,8.94,66.735312,energidataservice_csv,1,,2026-07-12 14:53:34
1629,2025-09-07 09:00:00,2025-09-07 09:00:00,DK1,-8.96,-66.884608,energidataservice_csv,1,,2026-07-12 14:53:34
1630,2025-09-07 09:00:00,2025-09-07 09:00:00,DK2,7.69,57.404312,energidataservice_csv,1,,2026-07-12 14:53:34
1627,2025-09-07 10:00:00,2025-09-07 10:00:00,DK1,-25.32,-189.008736,energidataservice_csv,1,,2026-07-12 14:53:34
1628,2025-09-07 10:00:00,2025-09-07 10:00:00,DK2,3.3,24.63384,energidataservice_csv,1,,2026-07-12 14:53:34
1625,2025-09-07 11:00:00,2025-09-07 11:00:00,DK1,-34.040001,-254.101799,energidataservice_csv,1,,2026-07-12 14:53:34
1626,2025-09-07 11:00:00,2025-09-07 11:00:00,DK2,3.68,27.470464,energidataservice_csv,1,,2026-07-12 14:53:34
1623,2025-09-07 12:00:00,2025-09-07 12:00:00,DK1,-31.790001,-237.305999,energidataservice_csv,1,,2026-07-12 14:53:34
1624,2025-09-07 12:00:00,2025-09-07 12:00:00,DK2,3.61,26.947928,energidataservice_csv,1,,2026-07-12 14:53:34
1621,2025-09-07 13:00:00,2025-09-07 13:00:00,DK1,-12.1,-90.32408,energidataservice_csv,1,,2026-07-12 14:53:34
1622,2025-09-07 13:00:00,2025-09-07 13:00:00,DK2,6.88,51.357824,energidataservice_csv,1,,2026-07-12 14:53:34
1619,2025-09-07 14:00:00,2025-09-07 14:00:00,DK1,1.66,12.391568,energidataservice_csv,1,,2026-07-12 14:53:34
1620,2025-09-07 14:00:00,2025-09-07 14:00:00,DK2,19.530001,145.787551,energidataservice_csv,1,,2026-07-12 14:53:34
1617,2025-09-07 15:00:00,2025-09-07 15:00:00,DK1,3.36,25.081728,energidataservice_csv,1,,2026-07-12 14:53:34
1618,2025-09-07 15:00:00,2025-09-07 15:00:00,DK2,31.389999,234.320065,energidataservice_csv,1,,2026-07-12 14:53:34
1615,2025-09-07 16:00:00,2025-09-07 16:00:00,DK1,92.559998,690.941873,energidataservice_csv,1,,2026-07-12 14:53:34
1616,2025-09-07 16:00:00,2025-09-07 16:00:00,DK2,93.849998,700.571465,energidataservice_csv,1,,2026-07-12 14:53:34
1613,2025-09-07 17:00:00,2025-09-07 17:00:00,DK1,108.110001,807.019535,energidataservice_csv,1,,2026-07-12 14:53:34
1614,2025-09-07 17:00:00,2025-09-07 17:00:00,DK2,108.099998,806.944865,energidataservice_csv,1,,2026-07-12 14:53:34
1611,2025-09-07 18:00:00,2025-09-07 18:00:00,DK1,96.25,718.487,energidataservice_csv,1,,2026-07-12 14:53:34
1612,2025-09-07 18:00:00,2025-09-07 18:00:00,DK2,96.239998,718.412337,energidataservice_csv,1,,2026-07-12 14:53:34
1609,2025-09-07 19:00:00,2025-09-07 19:00:00,DK1,86.019997,642.122074,energidataservice_csv,1,,2026-07-12 14:53:34
1610,2025-09-07 19:00:00,2025-09-07 19:00:00,DK2,87.889999,656.081265,energidataservice_csv,1,,2026-07-12 14:53:34
1607,2025-09-07 20:00:00,2025-09-07 20:00:00,DK1,85.010002,634.582663,energidataservice_csv,1,,2026-07-12 14:53:34
1608,2025-09-07 20:00:00,2025-09-07 20:00:00,DK2,85.010002,634.582663,energidataservice_csv,1,,2026-07-12 14:53:34
1605,2025-09-07 21:00:00,2025-09-07 21:00:00,DK1,82.57,616.368536,energidataservice_csv,1,,2026-07-12 14:53:34
1606,2025-09-07 21:00:00,2025-09-07 21:00:00,DK2,84.190002,628.461527,energidataservice_csv,1,,2026-07-12 14:53:34
1603,2025-09-07 22:00:00,2025-09-07 22:00:00,DK1,69.199997,516.647178,energidataservice_csv,1,,2026-07-12 14:53:34
1604,2025-09-07 22:00:00,2025-09-07 22:00:00,DK2,79.650002,594.666915,energidataservice_csv,1,,2026-07-12 14:53:34
1601,2025-09-07 23:00:00,2025-09-07 23:00:00,DK1,69.040001,515.452647,energidataservice_csv,1,,2026-07-12 14:53:34
1602,2025-09-07 23:00:00,2025-09-07 23:00:00,DK2,85.699997,639.836178,energidataservice_csv,1,,2026-07-12 14:53:34
1599,2025-09-08 00:00:00,2025-09-08 00:00:00,DK1,70.480003,526.203702,energidataservice_csv,1,,2026-07-12 14:53:34
1600,2025-09-08 00:00:00,2025-09-08 00:00:00,DK2,84.660004,632.07159,energidataservice_csv,1,,2026-07-12 14:53:34
1597,2025-09-08 01:00:00,2025-09-08 01:00:00,DK1,70.410004,525.68109,energidataservice_csv,1,,2026-07-12 14:53:34
1598,2025-09-08 01:00:00,2025-09-08 01:00:00,DK2,82.230003,613.929202,energidataservice_csv,1,,2026-07-12 14:53:34
1595,2025-09-08 02:00:00,2025-09-08 02:00:00,DK1,72.449997,540.911678,energidataservice_csv,1,,2026-07-12 14:53:34
1596,2025-09-08 02:00:00,2025-09-08 02:00:00,DK2,72.449997,540.911678,energidataservice_csv,1,,2026-07-12 14:53:34
1593,2025-09-08 03:00:00,2025-09-08 03:00:00,DK1,74.940002,559.502055,energidataservice_csv,1,,2026-07-12 14:53:34
1594,2025-09-08 03:00:00,2025-09-08 03:00:00,DK2,74.940002,559.502055,energidataservice_csv,1,,2026-07-12 14:53:34
1591,2025-09-08 04:00:00,2025-09-08 04:00:00,DK1,94.290001,703.969147,energidataservice_csv,1,,2026-07-12 14:53:34
1592,2025-09-08 04:00:00,2025-09-08 04:00:00,DK2,125.029999,933.473973,energidataservice_csv,1,,2026-07-12 14:53:34
1589,2025-09-08 05:00:00,2025-09-08 05:00:00,DK1,106.489998,795.054325,energidataservice_csv,1,,2026-07-12 14:53:34
1590,2025-09-08 05:00:00,2025-09-08 05:00:00,DK2,160.529999,1198.516973,energidataservice_csv,1,,2026-07-12 14:53:34
1587,2025-09-08 06:00:00,2025-09-08 06:00:00,DK1,113.550003,847.764322,energidataservice_csv,1,,2026-07-12 14:53:34
1588,2025-09-08 06:00:00,2025-09-08 06:00:00,DK2,129.470001,966.623027,energidataservice_csv,1,,2026-07-12 14:53:34
1585,2025-09-08 07:00:00,2025-09-08 07:00:00,DK1,101.849998,760.412085,energidataservice_csv,1,,2026-07-12 14:53:34
1586,2025-09-08 07:00:00,2025-09-08 07:00:00,DK2,102.510002,765.339675,energidataservice_csv,1,,2026-07-12 14:53:34
1583,2025-09-08 08:00:00,2025-09-08 08:00:00,DK1,85.830002,640.806795,energidataservice_csv,1,,2026-07-12 14:53:34
1584,2025-09-08 08:00:00,2025-09-08 08:00:00,DK2,87.900002,656.261415,energidataservice_csv,1,,2026-07-12 14:53:34
1581,2025-09-08 09:00:00,2025-09-08 09:00:00,DK1,73.910004,551.81209,energidataservice_csv,1,,2026-07-12 14:53:34
1582,2025-09-08 09:00:00,2025-09-08 09:00:00,DK2,76.400002,570.402415,energidataservice_csv,1,,2026-07-12 14:53:34
1579,2025-09-08 10:00:00,2025-09-08 10:00:00,DK1,63.619999,474.986913,energidataservice_csv,1,,2026-07-12 14:53:34
1580,2025-09-08 10:00:00,2025-09-08 10:00:00,DK2,65.360001,487.977767,energidataservice_csv,1,,2026-07-12 14:53:34
1577,2025-09-08 11:00:00,2025-09-08 11:00:00,DK1,58.02,433.17732,energidataservice_csv,1,,2026-07-12 14:53:34
1578,2025-09-08 11:00:00,2025-09-08 11:00:00,DK2,61.119999,456.321913,energidataservice_csv,1,,2026-07-12 14:53:34
1575,2025-09-08 12:00:00,2025-09-08 12:00:00,DK1,65.610001,489.844267,energidataservice_csv,1,,2026-07-12 14:53:34
1576,2025-09-08 12:00:00,2025-09-08 12:00:00,DK2,69.370003,517.916442,energidataservice_csv,1,,2026-07-12 14:53:34
1573,2025-09-08 13:00:00,2025-09-08 13:00:00,DK1,72.160004,538.74659,energidataservice_csv,1,,2026-07-12 14:53:34
1574,2025-09-08 13:00:00,2025-09-08 13:00:00,DK2,78.459999,585.782353,energidataservice_csv,1,,2026-07-12 14:53:34
1571,2025-09-08 14:00:00,2025-09-08 14:00:00,DK1,90.080002,672.537295,energidataservice_csv,1,,2026-07-12 14:53:34
1572,2025-09-08 14:00:00,2025-09-08 14:00:00,DK2,99.720001,744.509527,energidataservice_csv,1,,2026-07-12 14:53:34
1569,2025-09-08 15:00:00,2025-09-08 15:00:00,DK1,124.279999,927.874473,energidataservice_csv,1,,2026-07-12 14:53:34
1570,2025-09-08 15:00:00,2025-09-08 15:00:00,DK2,124.279999,927.874473,energidataservice_csv,1,,2026-07-12 14:53:34
1567,2025-09-08 16:00:00,2025-09-08 16:00:00,DK1,196.610001,1467.890267,energidataservice_csv,1,,2026-07-12 14:53:34
1568,2025-09-08 16:00:00,2025-09-08 16:00:00,DK2,199.710007,1491.034912,energidataservice_csv,1,,2026-07-12 14:53:34
1565,2025-09-08 17:00:00,2025-09-08 17:00:00,DK1,413.660004,3088.38559,energidataservice_csv,1,,2026-07-12 14:53:34
1566,2025-09-08 17:00:00,2025-09-08 17:00:00,DK2,410.480011,3064.643762,energidataservice_csv,1,,2026-07-12 14:53:34
1563,2025-09-08 18:00:00,2025-09-08 18:00:00,DK1,308.519989,2303.410238,energidataservice_csv,1,,2026-07-12 14:53:34
1564,2025-09-08 18:00:00,2025-09-08 18:00:00,DK2,308.440002,2302.813055,energidataservice_csv,1,,2026-07-12 14:53:34
1561,2025-09-08 19:00:00,2025-09-08 19:00:00,DK1,152.0,1134.832,energidataservice_csv,1,,2026-07-12 14:53:34
1562,2025-09-08 19:00:00,2025-09-08 19:00:00,DK2,151.970001,1134.608027,energidataservice_csv,1,,2026-07-12 14:53:34
1559,2025-09-08 20:00:00,2025-09-08 20:00:00,DK1,123.93,925.26138,energidataservice_csv,1,,2026-07-12 14:53:34
1560,2025-09-08 20:00:00,2025-09-08 20:00:00,DK2,123.839996,924.58941,energidataservice_csv,1,,2026-07-12 14:53:34
1557,2025-09-08 21:00:00,2025-09-08 21:00:00,DK1,113.120003,844.553942,energidataservice_csv,1,,2026-07-12 14:53:34
1558,2025-09-08 21:00:00,2025-09-08 21:00:00,DK2,113.050003,844.031322,energidataservice_csv,1,,2026-07-12 14:53:34
1555,2025-09-08 22:00:00,2025-09-08 22:00:00,DK1,114.519997,855.040654,energidataservice_csv,1,,2026-07-12 14:53:34
1556,2025-09-08 22:00:00,2025-09-08 22:00:00,DK2,114.470001,854.667368,energidataservice_csv,1,,2026-07-12 14:53:34
1553,2025-09-08 23:00:00,2025-09-08 23:00:00,DK1,112.459999,839.660091,energidataservice_csv,1,,2026-07-12 14:53:34
1554,2025-09-08 23:00:00,2025-09-08 23:00:00,DK2,112.43,839.436109,energidataservice_csv,1,,2026-07-12 14:53:34
1551,2025-09-09 00:00:00,2025-09-09 00:00:00,DK1,110.349998,823.90619,energidataservice_csv,1,,2026-07-12 14:53:34
1552,2025-09-09 00:00:00,2025-09-09 00:00:00,DK2,110.32,823.682216,energidataservice_csv,1,,2026-07-12 14:53:34
1549,2025-09-09 01:00:00,2025-09-09 01:00:00,DK1,109.800003,819.799762,energidataservice_csv,1,,2026-07-12 14:53:34
1550,2025-09-09 01:00:00,2025-09-09 01:00:00,DK2,109.779999,819.650407,energidataservice_csv,1,,2026-07-12 14:53:34
1547,2025-09-09 02:00:00,2025-09-09 02:00:00,DK1,109.989998,821.218322,energidataservice_csv,1,,2026-07-12 14:53:34
1548,2025-09-09 02:00:00,2025-09-09 02:00:00,DK2,109.959999,820.994341,energidataservice_csv,1,,2026-07-12 14:53:34
1545,2025-09-09 03:00:00,2025-09-09 03:00:00,DK1,118.18,882.367334,energidataservice_csv,1,,2026-07-12 14:53:34
1546,2025-09-09 03:00:00,2025-09-09 03:00:00,DK2,118.150002,882.14336,energidataservice_csv,1,,2026-07-12 14:53:34
1543,2025-09-09 04:00:00,2025-09-09 04:00:00,DK1,182.389999,1361.77845,energidataservice_csv,1,,2026-07-12 14:53:34
1544,2025-09-09 04:00:00,2025-09-09 04:00:00,DK2,182.369995,1361.629094,energidataservice_csv,1,,2026-07-12 14:53:34
1541,2025-09-09 05:00:00,2025-09-09 05:00:00,DK1,293.5,2191.35905,energidataservice_csv,1,,2026-07-12 14:53:34
1542,2025-09-09 05:00:00,2025-09-09 05:00:00,DK2,301.820007,2253.478718,energidataservice_csv,1,,2026-07-12 14:53:34
1539,2025-09-09 06:00:00,2025-09-09 06:00:00,DK1,196.979996,1470.711744,energidataservice_csv,1,,2026-07-12 14:53:34
1540,2025-09-09 06:00:00,2025-09-09 06:00:00,DK2,196.979996,1470.711744,energidataservice_csv,1,,2026-07-12 14:53:34
1537,2025-09-09 07:00:00,2025-09-09 07:00:00,DK1,127.589996,952.625187,energidataservice_csv,1,,2026-07-12 14:53:34
1538,2025-09-09 07:00:00,2025-09-09 07:00:00,DK2,127.599998,952.699865,energidataservice_csv,1,,2026-07-12 14:53:34
1535,2025-09-09 08:00:00,2025-09-09 08:00:00,DK1,101.730003,759.546721,energidataservice_csv,1,,2026-07-12 14:53:34
1536,2025-09-09 08:00:00,2025-09-09 08:00:00,DK2,101.730003,759.546721,energidataservice_csv,1,,2026-07-12 14:53:34
1533,2025-09-09 09:00:00,2025-09-09 09:00:00,DK1,98.919998,738.566381,energidataservice_csv,1,,2026-07-12 14:53:34
1534,2025-09-09 09:00:00,2025-09-09 09:00:00,DK2,99.230003,740.880971,energidataservice_csv,1,,2026-07-12 14:53:34
1531,2025-09-09 10:00:00,2025-09-09 10:00:00,DK1,85.68,639.712584,energidataservice_csv,1,,2026-07-12 14:53:34
1532,2025-09-09 10:00:00,2025-09-09 10:00:00,DK2,87.18,650.912034,energidataservice_csv,1,,2026-07-12 14:53:34
1529,2025-09-09 11:00:00,2025-09-09 11:00:00,DK1,83.230003,621.420171,energidataservice_csv,1,,2026-07-12 14:53:34
1530,2025-09-09 11:00:00,2025-09-09 11:00:00,DK2,85.690002,639.787262,energidataservice_csv,1,,2026-07-12 14:53:34
1527,2025-09-09 12:00:00,2025-09-09 12:00:00,DK1,82.940002,619.254937,energidataservice_csv,1,,2026-07-12 14:53:34
1528,2025-09-09 12:00:00,2025-09-09 12:00:00,DK2,86.120003,642.997778,energidataservice_csv,1,,2026-07-12 14:53:34
1525,2025-09-09 13:00:00,2025-09-09 13:00:00,DK1,89.599998,668.980465,energidataservice_csv,1,,2026-07-12 14:53:34
1526,2025-09-09 13:00:00,2025-09-09 13:00:00,DK2,92.720001,692.275343,energidataservice_csv,1,,2026-07-12 14:53:34
1523,2025-09-09 14:00:00,2025-09-09 14:00:00,DK1,99.959999,746.331341,energidataservice_csv,1,,2026-07-12 14:53:34
1524,2025-09-09 14:00:00,2025-09-09 14:00:00,DK2,103.360001,771.716775,energidataservice_csv,1,,2026-07-12 14:53:34
1521,2025-09-09 15:00:00,2025-09-09 15:00:00,DK1,127.410004,951.281313,energidataservice_csv,1,,2026-07-12 14:53:34
1522,2025-09-09 15:00:00,2025-09-09 15:00:00,DK2,128.580002,960.016869,energidataservice_csv,1,,2026-07-12 14:53:34
1519,2025-09-09 16:00:00,2025-09-09 16:00:00,DK1,192.679993,1438.606632,energidataservice_csv,1,,2026-07-12 14:53:34
1520,2025-09-09 16:00:00,2025-09-09 16:00:00,DK2,197.059998,1471.309063,energidataservice_csv,1,,2026-07-12 14:53:34
1517,2025-09-09 17:00:00,2025-09-09 17:00:00,DK1,386.399994,2884.978275,energidataservice_csv,1,,2026-07-12 14:53:34
1518,2025-09-09 17:00:00,2025-09-09 17:00:00,DK2,381.98999,2852.051862,energidataservice_csv,1,,2026-07-12 14:53:34
1515,2025-09-09 18:00:00,2025-09-09 18:00:00,DK1,215.589996,1609.659587,energidataservice_csv,1,,2026-07-12 14:53:34
1516,2025-09-09 18:00:00,2025-09-09 18:00:00,DK2,215.529999,1609.211632,energidataservice_csv,1,,2026-07-12 14:53:34
1513,2025-09-09 19:00:00,2025-09-09 19:00:00,DK1,132.369995,988.314094,energidataservice_csv,1,,2026-07-12 14:53:34
1514,2025-09-09 19:00:00,2025-09-09 19:00:00,DK2,132.369995,988.314094,energidataservice_csv,1,,2026-07-12 14:53:34
1511,2025-09-09 20:00:00,2025-09-09 20:00:00,DK1,113.709999,848.992966,energidataservice_csv,1,,2026-07-12 14:53:34
1512,2025-09-09 20:00:00,2025-09-09 20:00:00,DK2,113.589996,848.096987,energidataservice_csv,1,,2026-07-12 14:53:34
1509,2025-09-09 21:00:00,2025-09-09 21:00:00,DK1,106.0,791.4278,energidataservice_csv,1,,2026-07-12 14:53:34
1510,2025-09-09 21:00:00,2025-09-09 21:00:00,DK2,105.889999,790.6065,energidataservice_csv,1,,2026-07-12 14:53:34
1507,2025-09-09 22:00:00,2025-09-09 22:00:00,DK1,100.720001,751.884879,energidataservice_csv,1,,2026-07-12 14:53:34
1508,2025-09-09 22:00:00,2025-09-09 22:00:00,DK2,100.580002,750.839773,energidataservice_csv,1,,2026-07-12 14:53:34
1505,2025-09-09 23:00:00,2025-09-09 23:00:00,DK1,101.160004,755.169546,energidataservice_csv,1,,2026-07-12 14:53:34
1506,2025-09-09 23:00:00,2025-09-09 23:00:00,DK2,100.980003,753.82582,energidataservice_csv,1,,2026-07-12 14:53:34
1503,2025-09-10 00:00:00,2025-09-10 00:00:00,DK1,98.480003,735.16307,energidataservice_csv,1,,2026-07-12 14:53:34
1504,2025-09-10 00:00:00,2025-09-10 00:00:00,DK2,98.300003,733.819352,energidataservice_csv,1,,2026-07-12 14:53:34
1501,2025-09-10 01:00:00,2025-09-10 01:00:00,DK1,99.169998,740.313952,energidataservice_csv,1,,2026-07-12 14:53:34
1502,2025-09-10 01:00:00,2025-09-10 01:00:00,DK2,98.970001,738.820954,energidataservice_csv,1,,2026-07-12 14:53:34
1499,2025-09-10 02:00:00,2025-09-10 02:00:00,DK1,100.139999,747.555107,energidataservice_csv,1,,2026-07-12 14:53:34
1500,2025-09-10 02:00:00,2025-09-10 02:00:00,DK2,99.919998,745.912777,energidataservice_csv,1,,2026-07-12 14:53:34
1497,2025-09-10 03:00:00,2025-09-10 03:00:00,DK1,107.639999,803.543357,energidataservice_csv,1,,2026-07-12 14:53:34
1498,2025-09-10 03:00:00,2025-09-10 03:00:00,DK2,107.519997,802.64753,energidataservice_csv,1,,2026-07-12 14:53:34
1495,2025-09-10 04:00:00,2025-09-10 04:00:00,DK1,131.039993,978.226652,energidataservice_csv,1,,2026-07-12 14:53:34
1496,2025-09-10 04:00:00,2025-09-10 04:00:00,DK2,133.339996,995.396404,energidataservice_csv,1,,2026-07-12 14:53:34
1493,2025-09-10 05:00:00,2025-09-10 05:00:00,DK1,218.809998,1633.438516,energidataservice_csv,1,,2026-07-12 14:53:34
1494,2025-09-10 05:00:00,2025-09-10 05:00:00,DK2,223.399994,1667.703295,energidataservice_csv,1,,2026-07-12 14:53:34
1491,2025-09-10 06:00:00,2025-09-10 06:00:00,DK1,171.919998,1283.399977,energidataservice_csv,1,,2026-07-12 14:53:34
1492,2025-09-10 06:00:00,2025-09-10 06:00:00,DK2,171.960007,1283.698648,energidataservice_csv,1,,2026-07-12 14:53:34
1489,2025-09-10 07:00:00,2025-09-10 07:00:00,DK1,125.900002,939.856105,energidataservice_csv,1,,2026-07-12 14:53:34
1490,2025-09-10 07:00:00,2025-09-10 07:00:00,DK2,129.470001,966.506504,energidataservice_csv,1,,2026-07-12 14:53:34
1487,2025-09-10 08:00:00,2025-09-10 08:00:00,DK1,107.330002,801.229198,energidataservice_csv,1,,2026-07-12 14:53:34
1488,2025-09-10 08:00:00,2025-09-10 08:00:00,DK2,107.309998,801.079866,energidataservice_csv,1,,2026-07-12 14:53:34
1485,2025-09-10 09:00:00,2025-09-10 09:00:00,DK1,97.199997,725.607698,energidataservice_csv,1,,2026-07-12 14:53:34
1486,2025-09-10 09:00:00,2025-09-10 09:00:00,DK2,100.519997,750.39183,energidataservice_csv,1,,2026-07-12 14:53:34
1483,2025-09-10 10:00:00,2025-09-10 10:00:00,DK1,80.300003,599.447552,energidataservice_csv,1,,2026-07-12 14:53:34
1484,2025-09-10 10:00:00,2025-09-10 10:00:00,DK2,88.669998,661.930402,energidataservice_csv,1,,2026-07-12 14:53:34
1481,2025-09-10 11:00:00,2025-09-10 11:00:00,DK1,78.0,582.2778,energidataservice_csv,1,,2026-07-12 14:53:34
1482,2025-09-10 11:00:00,2025-09-10 11:00:00,DK2,85.910004,641.326771,energidataservice_csv,1,,2026-07-12 14:53:34
1479,2025-09-10 12:00:00,2025-09-10 12:00:00,DK1,82.099998,612.884695,energidataservice_csv,1,,2026-07-12 14:53:34
1480,2025-09-10 12:00:00,2025-09-10 12:00:00,DK2,87.610001,654.017418,energidataservice_csv,1,,2026-07-12 14:53:34
1477,2025-09-10 13:00:00,2025-09-10 13:00:00,DK1,83.199997,621.096298,energidataservice_csv,1,,2026-07-12 14:53:34
1478,2025-09-10 13:00:00,2025-09-10 13:00:00,DK2,90.720001,677.233879,energidataservice_csv,1,,2026-07-12 14:53:34
1475,2025-09-10 14:00:00,2025-09-10 14:00:00,DK1,96.709999,721.949814,energidataservice_csv,1,,2026-07-12 14:53:34
1476,2025-09-10 14:00:00,2025-09-10 14:00:00,DK2,105.029999,784.059446,energidataservice_csv,1,,2026-07-12 14:53:34
1473,2025-09-10 15:00:00,2025-09-10 15:00:00,DK1,123.660004,923.134296,energidataservice_csv,1,,2026-07-12 14:53:34
1474,2025-09-10 15:00:00,2025-09-10 15:00:00,DK2,127.790001,953.965136,energidataservice_csv,1,,2026-07-12 14:53:34
1471,2025-09-10 16:00:00,2025-09-10 16:00:00,DK1,170.589996,1273.471379,energidataservice_csv,1,,2026-07-12 14:53:34
1472,2025-09-10 16:00:00,2025-09-10 16:00:00,DK2,170.610001,1273.620718,energidataservice_csv,1,,2026-07-12 14:53:34
1469,2025-09-10 17:00:00,2025-09-10 17:00:00,DK1,275.190002,2054.320884,energidataservice_csv,1,,2026-07-12 14:53:34
1470,2025-09-10 17:00:00,2025-09-10 17:00:00,DK2,275.109985,2053.723549,energidataservice_csv,1,,2026-07-12 14:53:34
1467,2025-09-10 18:00:00,2025-09-10 18:00:00,DK1,169.070007,1262.124509,energidataservice_csv,1,,2026-07-12 14:53:34
1468,2025-09-10 18:00:00,2025-09-10 18:00:00,DK2,169.009995,1261.676514,energidataservice_csv,1,,2026-07-12 14:53:34
1465,2025-09-10 19:00:00,2025-09-10 19:00:00,DK1,122.940002,917.759409,energidataservice_csv,1,,2026-07-12 14:53:34
1466,2025-09-10 19:00:00,2025-09-10 19:00:00,DK2,122.809998,916.788916,energidataservice_csv,1,,2026-07-12 14:53:34
1463,2025-09-10 20:00:00,2025-09-10 20:00:00,DK1,101.580002,758.304873,energidataservice_csv,1,,2026-07-12 14:53:34
1464,2025-09-10 20:00:00,2025-09-10 20:00:00,DK2,101.43,757.185093,energidataservice_csv,1,,2026-07-12 14:53:34
1461,2025-09-10 21:00:00,2025-09-10 21:00:00,DK1,87.629997,654.166691,energidataservice_csv,1,,2026-07-12 14:53:34
1462,2025-09-10 21:00:00,2025-09-10 21:00:00,DK2,87.400002,652.449755,energidataservice_csv,1,,2026-07-12 14:53:34
1459,2025-09-10 22:00:00,2025-09-10 22:00:00,DK1,82.57,616.393307,energidataservice_csv,1,,2026-07-12 14:53:34
1460,2025-09-10 22:00:00,2025-09-10 22:00:00,DK2,87.980003,656.77952,energidataservice_csv,1,,2026-07-12 14:53:34
1457,2025-09-10 23:00:00,2025-09-10 23:00:00,DK1,79.239998,591.534509,energidataservice_csv,1,,2026-07-12 14:53:34
1458,2025-09-10 23:00:00,2025-09-10 23:00:00,DK2,84.779999,632.891171,energidataservice_csv,1,,2026-07-12 14:53:34
1455,2025-09-11 00:00:00,2025-09-11 00:00:00,DK1,71.540001,533.974567,energidataservice_csv,1,,2026-07-12 14:53:34
1456,2025-09-11 00:00:00,2025-09-11 00:00:00,DK2,76.93,574.20552,energidataservice_csv,1,,2026-07-12 14:53:34
1453,2025-09-11 01:00:00,2025-09-11 01:00:00,DK1,65.230003,486.876742,energidataservice_csv,1,,2026-07-12 14:53:34
1454,2025-09-11 01:00:00,2025-09-11 01:00:00,DK2,70.459999,525.913433,energidataservice_csv,1,,2026-07-12 14:53:34
1451,2025-09-11 02:00:00,2025-09-11 02:00:00,DK1,65.169998,486.428865,energidataservice_csv,1,,2026-07-12 14:53:34
1452,2025-09-11 02:00:00,2025-09-11 02:00:00,DK2,70.5,526.212,energidataservice_csv,1,,2026-07-12 14:53:34
1449,2025-09-11 03:00:00,2025-09-11 03:00:00,DK1,66.599998,497.102385,energidataservice_csv,1,,2026-07-12 14:53:34
1450,2025-09-11 03:00:00,2025-09-11 03:00:00,DK2,78.919998,589.058865,energidataservice_csv,1,,2026-07-12 14:53:34
1447,2025-09-11 04:00:00,2025-09-11 04:00:00,DK1,85.870003,640.933702,energidataservice_csv,1,,2026-07-12 14:53:34
1448,2025-09-11 04:00:00,2025-09-11 04:00:00,DK2,110.989998,828.429345,energidataservice_csv,1,,2026-07-12 14:53:34
1445,2025-09-11 05:00:00,2025-09-11 05:00:00,DK1,85.800003,640.411222,energidataservice_csv,1,,2026-07-12 14:53:34
1446,2025-09-11 05:00:00,2025-09-11 05:00:00,DK2,125.150002,934.119615,energidataservice_csv,1,,2026-07-12 14:53:34
1443,2025-09-11 06:00:00,2025-09-11 06:00:00,DK1,87.0,649.368,energidataservice_csv,1,,2026-07-12 14:53:34
1444,2025-09-11 06:00:00,2025-09-11 06:00:00,DK2,120.260002,897.620655,energidataservice_csv,1,,2026-07-12 14:53:34
1441,2025-09-11 07:00:00,2025-09-11 07:00:00,DK1,63.630001,474.934327,energidataservice_csv,1,,2026-07-12 14:53:34
1442,2025-09-11 07:00:00,2025-09-11 07:00:00,DK2,101.300003,756.103222,energidataservice_csv,1,,2026-07-12 14:53:34
1439,2025-09-11 08:00:00,2025-09-11 08:00:00,DK1,41.09,306.69576,energidataservice_csv,1,,2026-07-12 14:53:34
1440,2025-09-11 08:00:00,2025-09-11 08:00:00,DK2,58.66,437.83824,energidataservice_csv,1,,2026-07-12 14:53:34
1437,2025-09-11 09:00:00,2025-09-11 09:00:00,DK1,8.23,61.42872,energidataservice_csv,1,,2026-07-12 14:53:34
1438,2025-09-11 09:00:00,2025-09-11 09:00:00,DK2,15.39,114.87096,energidataservice_csv,1,,2026-07-12 14:53:34
1435,2025-09-11 10:00:00,2025-09-11 10:00:00,DK1,4.08,30.45312,energidataservice_csv,1,,2026-07-12 14:53:34
1436,2025-09-11 10:00:00,2025-09-11 10:00:00,DK2,4.94,36.87216,energidataservice_csv,1,,2026-07-12 14:53:34
1433,2025-09-11 11:00:00,2025-09-11 11:00:00,DK1,2.97,22.16808,energidataservice_csv,1,,2026-07-12 14:53:34
1434,2025-09-11 11:00:00,2025-09-11 11:00:00,DK2,7.31,54.56184,energidataservice_csv,1,,2026-07-12 14:53:34
1431,2025-09-11 12:00:00,2025-09-11 12:00:00,DK1,4.25,31.722,energidataservice_csv,1,,2026-07-12 14:53:34
1432,2025-09-11 12:00:00,2025-09-11 12:00:00,DK2,6.18,46.12752,energidataservice_csv,1,,2026-07-12 14:53:34
1429,2025-09-11 13:00:00,2025-09-11 13:00:00,DK1,2.82,21.04848,energidataservice_csv,1,,2026-07-12 14:53:34
1430,2025-09-11 13:00:00,2025-09-11 13:00:00,DK2,10.24,76.43136,energidataservice_csv,1,,2026-07-12 14:53:34
1427,2025-09-11 14:00:00,2025-09-11 14:00:00,DK1,8.96,66.87744,energidataservice_csv,1,,2026-07-12 14:53:34
1428,2025-09-11 14:00:00,2025-09-11 14:00:00,DK2,26.040001,194.362567,energidataservice_csv,1,,2026-07-12 14:53:34
1425,2025-09-11 15:00:00,2025-09-11 15:00:00,DK1,68.0,507.552,energidataservice_csv,1,,2026-07-12 14:53:34
1426,2025-09-11 15:00:00,2025-09-11 15:00:00,DK2,58.93,439.85352,energidataservice_csv,1,,2026-07-12 14:53:34
1423,2025-09-11 16:00:00,2025-09-11 16:00:00,DK1,106.68,796.25952,energidataservice_csv,1,,2026-07-12 14:53:34
1424,2025-09-11 16:00:00,2025-09-11 16:00:00,DK2,110.25,822.906,energidataservice_csv,1,,2026-07-12 14:53:34
1421,2025-09-11 17:00:00,2025-09-11 17:00:00,DK1,128.0,955.392,energidataservice_csv,1,,2026-07-12 14:53:34
1422,2025-09-11 17:00:00,2025-09-11 17:00:00,DK2,130.729996,975.76869,energidataservice_csv,1,,2026-07-12 14:53:34
1419,2025-09-11 18:00:00,2025-09-11 18:00:00,DK1,123.019997,918.221258,energidataservice_csv,1,,2026-07-12 14:53:34
1420,2025-09-11 18:00:00,2025-09-11 18:00:00,DK2,125.230003,934.716742,energidataservice_csv,1,,2026-07-12 14:53:34
1417,2025-09-11 19:00:00,2025-09-11 19:00:00,DK1,103.190002,770.210175,energidataservice_csv,1,,2026-07-12 14:53:34
1418,2025-09-11 19:00:00,2025-09-11 19:00:00,DK2,107.449997,802.006778,energidataservice_csv,1,,2026-07-12 14:53:34
1415,2025-09-11 20:00:00,2025-09-11 20:00:00,DK1,81.199997,606.076778,energidataservice_csv,1,,2026-07-12 14:53:34
1416,2025-09-11 20:00:00,2025-09-11 20:00:00,DK2,84.760002,632.648655,energidataservice_csv,1,,2026-07-12 14:53:34
1413,2025-09-11 21:00:00,2025-09-11 21:00:00,DK1,63.889999,476.874953,energidataservice_csv,1,,2026-07-12 14:53:34
1414,2025-09-11 21:00:00,2025-09-11 21:00:00,DK2,63.740002,475.755375,energidataservice_csv,1,,2026-07-12 14:53:34
1411,2025-09-11 22:00:00,2025-09-11 22:00:00,DK1,18.190001,135.777443,energidataservice_csv,1,,2026-07-12 14:53:34
1412,2025-09-11 22:00:00,2025-09-11 22:00:00,DK2,32.82,244.981608,energidataservice_csv,1,,2026-07-12 14:53:34
1409,2025-09-11 23:00:00,2025-09-11 23:00:00,DK1,18.040001,134.657783,energidataservice_csv,1,,2026-07-12 14:53:34
1410,2025-09-11 23:00:00,2025-09-11 23:00:00,DK2,22.639999,168.994009,energidataservice_csv,1,,2026-07-12 14:53:34
1407,2025-09-12 00:00:00,2025-09-12 00:00:00,DK1,15.19,113.384236,energidataservice_csv,1,,2026-07-12 14:53:34
1408,2025-09-12 00:00:00,2025-09-12 00:00:00,DK2,20.57,153.542708,energidataservice_csv,1,,2026-07-12 14:53:34
1405,2025-09-12 01:00:00,2025-09-12 01:00:00,DK1,11.13,83.078772,energidataservice_csv,1,,2026-07-12 14:53:34
1406,2025-09-12 01:00:00,2025-09-12 01:00:00,DK2,15.94,118.982536,energidataservice_csv,1,,2026-07-12 14:53:34
1403,2025-09-12 02:00:00,2025-09-12 02:00:00,DK1,13.14,98.082216,energidataservice_csv,1,,2026-07-12 14:53:34
1404,2025-09-12 02:00:00,2025-09-12 02:00:00,DK2,14.79,110.398476,energidataservice_csv,1,,2026-07-12 14:53:34
1401,2025-09-12 03:00:00,2025-09-12 03:00:00,DK1,13.07,97.559708,energidataservice_csv,1,,2026-07-12 14:53:34
1402,2025-09-12 03:00:00,2025-09-12 03:00:00,DK2,13.53,100.993332,energidataservice_csv,1,,2026-07-12 14:53:34
1399,2025-09-12 04:00:00,2025-09-12 04:00:00,DK1,30.1,224.67844,energidataservice_csv,1,,2026-07-12 14:53:34
1400,2025-09-12 04:00:00,2025-09-12 04:00:00,DK2,31.32,233.785008,energidataservice_csv,1,,2026-07-12 14:53:34
1397,2025-09-12 05:00:00,2025-09-12 05:00:00,DK1,60.0,447.864,energidataservice_csv,1,,2026-07-12 14:53:34
1398,2025-09-12 05:00:00,2025-09-12 05:00:00,DK2,96.910004,723.375034,energidataservice_csv,1,,2026-07-12 14:53:34
1395,2025-09-12 06:00:00,2025-09-12 06:00:00,DK1,71.199997,531.465258,energidataservice_csv,1,,2026-07-12 14:53:34
1396,2025-09-12 06:00:00,2025-09-12 06:00:00,DK2,87.480003,652.985734,energidataservice_csv,1,,2026-07-12 14:53:34
1393,2025-09-12 07:00:00,2025-09-12 07:00:00,DK1,44.419998,331.568633,energidataservice_csv,1,,2026-07-12 14:53:34
1394,2025-09-12 07:00:00,2025-09-12 07:00:00,DK2,44.419998,331.568633,energidataservice_csv,1,,2026-07-12 14:53:34
1391,2025-09-12 08:00:00,2025-09-12 08:00:00,DK1,2.33,17.392052,energidataservice_csv,1,,2026-07-12 14:53:34
1392,2025-09-12 08:00:00,2025-09-12 08:00:00,DK2,5.46,40.755624,energidataservice_csv,1,,2026-07-12 14:53:34
1389,2025-09-12 09:00:00,2025-09-12 09:00:00,DK1,0.0,0.0,energidataservice_csv,1,,2026-07-12 14:53:34
1390,2025-09-12 09:00:00,2025-09-12 09:00:00,DK2,3.99,29.782956,energidataservice_csv,1,,2026-07-12 14:53:34
1387,2025-09-12 10:00:00,2025-09-12 10:00:00,DK1,-1.83,-13.659852,energidataservice_csv,1,,2026-07-12 14:53:34
1388,2025-09-12 10:00:00,2025-09-12 10:00:00,DK2,3.81,28.439364,energidataservice_csv,1,,2026-07-12 14:53:34
1385,2025-09-12 11:00:00,2025-09-12 11:00:00,DK1,-4.06,-30.305464,energidataservice_csv,1,,2026-07-12 14:53:34
1386,2025-09-12 11:00:00,2025-09-12 11:00:00,DK2,3.74,27.916856,energidataservice_csv,1,,2026-07-12 14:53:34
1383,2025-09-12 12:00:00,2025-09-12 12:00:00,DK1,-2.01,-15.003444,energidataservice_csv,1,,2026-07-12 14:53:34
1384,2025-09-12 12:00:00,2025-09-12 12:00:00,DK2,3.11,23.214284,energidataservice_csv,1,,2026-07-12 14:53:34
1381,2025-09-12 13:00:00,2025-09-12 13:00:00,DK1,-0.96,-7.165824,energidataservice_csv,1,,2026-07-12 14:53:34
1382,2025-09-12 13:00:00,2025-09-12 13:00:00,DK2,3.79,28.290076,energidataservice_csv,1,,2026-07-12 14:53:34
1379,2025-09-12 14:00:00,2025-09-12 14:00:00,DK1,-0.01,-0.074644,energidataservice_csv,1,,2026-07-12 14:53:34
1380,2025-09-12 14:00:00,2025-09-12 14:00:00,DK2,3.25,24.2593,energidataservice_csv,1,,2026-07-12 14:53:34
1377,2025-09-12 15:00:00,2025-09-12 15:00:00,DK1,51.630001,385.386979,energidataservice_csv,1,,2026-07-12 14:53:34
1378,2025-09-12 15:00:00,2025-09-12 15:00:00,DK2,53.07,396.135708,energidataservice_csv,1,,2026-07-12 14:53:34
1375,2025-09-12 16:00:00,2025-09-12 16:00:00,DK1,90.889999,678.439309,energidataservice_csv,1,,2026-07-12 14:53:34
1376,2025-09-12 16:00:00,2025-09-12 16:00:00,DK2,93.230003,695.906034,energidataservice_csv,1,,2026-07-12 14:53:34
1373,2025-09-12 17:00:00,2025-09-12 17:00:00,DK1,120.0,895.728,energidataservice_csv,1,,2026-07-12 14:53:34
1374,2025-09-12 17:00:00,2025-09-12 17:00:00,DK2,155.220001,1158.624175,energidataservice_csv,1,,2026-07-12 14:53:34
1371,2025-09-12 18:00:00,2025-09-12 18:00:00,DK1,123.800003,924.092742,energidataservice_csv,1,,2026-07-12 14:53:34
1372,2025-09-12 18:00:00,2025-09-12 18:00:00,DK2,152.100006,1135.335285,energidataservice_csv,1,,2026-07-12 14:53:34
1369,2025-09-12 19:00:00,2025-09-12 19:00:00,DK1,102.989998,768.758541,energidataservice_csv,1,,2026-07-12 14:53:34
1370,2025-09-12 19:00:00,2025-09-12 19:00:00,DK2,102.959999,768.534617,energidataservice_csv,1,,2026-07-12 14:53:34
1367,2025-09-12 20:00:00,2025-09-12 20:00:00,DK1,89.5,668.0638,energidataservice_csv,1,,2026-07-12 14:53:34
1368,2025-09-12 20:00:00,2025-09-12 20:00:00,DK2,100.519997,750.321466,energidataservice_csv,1,,2026-07-12 14:53:34
1365,2025-09-12 21:00:00,2025-09-12 21:00:00,DK1,72.260002,539.377559,energidataservice_csv,1,,2026-07-12 14:53:34
1366,2025-09-12 21:00:00,2025-09-12 21:00:00,DK2,89.010002,664.406259,energidataservice_csv,1,,2026-07-12 14:53:34
1363,2025-09-12 22:00:00,2025-09-12 22:00:00,DK1,46.84,349.632496,energidataservice_csv,1,,2026-07-12 14:53:34
1364,2025-09-12 22:00:00,2025-09-12 22:00:00,DK2,85.720001,639.848375,energidataservice_csv,1,,2026-07-12 14:53:34
1361,2025-09-12 23:00:00,2025-09-12 23:00:00,DK1,34.5,257.5218,energidataservice_csv,1,,2026-07-12 14:53:34
1362,2025-09-12 23:00:00,2025-09-12 23:00:00,DK2,72.589996,541.840766,energidataservice_csv,1,,2026-07-12 14:53:34
1359,2025-09-13 00:00:00,2025-09-13 00:00:00,DK1,24.4,182.13136,energidataservice_csv,1,,2026-07-12 14:53:34
1360,2025-09-13 00:00:00,2025-09-13 00:00:00,DK2,72.269997,539.452166,energidataservice_csv,1,,2026-07-12 14:53:34
1357,2025-09-13 01:00:00,2025-09-13 01:00:00,DK1,19.65,146.67546,energidataservice_csv,1,,2026-07-12 14:53:34
1358,2025-09-13 01:00:00,2025-09-13 01:00:00,DK2,72.230003,539.153634,energidataservice_csv,1,,2026-07-12 14:53:34
1355,2025-09-13 02:00:00,2025-09-13 02:00:00,DK1,19.709999,147.123317,energidataservice_csv,1,,2026-07-12 14:53:34
1356,2025-09-13 02:00:00,2025-09-13 02:00:00,DK2,69.589996,519.447566,energidataservice_csv,1,,2026-07-12 14:53:34
1353,2025-09-13 03:00:00,2025-09-13 03:00:00,DK1,18.99,141.748956,energidataservice_csv,1,,2026-07-12 14:53:34
1354,2025-09-13 03:00:00,2025-09-13 03:00:00,DK2,72.559998,541.616849,energidataservice_csv,1,,2026-07-12 14:53:34
1351,2025-09-13 04:00:00,2025-09-13 04:00:00,DK1,21.09,157.424196,energidataservice_csv,1,,2026-07-12 14:53:34
1352,2025-09-13 04:00:00,2025-09-13 04:00:00,DK2,74.519997,556.247066,energidataservice_csv,1,,2026-07-12 14:53:34
1349,2025-09-13 05:00:00,2025-09-13 05:00:00,DK1,36.549999,272.823813,energidataservice_csv,1,,2026-07-12 14:53:34
1350,2025-09-13 05:00:00,2025-09-13 05:00:00,DK2,73.989998,552.290941,energidataservice_csv,1,,2026-07-12 14:53:34
1347,2025-09-13 06:00:00,2025-09-13 06:00:00,DK1,39.0,291.1116,energidataservice_csv,1,,2026-07-12 14:53:34
1348,2025-09-13 06:00:00,2025-09-13 06:00:00,DK2,72.349998,540.049325,energidataservice_csv,1,,2026-07-12 14:53:34
1345,2025-09-13 07:00:00,2025-09-13 07:00:00,DK1,37.0,276.1828,energidataservice_csv,1,,2026-07-12 14:53:34
1346,2025-09-13 07:00:00,2025-09-13 07:00:00,DK2,46.34,345.900296,energidataservice_csv,1,,2026-07-12 14:53:34
1343,2025-09-13 08:00:00,2025-09-13 08:00:00,DK1,14.3,106.74092,energidataservice_csv,1,,2026-07-12 14:53:34
1344,2025-09-13 08:00:00,2025-09-13 08:00:00,DK2,13.11,97.858284,energidataservice_csv,1,,2026-07-12 14:53:34
1341,2025-09-13 09:00:00,2025-09-13 09:00:00,DK1,2.37,17.690628,energidataservice_csv,1,,2026-07-12 14:53:34
1342,2025-09-13 09:00:00,2025-09-13 09:00:00,DK2,3.95,29.48438,energidataservice_csv,1,,2026-07-12 14:53:34
1339,2025-09-13 10:00:00,2025-09-13 10:00:00,DK1,1.36,10.151584,energidataservice_csv,1,,2026-07-12 14:53:34
1340,2025-09-13 10:00:00,2025-09-13 10:00:00,DK2,3.64,27.170416,energidataservice_csv,1,,2026-07-12 14:53:34
1337,2025-09-13 11:00:00,2025-09-13 11:00:00,DK1,1.32,9.853008,energidataservice_csv,1,,2026-07-12 14:53:34
1338,2025-09-13 11:00:00,2025-09-13 11:00:00,DK2,3.41,25.453604,energidataservice_csv,1,,2026-07-12 14:53:34
1335,2025-09-13 12:00:00,2025-09-13 12:00:00,DK1,1.37,10.226228,energidataservice_csv,1,,2026-07-12 14:53:34
1336,2025-09-13 12:00:00,2025-09-13 12:00:00,DK2,3.5,26.1254,energidataservice_csv,1,,2026-07-12 14:53:34
1333,2025-09-13 13:00:00,2025-09-13 13:00:00,DK1,0.0,0.0,energidataservice_csv,1,,2026-07-12 14:53:34
1334,2025-09-13 13:00:00,2025-09-13 13:00:00,DK2,4.8,35.82912,energidataservice_csv,1,,2026-07-12 14:53:34
1331,2025-09-13 14:00:00,2025-09-13 14:00:00,DK1,3.88,28.961872,energidataservice_csv,1,,2026-07-12 14:53:34
1332,2025-09-13 14:00:00,2025-09-13 14:00:00,DK2,7.52,56.132288,energidataservice_csv,1,,2026-07-12 14:53:34
1329,2025-09-13 15:00:00,2025-09-13 15:00:00,DK1,63.0,470.2572,energidataservice_csv,1,,2026-07-12 14:53:34
1330,2025-09-13 15:00:00,2025-09-13 15:00:00,DK2,66.419998,495.785433,energidataservice_csv,1,,2026-07-12 14:53:34
1327,2025-09-13 16:00:00,2025-09-13 16:00:00,DK1,97.510002,727.853659,energidataservice_csv,1,,2026-07-12 14:53:34
1328,2025-09-13 16:00:00,2025-09-13 16:00:00,DK2,103.849998,775.177925,energidataservice_csv,1,,2026-07-12 14:53:34
1325,2025-09-13 17:00:00,2025-09-13 17:00:00,DK1,116.93,872.812292,energidataservice_csv,1,,2026-07-12 14:53:34
1326,2025-09-13 17:00:00,2025-09-13 17:00:00,DK2,121.889999,909.835709,energidataservice_csv,1,,2026-07-12 14:53:34
1323,2025-09-13 18:00:00,2025-09-13 18:00:00,DK1,118.769997,886.546766,energidataservice_csv,1,,2026-07-12 14:53:34
1324,2025-09-13 18:00:00,2025-09-13 18:00:00,DK2,118.75,886.3975,energidataservice_csv,1,,2026-07-12 14:53:34
1321,2025-09-13 19:00:00,2025-09-13 19:00:00,DK1,111.169998,829.817333,energidataservice_csv,1,,2026-07-12 14:53:34
1322,2025-09-13 19:00:00,2025-09-13 19:00:00,DK2,111.139999,829.593409,energidataservice_csv,1,,2026-07-12 14:53:34
1319,2025-09-13 20:00:00,2025-09-13 20:00:00,DK1,100.0,746.44,energidataservice_csv,1,,2026-07-12 14:53:34
1320,2025-09-13 20:00:00,2025-09-13 20:00:00,DK2,99.879997,745.54425,energidataservice_csv,1,,2026-07-12 14:53:34
1317,2025-09-13 21:00:00,2025-09-13 21:00:00,DK1,87.18,650.746392,energidataservice_csv,1,,2026-07-12 14:53:34
1318,2025-09-13 21:00:00,2025-09-13 21:00:00,DK2,87.050003,649.776042,energidataservice_csv,1,,2026-07-12 14:53:34
1315,2025-09-13 22:00:00,2025-09-13 22:00:00,DK1,85.690002,639.624451,energidataservice_csv,1,,2026-07-12 14:53:34
1316,2025-09-13 22:00:00,2025-09-13 22:00:00,DK2,85.559998,638.654049,energidataservice_csv,1,,2026-07-12 14:53:34
1313,2025-09-13 23:00:00,2025-09-13 23:00:00,DK1,77.57,579.013508,energidataservice_csv,1,,2026-07-12 14:53:34
1314,2025-09-13 23:00:00,2025-09-13 23:00:00,DK2,77.410004,577.819234,energidataservice_csv,1,,2026-07-12 14:53:34
1311,2025-09-14 00:00:00,2025-09-14 00:00:00,DK1,80.610001,601.705291,energidataservice_csv,1,,2026-07-12 14:53:34
1312,2025-09-14 00:00:00,2025-09-14 00:00:00,DK2,80.440002,600.436351,energidataservice_csv,1,,2026-07-12 14:53:34
1309,2025-09-14 01:00:00,2025-09-14 01:00:00,DK1,85.93,641.415892,energidataservice_csv,1,,2026-07-12 14:53:34
1310,2025-09-14 01:00:00,2025-09-14 01:00:00,DK2,85.75,640.0723,energidataservice_csv,1,,2026-07-12 14:53:34
1307,2025-09-14 02:00:00,2025-09-14 02:00:00,DK1,93.769997,699.936766,energidataservice_csv,1,,2026-07-12 14:53:34
1308,2025-09-14 02:00:00,2025-09-14 02:00:00,DK2,93.57,698.443908,energidataservice_csv,1,,2026-07-12 14:53:34
1305,2025-09-14 03:00:00,2025-09-14 03:00:00,DK1,99.82,745.096408,energidataservice_csv,1,,2026-07-12 14:53:34
1306,2025-09-14 03:00:00,2025-09-14 03:00:00,DK2,99.610001,743.528891,energidataservice_csv,1,,2026-07-12 14:53:34
1303,2025-09-14 04:00:00,2025-09-14 04:00:00,DK1,100.75,752.0383,energidataservice_csv,1,,2026-07-12 14:53:34
1304,2025-09-14 04:00:00,2025-09-14 04:00:00,DK2,100.580002,750.769367,energidataservice_csv,1,,2026-07-12 14:53:34
1301,2025-09-14 05:00:00,2025-09-14 05:00:00,DK1,105.360001,786.449191,energidataservice_csv,1,,2026-07-12 14:53:34
1302,2025-09-14 05:00:00,2025-09-14 05:00:00,DK2,105.199997,785.254858,energidataservice_csv,1,,2026-07-12 14:53:34
1299,2025-09-14 06:00:00,2025-09-14 06:00:00,DK1,108.480003,809.738134,energidataservice_csv,1,,2026-07-12 14:53:34
1300,2025-09-14 06:00:00,2025-09-14 06:00:00,DK2,108.419998,809.290233,energidataservice_csv,1,,2026-07-12 14:53:34
1297,2025-09-14 07:00:00,2025-09-14 07:00:00,DK1,87.779999,655.225025,energidataservice_csv,1,,2026-07-12 14:53:34
1298,2025-09-14 07:00:00,2025-09-14 07:00:00,DK2,87.769997,655.150366,energidataservice_csv,1,,2026-07-12 14:53:34
1295,2025-09-14 08:00:00,2025-09-14 08:00:00,DK1,61.68,460.404192,energidataservice_csv,1,,2026-07-12 14:53:34
1296,2025-09-14 08:00:00,2025-09-14 08:00:00,DK2,50.84,379.490096,energidataservice_csv,1,,2026-07-12 14:53:34
1293,2025-09-14 09:00:00,2025-09-14 09:00:00,DK1,17.58,131.224152,energidataservice_csv,1,,2026-07-12 14:53:34
1294,2025-09-14 09:00:00,2025-09-14 09:00:00,DK2,28.4,211.98896,energidataservice_csv,1,,2026-07-12 14:53:34
1291,2025-09-14 10:00:00,2025-09-14 10:00:00,DK1,6.52,48.667888,energidataservice_csv,1,,2026-07-12 14:53:34
1292,2025-09-14 10:00:00,2025-09-14 10:00:00,DK2,9.2,68.67248,energidataservice_csv,1,,2026-07-12 14:53:34
1289,2025-09-14 11:00:00,2025-09-14 11:00:00,DK1,0.01,0.074644,energidataservice_csv,1,,2026-07-12 14:53:34
1290,2025-09-14 11:00:00,2025-09-14 11:00:00,DK2,9.51,70.986444,energidataservice_csv,1,,2026-07-12 14:53:34
1287,2025-09-14 12:00:00,2025-09-14 12:00:00,DK1,0.0,0.0,energidataservice_csv,1,,2026-07-12 14:53:34
1288,2025-09-14 12:00:00,2025-09-14 12:00:00,DK2,6.95,51.87758,energidataservice_csv,1,,2026-07-12 14:53:34
1285,2025-09-14 13:00:00,2025-09-14 13:00:00,DK1,0.0,0.0,energidataservice_csv,1,,2026-07-12 14:53:34
1286,2025-09-14 13:00:00,2025-09-14 13:00:00,DK2,9.16,68.373904,energidataservice_csv,1,,2026-07-12 14:53:34
1283,2025-09-14 14:00:00,2025-09-14 14:00:00,DK1,19.33,144.286852,energidataservice_csv,1,,2026-07-12 14:53:34
1284,2025-09-14 14:00:00,2025-09-14 14:00:00,DK2,20.15,150.40766,energidataservice_csv,1,,2026-07-12 14:53:34
1281,2025-09-14 15:00:00,2025-09-14 15:00:00,DK1,98.199997,733.004058,energidataservice_csv,1,,2026-07-12 14:53:34
1282,2025-09-14 15:00:00,2025-09-14 15:00:00,DK2,99.139999,740.020609,energidataservice_csv,1,,2026-07-12 14:53:34
1279,2025-09-14 16:00:00,2025-09-14 16:00:00,DK1,124.339996,928.123466,energidataservice_csv,1,,2026-07-12 14:53:34
1280,2025-09-14 16:00:00,2025-09-14 16:00:00,DK2,127.580002,952.308167,energidataservice_csv,1,,2026-07-12 14:53:34
1277,2025-09-14 17:00:00,2025-09-14 17:00:00,DK1,142.020004,1060.094118,energidataservice_csv,1,,2026-07-12 14:53:34
1278,2025-09-14 17:00:00,2025-09-14 17:00:00,DK2,148.389999,1107.642309,energidataservice_csv,1,,2026-07-12 14:53:34
1275,2025-09-14 18:00:00,2025-09-14 18:00:00,DK1,123.220001,919.763375,energidataservice_csv,1,,2026-07-12 14:53:34
1276,2025-09-14 18:00:00,2025-09-14 18:00:00,DK2,126.050003,940.887642,energidataservice_csv,1,,2026-07-12 14:53:34
1273,2025-09-14 19:00:00,2025-09-14 19:00:00,DK1,89.669998,669.332733,energidataservice_csv,1,,2026-07-12 14:53:34
1274,2025-09-14 19:00:00,2025-09-14 19:00:00,DK2,97.370003,726.80865,energidataservice_csv,1,,2026-07-12 14:53:34
1271,2025-09-14 20:00:00,2025-09-14 20:00:00,DK1,71.639999,534.749609,energidataservice_csv,1,,2026-07-12 14:53:34
1272,2025-09-14 20:00:00,2025-09-14 20:00:00,DK2,76.489998,570.951941,energidataservice_csv,1,,2026-07-12 14:53:34
1269,2025-09-14 21:00:00,2025-09-14 21:00:00,DK1,14.27,106.516988,energidataservice_csv,1,,2026-07-12 14:53:34
1270,2025-09-14 21:00:00,2025-09-14 21:00:00,DK2,14.8,110.47312,energidataservice_csv,1,,2026-07-12 14:53:34
1267,2025-09-14 22:00:00,2025-09-14 22:00:00,DK1,15.81,118.015326,energidataservice_csv,1,,2026-07-12 14:53:34
1268,2025-09-14 22:00:00,2025-09-14 22:00:00,DK2,16.01,119.508246,energidataservice_csv,1,,2026-07-12 14:53:34
1265,2025-09-14 23:00:00,2025-09-14 23:00:00,DK1,3.87,28.888002,energidataservice_csv,1,,2026-07-12 14:53:34
1266,2025-09-14 23:00:00,2025-09-14 23:00:00,DK2,8.16,60.911136,energidataservice_csv,1,,2026-07-12 14:53:34
1263,2025-09-15 00:00:00,2025-09-15 00:00:00,DK1,1.39,10.375794,energidataservice_csv,1,,2026-07-12 14:53:34
1264,2025-09-15 00:00:00,2025-09-15 00:00:00,DK2,4.58,34.187868,energidataservice_csv,1,,2026-07-12 14:53:34
1261,2025-09-15 01:00:00,2025-09-15 01:00:00,DK1,0.01,0.074646,energidataservice_csv,1,,2026-07-12 14:53:34
1262,2025-09-15 01:00:00,2025-09-15 01:00:00,DK2,3.1,23.14026,energidataservice_csv,1,,2026-07-12 14:53:34
1259,2025-09-15 02:00:00,2025-09-15 02:00:00,DK1,0.0,0.0,energidataservice_csv,1,,2026-07-12 14:53:34
1260,2025-09-15 02:00:00,2025-09-15 02:00:00,DK2,2.11,15.750306,energidataservice_csv,1,,2026-07-12 14:53:34
1257,2025-09-15 03:00:00,2025-09-15 03:00:00,DK1,0.9,6.71814,energidataservice_csv,1,,2026-07-12 14:53:34
1258,2025-09-15 03:00:00,2025-09-15 03:00:00,DK2,2.14,15.974244,energidataservice_csv,1,,2026-07-12 14:53:34
1255,2025-09-15 04:00:00,2025-09-15 04:00:00,DK1,-0.06,-0.447876,energidataservice_csv,1,,2026-07-12 14:53:34
1256,2025-09-15 04:00:00,2025-09-15 04:00:00,DK2,19.25,143.69355,energidataservice_csv,1,,2026-07-12 14:53:34
1253,2025-09-15 05:00:00,2025-09-15 05:00:00,DK1,0.0,0.0,energidataservice_csv,1,,2026-07-12 14:53:34
1254,2025-09-15 05:00:00,2025-09-15 05:00:00,DK2,54.330002,405.551733,energidataservice_csv,1,,2026-07-12 14:53:34
1251,2025-09-15 06:00:00,2025-09-15 06:00:00,DK1,3.34,24.931764,energidataservice_csv,1,,2026-07-12 14:53:34
1252,2025-09-15 06:00:00,2025-09-15 06:00:00,DK2,40.439999,301.868417,energidataservice_csv,1,,2026-07-12 14:53:34
1249,2025-09-15 07:00:00,2025-09-15 07:00:00,DK1,2.34,17.467164,energidataservice_csv,1,,2026-07-12 14:53:34
1250,2025-09-15 07:00:00,2025-09-15 07:00:00,DK2,4.69,35.008974,energidataservice_csv,1,,2026-07-12 14:53:34
1247,2025-09-15 08:00:00,2025-09-15 08:00:00,DK1,4.28,31.948488,energidataservice_csv,1,,2026-07-12 14:53:34
1248,2025-09-15 08:00:00,2025-09-15 08:00:00,DK2,10.59,79.050114,energidataservice_csv,1,,2026-07-12 14:53:34
1245,2025-09-15 09:00:00,2025-09-15 09:00:00,DK1,0.42,3.135132,energidataservice_csv,1,,2026-07-12 14:53:34
1246,2025-09-15 09:00:00,2025-09-15 09:00:00,DK2,3.85,28.73871,energidataservice_csv,1,,2026-07-12 14:53:34
1243,2025-09-15 10:00:00,2025-09-15 10:00:00,DK1,0.0,0.0,energidataservice_csv,1,,2026-07-12 14:53:34
1244,2025-09-15 10:00:00,2025-09-15 10:00:00,DK2,3.88,28.962648,energidataservice_csv,1,,2026-07-12 14:53:34
1241,2025-09-15 11:00:00,2025-09-15 11:00:00,DK1,-0.01,-0.074646,energidataservice_csv,1,,2026-07-12 14:53:34
1242,2025-09-15 11:00:00,2025-09-15 11:00:00,DK2,3.86,28.813356,energidataservice_csv,1,,2026-07-12 14:53:34
1239,2025-09-15 12:00:00,2025-09-15 12:00:00,DK1,-0.01,-0.074646,energidataservice_csv,1,,2026-07-12 14:53:34
1240,2025-09-15 12:00:00,2025-09-15 12:00:00,DK2,3.79,28.290834,energidataservice_csv,1,,2026-07-12 14:53:34
1237,2025-09-15 13:00:00,2025-09-15 13:00:00,DK1,-0.07,-0.522522,energidataservice_csv,1,,2026-07-12 14:53:34
1238,2025-09-15 13:00:00,2025-09-15 13:00:00,DK2,3.55,26.49933,energidataservice_csv,1,,2026-07-12 14:53:34
1235,2025-09-15 14:00:00,2025-09-15 14:00:00,DK1,0.0,0.0,energidataservice_csv,1,,2026-07-12 14:53:34
1236,2025-09-15 14:00:00,2025-09-15 14:00:00,DK2,4.35,32.47101,energidataservice_csv,1,,2026-07-12 14:53:34
1233,2025-09-15 15:00:00,2025-09-15 15:00:00,DK1,1.74,12.988404,energidataservice_csv,1,,2026-07-12 14:53:34
1234,2025-09-15 15:00:00,2025-09-15 15:00:00,DK2,5.83,43.518618,energidataservice_csv,1,,2026-07-12 14:53:34
1231,2025-09-15 16:00:00,2025-09-15 16:00:00,DK1,3.9,29.11194,energidataservice_csv,1,,2026-07-12 14:53:34
1232,2025-09-15 16:00:00,2025-09-15 16:00:00,DK2,11.82,88.231572,energidataservice_csv,1,,2026-07-12 14:53:34
1229,2025-09-15 17:00:00,2025-09-15 17:00:00,DK1,25.58,190.944468,energidataservice_csv,1,,2026-07-12 14:53:34
1230,2025-09-15 17:00:00,2025-09-15 17:00:00,DK2,51.810001,386.740933,energidataservice_csv,1,,2026-07-12 14:53:34
1227,2025-09-15 18:00:00,2025-09-15 18:00:00,DK1,4.01,29.933046,energidataservice_csv,1,,2026-07-12 14:53:34
1228,2025-09-15 18:00:00,2025-09-15 18:00:00,DK2,44.98,335.757708,energidataservice_csv,1,,2026-07-12 14:53:34
1225,2025-09-15 19:00:00,2025-09-15 19:00:00,DK1,2.84,21.199464,energidataservice_csv,1,,2026-07-12 14:53:34
1226,2025-09-15 19:00:00,2025-09-15 19:00:00,DK2,5.12,38.218752,energidataservice_csv,1,,2026-07-12 14:53:34
1223,2025-09-15 20:00:00,2025-09-15 20:00:00,DK1,2.91,21.721986,energidataservice_csv,1,,2026-07-12 14:53:34
1224,2025-09-15 20:00:00,2025-09-15 20:00:00,DK2,2.99,22.319154,energidataservice_csv,1,,2026-07-12 14:53:34
1221,2025-09-15 21:00:00,2025-09-15 21:00:00,DK1,0.06,0.447876,energidataservice_csv,1,,2026-07-12 14:53:34
1222,2025-09-15 21:00:00,2025-09-15 21:00:00,DK2,0.46,3.433716,energidataservice_csv,1,,2026-07-12 14:53:34
1219,2025-09-15 22:00:00,2025-09-15 22:00:00,DK1,1.64,12.2426,energidataservice_csv,1,,2026-07-12 14:53:34
1220,2025-09-15 22:00:00,2025-09-15 22:00:00,DK2,-0.03,-0.22395,energidataservice_csv,1,,2026-07-12 14:53:34
1217,2025-09-15 23:00:00,2025-09-15 23:00:00,DK1,-0.05,-0.37325,energidataservice_csv,1,,2026-07-12 14:53:34
1218,2025-09-15 23:00:00,2025-09-15 23:00:00,DK2,0.01,0.07465,energidataservice_csv,1,,2026-07-12 14:53:34
1215,2025-09-16 00:00:00,2025-09-16 00:00:00,DK1,-0.11,-0.82115,energidataservice_csv,1,,2026-07-12 14:53:34
1216,2025-09-16 00:00:00,2025-09-16 00:00:00,DK2,0.05,0.37325,energidataservice_csv,1,,2026-07-12 14:53:34
1213,2025-09-16 01:00:00,2025-09-16 01:00:00,DK1,-0.56,-4.1804,energidataservice_csv,1,,2026-07-12 14:53:34
1214,2025-09-16 01:00:00,2025-09-16 01:00:00,DK2,0.07,0.52255,energidataservice_csv,1,,2026-07-12 14:53:34
1211,2025-09-16 02:00:00,2025-09-16 02:00:00,DK1,0.0,0.0,energidataservice_csv,1,,2026-07-12 14:53:34
1212,2025-09-16 02:00:00,2025-09-16 02:00:00,DK2,0.37,2.76205,energidataservice_csv,1,,2026-07-12 14:53:34
1209,2025-09-16 03:00:00,2025-09-16 03:00:00,DK1,0.19,1.41835,energidataservice_csv,1,,2026-07-12 14:53:34
1210,2025-09-16 03:00:00,2025-09-16 03:00:00,DK2,2.15,16.04975,energidataservice_csv,1,,2026-07-12 14:53:34
1207,2025-09-16 04:00:00,2025-09-16 04:00:00,DK1,2.32,17.3188,energidataservice_csv,1,,2026-07-12 14:53:34
1208,2025-09-16 04:00:00,2025-09-16 04:00:00,DK2,3.93,29.33745,energidataservice_csv,1,,2026-07-12 14:53:34
1205,2025-09-16 05:00:00,2025-09-16 05:00:00,DK1,18.68,139.4462,energidataservice_csv,1,,2026-07-12 14:53:34
1206,2025-09-16 05:00:00,2025-09-16 05:00:00,DK2,17.059999,127.352893,energidataservice_csv,1,,2026-07-12 14:53:34
1203,2025-09-16 06:00:00,2025-09-16 06:00:00,DK1,24.0,179.16,energidataservice_csv,1,,2026-07-12 14:53:34
1204,2025-09-16 06:00:00,2025-09-16 06:00:00,DK2,21.379999,159.601693,energidataservice_csv,1,,2026-07-12 14:53:34
1201,2025-09-16 07:00:00,2025-09-16 07:00:00,DK1,10.0,74.65,energidataservice_csv,1,,2026-07-12 14:53:34
1202,2025-09-16 07:00:00,2025-09-16 07:00:00,DK2,12.62,94.2083,energidataservice_csv,1,,2026-07-12 14:53:34
1199,2025-09-16 08:00:00,2025-09-16 08:00:00,DK1,2.85,21.27525,energidataservice_csv,1,,2026-07-12 14:53:34
1200,2025-09-16 08:00:00,2025-09-16 08:00:00,DK2,3.86,28.8149,energidataservice_csv,1,,2026-07-12 14:53:34
1197,2025-09-16 09:00:00,2025-09-16 09:00:00,DK1,1.27,9.48055,energidataservice_csv,1,,2026-07-12 14:53:34
1198,2025-09-16 09:00:00,2025-09-16 09:00:00,DK2,3.85,28.74025,energidataservice_csv,1,,2026-07-12 14:53:34
1195,2025-09-16 10:00:00,2025-09-16 10:00:00,DK1,0.13,0.97045,energidataservice_csv,1,,2026-07-12 14:53:34
1196,2025-09-16 10:00:00,2025-09-16 10:00:00,DK2,3.81,28.44165,energidataservice_csv,1,,2026-07-12 14:53:34
1193,2025-09-16 11:00:00,2025-09-16 11:00:00,DK1,0.65,4.85225,energidataservice_csv,1,,2026-07-12 14:53:34
1194,2025-09-16 11:00:00,2025-09-16 11:00:00,DK2,3.87,28.88955,energidataservice_csv,1,,2026-07-12 14:53:34
1191,2025-09-16 12:00:00,2025-09-16 12:00:00,DK1,1.69,12.61585,energidataservice_csv,1,,2026-07-12 14:53:34
1192,2025-09-16 12:00:00,2025-09-16 12:00:00,DK2,3.86,28.8149,energidataservice_csv,1,,2026-07-12 14:53:34
1189,2025-09-16 13:00:00,2025-09-16 13:00:00,DK1,0.77,5.74805,energidataservice_csv,1,,2026-07-12 14:53:34
1190,2025-09-16 13:00:00,2025-09-16 13:00:00,DK2,3.86,28.8149,energidataservice_csv,1,,2026-07-12 14:53:34
1187,2025-09-16 14:00:00,2025-09-16 14:00:00,DK1,1.67,12.46655,energidataservice_csv,1,,2026-07-12 14:53:34
1188,2025-09-16 14:00:00,2025-09-16 14:00:00,DK2,5.99,44.71535,energidataservice_csv,1,,2026-07-12 14:53:34
1185,2025-09-16 15:00:00,2025-09-16 15:00:00,DK1,2.84,21.2006,energidataservice_csv,1,,2026-07-12 14:53:34
1186,2025-09-16 15:00:00,2025-09-16 15:00:00,DK2,22.15,165.34975,energidataservice_csv,1,,2026-07-12 14:53:34
1183,2025-09-16 16:00:00,2025-09-16 16:00:00,DK1,4.46,33.2939,energidataservice_csv,1,,2026-07-12 14:53:34
1184,2025-09-16 16:00:00,2025-09-16 16:00:00,DK2,61.439999,458.649593,energidataservice_csv,1,,2026-07-12 14:53:34
1181,2025-09-16 17:00:00,2025-09-16 17:00:00,DK1,6.7,50.0155,energidataservice_csv,1,,2026-07-12 14:53:34
1182,2025-09-16 17:00:00,2025-09-16 17:00:00,DK2,85.260002,636.465915,energidataservice_csv,1,,2026-07-12 14:53:34
1179,2025-09-16 18:00:00,2025-09-16 18:00:00,DK1,5.74,42.8491,energidataservice_csv,1,,2026-07-12 14:53:34
1180,2025-09-16 18:00:00,2025-09-16 18:00:00,DK2,105.690002,788.975865,energidataservice_csv,1,,2026-07-12 14:53:34
1177,2025-09-16 19:00:00,2025-09-16 19:00:00,DK1,2.9,21.6485,energidataservice_csv,1,,2026-07-12 14:53:34
1178,2025-09-16 19:00:00,2025-09-16 19:00:00,DK2,86.860001,648.409907,energidataservice_csv,1,,2026-07-12 14:53:34
1175,2025-09-16 20:00:00,2025-09-16 20:00:00,DK1,4.14,30.9051,energidataservice_csv,1,,2026-07-12 14:53:34
1176,2025-09-16 20:00:00,2025-09-16 20:00:00,DK2,75.18,561.2187,energidataservice_csv,1,,2026-07-12 14:53:34
1173,2025-09-16 21:00:00,2025-09-16 21:00:00,DK1,4.0,29.86,energidataservice_csv,1,,2026-07-12 14:53:34
1174,2025-09-16 21:00:00,2025-09-16 21:00:00,DK2,61.130001,456.335457,energidataservice_csv,1,,2026-07-12 14:53:34
1171,2025-09-16 22:00:00,2025-09-16 22:00:00,DK1,2.37,17.690391,energidataservice_csv,1,,2026-07-12 14:53:34
1172,2025-09-16 22:00:00,2025-09-16 22:00:00,DK2,66.589996,497.047707,energidataservice_csv,1,,2026-07-12 14:53:34
1169,2025-09-16 23:00:00,2025-09-16 23:00:00,DK1,3.02,22.542186,energidataservice_csv,1,,2026-07-12 14:53:34
1170,2025-09-16 23:00:00,2025-09-16 23:00:00,DK2,59.880001,446.962291,energidataservice_csv,1,,2026-07-12 14:53:34
1167,2025-09-17 00:00:00,2025-09-17 00:00:00,DK1,3.07,22.915401,energidataservice_csv,1,,2026-07-12 14:53:34
1168,2025-09-17 00:00:00,2025-09-17 00:00:00,DK2,47.939999,357.838535,energidataservice_csv,1,,2026-07-12 14:53:34
1165,2025-09-17 01:00:00,2025-09-17 01:00:00,DK1,3.07,22.915401,energidataservice_csv,1,,2026-07-12 14:53:34
1166,2025-09-17 01:00:00,2025-09-17 01:00:00,DK2,45.580002,340.222809,energidataservice_csv,1,,2026-07-12 14:53:34
1163,2025-09-17 02:00:00,2025-09-17 02:00:00,DK1,3.09,23.064687,energidataservice_csv,1,,2026-07-12 14:53:34
1164,2025-09-17 02:00:00,2025-09-17 02:00:00,DK2,51.0,380.6793,energidataservice_csv,1,,2026-07-12 14:53:34
1161,2025-09-17 03:00:00,2025-09-17 03:00:00,DK1,4.13,30.827559,energidataservice_csv,1,,2026-07-12 14:53:34
1162,2025-09-17 03:00:00,2025-09-17 03:00:00,DK2,69.239998,516.828117,energidataservice_csv,1,,2026-07-12 14:53:34
1159,2025-09-17 04:00:00,2025-09-17 04:00:00,DK1,10.0,74.643,energidataservice_csv,1,,2026-07-12 14:53:34
1160,2025-09-17 04:00:00,2025-09-17 04:00:00,DK2,93.040001,694.478479,energidataservice_csv,1,,2026-07-12 14:53:34
1157,2025-09-17 05:00:00,2025-09-17 05:00:00,DK1,59.889999,447.03692,energidataservice_csv,1,,2026-07-12 14:53:34
1158,2025-09-17 05:00:00,2025-09-17 05:00:00,DK2,112.120003,836.897338,energidataservice_csv,1,,2026-07-12 14:53:34
1155,2025-09-17 06:00:00,2025-09-17 06:00:00,DK1,52.349998,390.75609,energidataservice_csv,1,,2026-07-12 14:53:34
1156,2025-09-17 06:00:00,2025-09-17 06:00:00,DK2,109.260002,815.549433,energidataservice_csv,1,,2026-07-12 14:53:34
1153,2025-09-17 07:00:00,2025-09-17 07:00:00,DK1,4.29,32.021847,energidataservice_csv,1,,2026-07-12 14:53:34
1154,2025-09-17 07:00:00,2025-09-17 07:00:00,DK2,90.0,671.787,energidataservice_csv,1,,2026-07-12 14:53:34
1151,2025-09-17 08:00:00,2025-09-17 08:00:00,DK1,4.1,30.60363,energidataservice_csv,1,,2026-07-12 14:53:34
1152,2025-09-17 08:00:00,2025-09-17 08:00:00,DK2,64.120003,478.610938,energidataservice_csv,1,,2026-07-12 14:53:34
1149,2025-09-17 09:00:00,2025-09-17 09:00:00,DK1,4.12,30.752916,energidataservice_csv,1,,2026-07-12 14:53:34
1150,2025-09-17 09:00:00,2025-09-17 09:00:00,DK2,4.08,30.454344,energidataservice_csv,1,,2026-07-12 14:53:34
1147,2025-09-17 10:00:00,2025-09-17 10:00:00,DK1,9.1,67.92513,energidataservice_csv,1,,2026-07-12 14:53:34
1148,2025-09-17 10:00:00,2025-09-17 10:00:00,DK2,4.06,30.305058,energidataservice_csv,1,,2026-07-12 14:53:34
1145,2025-09-17 11:00:00,2025-09-17 11:00:00,DK1,4.29,32.021847,energidataservice_csv,1,,2026-07-12 14:53:34
1146,2025-09-17 11:00:00,2025-09-17 11:00:00,DK2,4.03,30.081129,energidataservice_csv,1,,2026-07-12 14:53:34
1143,2025-09-17 12:00:00,2025-09-17 12:00:00,DK1,5.63,42.024009,energidataservice_csv,1,,2026-07-12 14:53:34
1144,2025-09-17 12:00:00,2025-09-17 12:00:00,DK2,4.06,30.305058,energidataservice_csv,1,,2026-07-12 14:53:34
1141,2025-09-17 13:00:00,2025-09-17 13:00:00,DK1,7.12,53.145816,energidataservice_csv,1,,2026-07-12 14:53:34
1142,2025-09-17 13:00:00,2025-09-17 13:00:00,DK2,37.990002,283.568772,energidataservice_csv,1,,2026-07-12 14:53:34
1139,2025-09-17 14:00:00,2025-09-17 14:00:00,DK1,6.69,49.936167,energidataservice_csv,1,,2026-07-12 14:53:34
1140,2025-09-17 14:00:00,2025-09-17 14:00:00,DK2,70.860001,528.920305,energidataservice_csv,1,,2026-07-12 14:53:34
1137,2025-09-17 15:00:00,2025-09-17 15:00:00,DK1,50.0,373.215,energidataservice_csv,1,,2026-07-12 14:53:34
1138,2025-09-17 15:00:00,2025-09-17 15:00:00,DK2,104.269997,778.302539,energidataservice_csv,1,,2026-07-12 14:53:34
1135,2025-09-17 16:00:00,2025-09-17 16:00:00,DK1,92.769997,692.463089,energidataservice_csv,1,,2026-07-12 14:53:34
1136,2025-09-17 16:00:00,2025-09-17 16:00:00,DK2,117.239998,875.114517,energidataservice_csv,1,,2026-07-12 14:53:34
1133,2025-09-17 17:00:00,2025-09-17 17:00:00,DK1,116.209999,867.426296,energidataservice_csv,1,,2026-07-12 14:53:34
1134,2025-09-17 17:00:00,2025-09-17 17:00:00,DK2,130.820007,976.479778,energidataservice_csv,1,,2026-07-12 14:53:34
1131,2025-09-17 18:00:00,2025-09-17 18:00:00,DK1,110.790001,826.969804,energidataservice_csv,1,,2026-07-12 14:53:34
1132,2025-09-17 18:00:00,2025-09-17 18:00:00,DK2,119.349998,890.86419,energidataservice_csv,1,,2026-07-12 14:53:34
1129,2025-09-17 19:00:00,2025-09-17 19:00:00,DK1,90.82,677.907726,energidataservice_csv,1,,2026-07-12 14:53:34
1130,2025-09-17 19:00:00,2025-09-17 19:00:00,DK2,90.809998,677.833068,energidataservice_csv,1,,2026-07-12 14:53:34
1127,2025-09-17 20:00:00,2025-09-17 20:00:00,DK1,76.199997,568.779638,energidataservice_csv,1,,2026-07-12 14:53:34
1128,2025-09-17 20:00:00,2025-09-17 20:00:00,DK2,76.18,568.630374,energidataservice_csv,1,,2026-07-12 14:53:34
1125,2025-09-17 21:00:00,2025-09-17 21:00:00,DK1,60.0,447.858,energidataservice_csv,1,,2026-07-12 14:53:34
1126,2025-09-17 21:00:00,2025-09-17 21:00:00,DK2,59.919998,447.260841,energidataservice_csv,1,,2026-07-12 14:53:34
1123,2025-09-17 22:00:00,2025-09-17 22:00:00,DK1,34.509998,257.606782,energidataservice_csv,1,,2026-07-12 14:53:34
1124,2025-09-17 22:00:00,2025-09-17 22:00:00,DK2,48.02,358.454894,energidataservice_csv,1,,2026-07-12 14:53:34
1121,2025-09-17 23:00:00,2025-09-17 23:00:00,DK1,27.700001,206.772197,energidataservice_csv,1,,2026-07-12 14:53:34
1122,2025-09-17 23:00:00,2025-09-17 23:00:00,DK2,43.23,322.698981,energidataservice_csv,1,,2026-07-12 14:53:34
1119,2025-09-18 00:00:00,2025-09-18 00:00:00,DK1,19.48,145.412356,energidataservice_csv,1,,2026-07-12 14:53:34
1120,2025-09-18 00:00:00,2025-09-18 00:00:00,DK2,34.900002,260.518045,energidataservice_csv,1,,2026-07-12 14:53:34
1117,2025-09-18 01:00:00,2025-09-18 01:00:00,DK1,14.42,107.640974,energidataservice_csv,1,,2026-07-12 14:53:34
1118,2025-09-18 01:00:00,2025-09-18 01:00:00,DK2,32.560001,243.050639,energidataservice_csv,1,,2026-07-12 14:53:34
1115,2025-09-18 02:00:00,2025-09-18 02:00:00,DK1,9.08,67.779476,energidataservice_csv,1,,2026-07-12 14:53:34
1116,2025-09-18 02:00:00,2025-09-18 02:00:00,DK2,40.040001,298.886595,energidataservice_csv,1,,2026-07-12 14:53:34
1113,2025-09-18 03:00:00,2025-09-18 03:00:00,DK1,9.1,67.92877,energidataservice_csv,1,,2026-07-12 14:53:34
1114,2025-09-18 03:00:00,2025-09-18 03:00:00,DK2,56.950001,425.114672,energidataservice_csv,1,,2026-07-12 14:53:34
1111,2025-09-18 04:00:00,2025-09-18 04:00:00,DK1,45.060001,336.359389,energidataservice_csv,1,,2026-07-12 14:53:34
1112,2025-09-18 04:00:00,2025-09-18 04:00:00,DK2,101.860001,760.354349,energidataservice_csv,1,,2026-07-12 14:53:34
1109,2025-09-18 05:00:00,2025-09-18 05:00:00,DK1,80.199997,598.668918,energidataservice_csv,1,,2026-07-12 14:53:34
1110,2025-09-18 05:00:00,2025-09-18 05:00:00,DK2,114.32,853.364504,energidataservice_csv,1,,2026-07-12 14:53:34
1107,2025-09-18 06:00:00,2025-09-18 06:00:00,DK1,92.0,686.7524,energidataservice_csv,1,,2026-07-12 14:53:34
1108,2025-09-18 06:00:00,2025-09-18 06:00:00,DK2,109.610001,818.205774,energidataservice_csv,1,,2026-07-12 14:53:34
1105,2025-09-18 07:00:00,2025-09-18 07:00:00,DK1,72.940002,544.475233,energidataservice_csv,1,,2026-07-12 14:53:34
1106,2025-09-18 07:00:00,2025-09-18 07:00:00,DK2,88.910004,663.686507,energidataservice_csv,1,,2026-07-12 14:53:34
1103,2025-09-18 08:00:00,2025-09-18 08:00:00,DK1,52.240002,389.955943,energidataservice_csv,1,,2026-07-12 14:53:34
1104,2025-09-18 08:00:00,2025-09-18 08:00:00,DK2,66.489998,496.327888,energidataservice_csv,1,,2026-07-12 14:53:34
1101,2025-09-18 09:00:00,2025-09-18 09:00:00,DK1,5.89,43.967083,energidataservice_csv,1,,2026-07-12 14:53:34
1102,2025-09-18 09:00:00,2025-09-18 09:00:00,DK2,6.02,44.937494,energidataservice_csv,1,,2026-07-12 14:53:34
1099,2025-09-18 10:00:00,2025-09-18 10:00:00,DK1,2.36,17.616692,energidataservice_csv,1,,2026-07-12 14:53:34
1100,2025-09-18 10:00:00,2025-09-18 10:00:00,DK2,5.75,42.922025,energidataservice_csv,1,,2026-07-12 14:53:34
1097,2025-09-18 11:00:00,2025-09-18 11:00:00,DK1,2.22,16.571634,energidataservice_csv,1,,2026-07-12 14:53:34
1098,2025-09-18 11:00:00,2025-09-18 11:00:00,DK2,5.68,42.399496,energidataservice_csv,1,,2026-07-12 14:53:34
1095,2025-09-18 12:00:00,2025-09-18 12:00:00,DK1,2.0,14.9294,energidataservice_csv,1,,2026-07-12 14:53:34
1096,2025-09-18 12:00:00,2025-09-18 12:00:00,DK2,4.54,33.889738,energidataservice_csv,1,,2026-07-12 14:53:34
1093,2025-09-18 13:00:00,2025-09-18 13:00:00,DK1,2.34,17.467398,energidataservice_csv,1,,2026-07-12 14:53:34
1094,2025-09-18 13:00:00,2025-09-18 13:00:00,DK2,8.97,66.958359,energidataservice_csv,1,,2026-07-12 14:53:34
1091,2025-09-18 14:00:00,2025-09-18 14:00:00,DK1,15.31,114.284557,energidataservice_csv,1,,2026-07-12 14:53:34
1092,2025-09-18 14:00:00,2025-09-18 14:00:00,DK2,32.16,240.064752,energidataservice_csv,1,,2026-07-12 14:53:34
1089,2025-09-18 15:00:00,2025-09-18 15:00:00,DK1,49.900002,372.488545,energidataservice_csv,1,,2026-07-12 14:53:34
1090,2025-09-18 15:00:00,2025-09-18 15:00:00,DK2,59.959999,447.583405,energidataservice_csv,1,,2026-07-12 14:53:34
1087,2025-09-18 16:00:00,2025-09-18 16:00:00,DK1,79.239998,591.502813,energidataservice_csv,1,,2026-07-12 14:53:34
1088,2025-09-18 16:00:00,2025-09-18 16:00:00,DK2,115.290001,860.60527,energidataservice_csv,1,,2026-07-12 14:53:34
1085,2025-09-18 17:00:00,2025-09-18 17:00:00,DK1,98.459999,734.974355,energidataservice_csv,1,,2026-07-12 14:53:34
1086,2025-09-18 17:00:00,2025-09-18 17:00:00,DK2,134.0,1000.2698,energidataservice_csv,1,,2026-07-12 14:53:34
1083,2025-09-18 18:00:00,2025-09-18 18:00:00,DK1,15.0,111.9705,energidataservice_csv,1,,2026-07-12 14:53:34
1084,2025-09-18 18:00:00,2025-09-18 18:00:00,DK2,121.889999,909.872276,energidataservice_csv,1,,2026-07-12 14:53:34
1081,2025-09-18 19:00:00,2025-09-18 19:00:00,DK1,9.05,67.555535,energidataservice_csv,1,,2026-07-12 14:53:34
1082,2025-09-18 19:00:00,2025-09-18 19:00:00,DK2,104.019997,776.478072,energidataservice_csv,1,,2026-07-12 14:53:34
1079,2025-09-18 20:00:00,2025-09-18 20:00:00,DK1,5.73,42.772731,energidataservice_csv,1,,2026-07-12 14:53:34
1080,2025-09-18 20:00:00,2025-09-18 20:00:00,DK2,93.510002,698.024112,energidataservice_csv,1,,2026-07-12 14:53:34
1077,2025-09-18 21:00:00,2025-09-18 21:00:00,DK1,4.0,29.8588,energidataservice_csv,1,,2026-07-12 14:53:34
1078,2025-09-18 21:00:00,2025-09-18 21:00:00,DK2,83.470001,623.078516,energidataservice_csv,1,,2026-07-12 14:53:34
1075,2025-09-18 22:00:00,2025-09-18 22:00:00,DK1,1.68,12.53868,energidataservice_csv,1,,2026-07-12 14:53:34
1076,2025-09-18 22:00:00,2025-09-18 22:00:00,DK2,70.489998,526.1021,energidataservice_csv,1,,2026-07-12 14:53:34
1073,2025-09-18 23:00:00,2025-09-18 23:00:00,DK1,6.84,51.05034,energidataservice_csv,1,,2026-07-12 14:53:34
1074,2025-09-18 23:00:00,2025-09-18 23:00:00,DK2,43.0,320.9305,energidataservice_csv,1,,2026-07-12 14:53:34
1071,2025-09-19 00:00:00,2025-09-19 00:00:00,DK1,3.6,26.8686,energidataservice_csv,1,,2026-07-12 14:53:34
1072,2025-09-19 00:00:00,2025-09-19 00:00:00,DK2,70.379997,525.281108,energidataservice_csv,1,,2026-07-12 14:53:34
1069,2025-09-19 01:00:00,2025-09-19 01:00:00,DK1,6.39,47.691765,energidataservice_csv,1,,2026-07-12 14:53:34
1070,2025-09-19 01:00:00,2025-09-19 01:00:00,DK2,70.519997,526.325998,energidataservice_csv,1,,2026-07-12 14:53:34
1067,2025-09-19 02:00:00,2025-09-19 02:00:00,DK1,8.19,61.126065,energidataservice_csv,1,,2026-07-12 14:53:34
1068,2025-09-19 02:00:00,2025-09-19 02:00:00,DK2,70.900002,529.162165,energidataservice_csv,1,,2026-07-12 14:53:34
1065,2025-09-19 03:00:00,2025-09-19 03:00:00,DK1,34.029999,253.982898,energidataservice_csv,1,,2026-07-12 14:53:34
1066,2025-09-19 03:00:00,2025-09-19 03:00:00,DK2,86.690002,647.01083,energidataservice_csv,1,,2026-07-12 14:53:34
1063,2025-09-19 04:00:00,2025-09-19 04:00:00,DK1,56.0,417.956,energidataservice_csv,1,,2026-07-12 14:53:34
1064,2025-09-19 04:00:00,2025-09-19 04:00:00,DK2,113.580002,847.704345,energidataservice_csv,1,,2026-07-12 14:53:34
1061,2025-09-19 05:00:00,2025-09-19 05:00:00,DK1,89.0,664.2515,energidataservice_csv,1,,2026-07-12 14:53:34
1062,2025-09-19 05:00:00,2025-09-19 05:00:00,DK2,143.050003,1067.653697,energidataservice_csv,1,,2026-07-12 14:53:34
1059,2025-09-19 06:00:00,2025-09-19 06:00:00,DK1,103.970001,775.980102,energidataservice_csv,1,,2026-07-12 14:53:34
1060,2025-09-19 06:00:00,2025-09-19 06:00:00,DK2,117.300003,875.468572,energidataservice_csv,1,,2026-07-12 14:53:34
1057,2025-09-19 07:00:00,2025-09-19 07:00:00,DK1,95.18,710.37593,energidataservice_csv,1,,2026-07-12 14:53:34
1058,2025-09-19 07:00:00,2025-09-19 07:00:00,DK2,95.080002,709.629595,energidataservice_csv,1,,2026-07-12 14:53:34
1055,2025-09-19 08:00:00,2025-09-19 08:00:00,DK1,53.700001,400.789957,energidataservice_csv,1,,2026-07-12 14:53:34
1056,2025-09-19 08:00:00,2025-09-19 08:00:00,DK2,52.869999,394.595238,energidataservice_csv,1,,2026-07-12 14:53:34
1053,2025-09-19 09:00:00,2025-09-19 09:00:00,DK1,13.03,97.249405,energidataservice_csv,1,,2026-07-12 14:53:34
1054,2025-09-19 09:00:00,2025-09-19 09:00:00,DK2,12.91,96.353785,energidataservice_csv,1,,2026-07-12 14:53:34
1051,2025-09-19 10:00:00,2025-09-19 10:00:00,DK1,2.36,17.61386,energidataservice_csv,1,,2026-07-12 14:53:34
1052,2025-09-19 10:00:00,2025-09-19 10:00:00,DK2,5.24,39.10874,energidataservice_csv,1,,2026-07-12 14:53:34
1049,2025-09-19 11:00:00,2025-09-19 11:00:00,DK1,2.43,18.136305,energidataservice_csv,1,,2026-07-12 14:53:34
1050,2025-09-19 11:00:00,2025-09-19 11:00:00,DK2,5.86,43.73611,energidataservice_csv,1,,2026-07-12 14:53:34
1047,2025-09-19 12:00:00,2025-09-19 12:00:00,DK1,2.18,16.27043,energidataservice_csv,1,,2026-07-12 14:53:34
1048,2025-09-19 12:00:00,2025-09-19 12:00:00,DK2,5.23,39.034105,energidataservice_csv,1,,2026-07-12 14:53:34
1045,2025-09-19 13:00:00,2025-09-19 13:00:00,DK1,11.97,89.338095,energidataservice_csv,1,,2026-07-12 14:53:34
1046,2025-09-19 13:00:00,2025-09-19 13:00:00,DK2,11.98,89.41273,energidataservice_csv,1,,2026-07-12 14:53:34
1043,2025-09-19 14:00:00,2025-09-19 14:00:00,DK1,49.84,371.98084,energidataservice_csv,1,,2026-07-12 14:53:34
1044,2025-09-19 14:00:00,2025-09-19 14:00:00,DK2,69.129997,515.951733,energidataservice_csv,1,,2026-07-12 14:53:34
1041,2025-09-19 15:00:00,2025-09-19 15:00:00,DK1,84.779999,632.755523,energidataservice_csv,1,,2026-07-12 14:53:34
1042,2025-09-19 15:00:00,2025-09-19 15:00:00,DK2,119.209999,889.723828,energidataservice_csv,1,,2026-07-12 14:53:34
1039,2025-09-19 16:00:00,2025-09-19 16:00:00,DK1,103.0,768.7405,energidataservice_csv,1,,2026-07-12 14:53:34
1040,2025-09-19 16:00:00,2025-09-19 16:00:00,DK2,254.690002,1900.87883,energidataservice_csv,1,,2026-07-12 14:53:34
1037,2025-09-19 17:00:00,2025-09-19 17:00:00,DK1,141.399994,1055.338855,energidataservice_csv,1,,2026-07-12 14:53:34
1038,2025-09-19 17:00:00,2025-09-19 17:00:00,DK2,408.029999,3045.331898,energidataservice_csv,1,,2026-07-12 14:53:34
1035,2025-09-19 18:00:00,2025-09-19 18:00:00,DK1,142.699997,1065.041428,energidataservice_csv,1,,2026-07-12 14:53:34
1036,2025-09-19 18:00:00,2025-09-19 18:00:00,DK2,167.100006,1247.150895,energidataservice_csv,1,,2026-07-12 14:53:34
1033,2025-09-19 19:00:00,2025-09-19 19:00:00,DK1,111.82,834.56857,energidataservice_csv,1,,2026-07-12 14:53:34
1034,2025-09-19 19:00:00,2025-09-19 19:00:00,DK2,111.5,832.18025,energidataservice_csv,1,,2026-07-12 14:53:34
1031,2025-09-19 20:00:00,2025-09-19 20:00:00,DK1,86.040001,642.159547,energidataservice_csv,1,,2026-07-12 14:53:34
1032,2025-09-19 20:00:00,2025-09-19 20:00:00,DK2,85.779999,640.219023,energidataservice_csv,1,,2026-07-12 14:53:34
1029,2025-09-19 21:00:00,2025-09-19 21:00:00,DK1,78.93,589.094055,energidataservice_csv,1,,2026-07-12 14:53:34
1030,2025-09-19 21:00:00,2025-09-19 21:00:00,DK2,78.660004,587.07894,energidataservice_csv,1,,2026-07-12 14:53:34
1027,2025-09-19 22:00:00,2025-09-19 22:00:00,DK1,87.239998,651.115725,energidataservice_csv,1,,2026-07-12 14:53:34
1028,2025-09-19 22:00:00,2025-09-19 22:00:00,DK2,86.900002,648.578165,energidataservice_csv,1,,2026-07-12 14:53:34
1025,2025-09-19 23:00:00,2025-09-19 23:00:00,DK1,77.910004,581.481315,energidataservice_csv,1,,2026-07-12 14:53:34
1026,2025-09-19 23:00:00,2025-09-19 23:00:00,DK2,77.639999,579.466133,energidataservice_csv,1,,2026-07-12 14:53:34
1023,2025-09-20 00:00:00,2025-09-20 00:00:00,DK1,74.989998,559.68785,energidataservice_csv,1,,2026-07-12 14:53:34
1024,2025-09-20 00:00:00,2025-09-20 00:00:00,DK2,74.720001,557.672727,energidataservice_csv,1,,2026-07-12 14:53:34
1021,2025-09-20 01:00:00,2025-09-20 01:00:00,DK1,74.800003,558.269822,energidataservice_csv,1,,2026-07-12 14:53:34
1022,2025-09-20 01:00:00,2025-09-20 01:00:00,DK2,74.529999,556.254648,energidataservice_csv,1,,2026-07-12 14:53:34
1019,2025-09-20 02:00:00,2025-09-20 02:00:00,DK1,74.790001,558.195172,energidataservice_csv,1,,2026-07-12 14:53:34
1020,2025-09-20 02:00:00,2025-09-20 02:00:00,DK2,74.529999,556.254648,energidataservice_csv,1,,2026-07-12 14:53:34
1017,2025-09-20 03:00:00,2025-09-20 03:00:00,DK1,80.209999,598.647328,energidataservice_csv,1,,2026-07-12 14:53:34
1018,2025-09-20 03:00:00,2025-09-20 03:00:00,DK2,79.919998,596.482905,energidataservice_csv,1,,2026-07-12 14:53:34
1015,2025-09-20 04:00:00,2025-09-20 04:00:00,DK1,88.510002,660.5944,energidataservice_csv,1,,2026-07-12 14:53:34
1016,2025-09-20 04:00:00,2025-09-20 04:00:00,DK2,88.199997,658.280678,energidataservice_csv,1,,2026-07-12 14:53:34
1013,2025-09-20 05:00:00,2025-09-20 05:00:00,DK1,86.970001,649.100602,energidataservice_csv,1,,2026-07-12 14:53:34
1014,2025-09-20 05:00:00,2025-09-20 05:00:00,DK2,86.769997,647.607873,energidataservice_csv,1,,2026-07-12 14:53:34
1011,2025-09-20 06:00:00,2025-09-20 06:00:00,DK1,75.290001,561.926922,energidataservice_csv,1,,2026-07-12 14:53:34
1012,2025-09-20 06:00:00,2025-09-20 06:00:00,DK2,74.959999,559.463953,energidataservice_csv,1,,2026-07-12 14:53:34
1009,2025-09-20 07:00:00,2025-09-20 07:00:00,DK1,24.9,185.84115,energidataservice_csv,1,,2026-07-12 14:53:34
1010,2025-09-20 07:00:00,2025-09-20 07:00:00,DK2,24.549999,183.228918,energidataservice_csv,1,,2026-07-12 14:53:34
1007,2025-09-20 08:00:00,2025-09-20 08:00:00,DK1,3.02,22.53977,energidataservice_csv,1,,2026-07-12 14:53:34
1008,2025-09-20 08:00:00,2025-09-20 08:00:00,DK2,2.96,22.09196,energidataservice_csv,1,,2026-07-12 14:53:34
1005,2025-09-20 09:00:00,2025-09-20 09:00:00,DK1,2.0,14.927,energidataservice_csv,1,,2026-07-12 14:53:34
1006,2025-09-20 09:00:00,2025-09-20 09:00:00,DK2,2.33,17.389955,energidataservice_csv,1,,2026-07-12 14:53:34
1003,2025-09-20 10:00:00,2025-09-20 10:00:00,DK1,1.59,11.866965,energidataservice_csv,1,,2026-07-12 14:53:34
1004,2025-09-20 10:00:00,2025-09-20 10:00:00,DK2,1.64,12.24014,energidataservice_csv,1,,2026-07-12 14:53:34
1001,2025-09-20 11:00:00,2025-09-20 11:00:00,DK1,0.25,1.865875,energidataservice_csv,1,,2026-07-12 14:53:34
1002,2025-09-20 11:00:00,2025-09-20 11:00:00,DK2,0.45,3.358575,energidataservice_csv,1,,2026-07-12 14:53:34
999,2025-09-20 12:00:00,2025-09-20 12:00:00,DK1,0.08,0.59708,energidataservice_csv,1,,2026-07-12 14:53:34
1000,2025-09-20 12:00:00,2025-09-20 12:00:00,DK2,0.41,3.060035,energidataservice_csv,1,,2026-07-12 14:53:34
997,2025-09-20 13:00:00,2025-09-20 13:00:00,DK1,1.43,10.672805,energidataservice_csv,1,,2026-07-12 14:53:34
998,2025-09-20 13:00:00,2025-09-20 13:00:00,DK2,1.88,14.03138,energidataservice_csv,1,,2026-07-12 14:53:34
995,2025-09-20 14:00:00,2025-09-20 14:00:00,DK1,26.360001,196.737867,energidataservice_csv,1,,2026-07-12 14:53:34
996,2025-09-20 14:00:00,2025-09-20 14:00:00,DK2,25.209999,188.154828,energidataservice_csv,1,,2026-07-12 14:53:34
993,2025-09-20 15:00:00,2025-09-20 15:00:00,DK1,93.839996,700.37481,energidataservice_csv,1,,2026-07-12 14:53:34
994,2025-09-20 15:00:00,2025-09-20 15:00:00,DK2,89.419998,667.386155,energidataservice_csv,1,,2026-07-12 14:53:34
991,2025-09-20 16:00:00,2025-09-20 16:00:00,DK1,122.730003,915.995377,energidataservice_csv,1,,2026-07-12 14:53:34
992,2025-09-20 16:00:00,2025-09-20 16:00:00,DK2,124.25,927.339875,energidataservice_csv,1,,2026-07-12 14:53:34
989,2025-09-20 17:00:00,2025-09-20 17:00:00,DK1,128.619995,959.955333,energidataservice_csv,1,,2026-07-12 14:53:34
990,2025-09-20 17:00:00,2025-09-20 17:00:00,DK2,133.699997,997.869928,energidataservice_csv,1,,2026-07-12 14:53:34
987,2025-09-20 18:00:00,2025-09-20 18:00:00,DK1,99.080002,739.483595,energidataservice_csv,1,,2026-07-12 14:53:34
988,2025-09-20 18:00:00,2025-09-20 18:00:00,DK2,98.809998,737.46842,energidataservice_csv,1,,2026-07-12 14:53:34
985,2025-09-20 19:00:00,2025-09-20 19:00:00,DK1,81.949997,611.633803,energidataservice_csv,1,,2026-07-12 14:53:34
986,2025-09-20 19:00:00,2025-09-20 19:00:00,DK2,81.75,610.141125,energidataservice_csv,1,,2026-07-12 14:53:34
983,2025-09-20 20:00:00,2025-09-20 20:00:00,DK1,70.059998,522.892795,energidataservice_csv,1,,2026-07-12 14:53:34
984,2025-09-20 20:00:00,2025-09-20 20:00:00,DK2,74.300003,554.538072,energidataservice_csv,1,,2026-07-12 14:53:34
981,2025-09-20 21:00:00,2025-09-20 21:00:00,DK1,47.209999,352.351828,energidataservice_csv,1,,2026-07-12 14:53:34
982,2025-09-20 21:00:00,2025-09-20 21:00:00,DK2,48.209999,359.815328,energidataservice_csv,1,,2026-07-12 14:53:34
979,2025-09-20 22:00:00,2025-09-20 22:00:00,DK1,8.07,60.230445,energidataservice_csv,1,,2026-07-12 14:53:34
980,2025-09-20 22:00:00,2025-09-20 22:00:00,DK2,8.07,60.230445,energidataservice_csv,1,,2026-07-12 14:53:34
977,2025-09-20 23:00:00,2025-09-20 23:00:00,DK1,3.7,27.61495,energidataservice_csv,1,,2026-07-12 14:53:34
978,2025-09-20 23:00:00,2025-09-20 23:00:00,DK2,3.7,27.61495,energidataservice_csv,1,,2026-07-12 14:53:34
499,2025-09-20T12:00:00,2026-07-10T18:11:08.832226+00:00,DK1,0.08,0.59708,nordpool_via_energidataservice,1,"{""record_id"": ""nordpool_via_energidataservice_2025-09-20T12:00:00"", ""source"": ""nordpool_via_energidataservice"", ""passed"": true, ""warnings"": false, ""failed_gates"": [], ""gate_count"": 5, ""pass_count"": 5}",2026-07-10 18:11:08
500,2025-09-20T12:00:00,2026-07-10T18:11:08.832226+00:00,DK2,0.41,3.060035,nordpool_via_energidataservice,1,"{""record_id"": ""nordpool_via_energidataservice_2025-09-20T12:00:00"", ""source"": ""nordpool_via_energidataservice"", ""passed"": true, ""warnings"": false, ""failed_gates"": [], ""gate_count"": 5, ""pass_count"": 5}",2026-07-10 18:11:08
497,2025-09-20T13:00:00,2026-07-10T18:11:08.832226+00:00,DK1,1.43,10.672805,nordpool_via_energidataservice,1,"{""record_id"": ""nordpool_via_energidataservice_2025-09-20T13:00:00"", ""source"": ""nordpool_via_energidataservice"", ""passed"": true, ""warnings"": false, ""failed_gates"": [], ""gate_count"": 5, ""pass_count"": 5}",2026-07-10 18:11:08
498,2025-09-20T13:00:00,2026-07-10T18:11:08.832226+00:00,DK2,1.88,14.03138,nordpool_via_energidataservice,1,"{""record_id"": ""nordpool_via_energidataservice_2025-09-20T13:00:00"", ""source"": ""nordpool_via_energidataservice"", ""passed"": true, ""warnings"": false, ""failed_gates"": [], ""gate_count"": 5, ""pass_count"": 5}",2026-07-10 18:11:08
495,2025-09-20T14:00:00,2026-07-10T18:11:08.832226+00:00,DK1,26.360001,196.737867,nordpool_via_energidataservice,1,"{""record_id"": ""nordpool_via_energidataservice_2025-09-20T14:00:00"", ""source"": ""nordpool_via_energidataservice"", ""passed"": true, ""warnings"": false, ""failed_gates"": [], ""gate_count"": 5, ""pass_count"": 5}",2026-07-10 18:11:08
496,2025-09-20T14:00:00,2026-07-10T18:11:08.832226+00:00,DK2,25.209999,188.154828,nordpool_via_energidataservice,1,"{""record_id"": ""nordpool_via_energidataservice_2025-09-20T14:00:00"", ""source"": ""nordpool_via_energidataservice"", ""passed"": true, ""warnings"": false, ""failed_gates"": [], ""gate_count"": 5, ""pass_count"": 5}",2026-07-10 18:11:08
493,2025-09-20T15:00:00,2026-07-10T18:11:08.832226+00:00,DK1,93.839996,700.37481,nordpool_via_energidataservice,1,"{""record_id"": ""nordpool_via_energidataservice_2025-09-20T15:00:00"", ""source"": ""nordpool_via_energidataservice"", ""passed"": true, ""warnings"": false, ""failed_gates"": [], ""gate_count"": 5, ""pass_count"": 5}",2026-07-10 18:11:08
494,2025-09-20T15:00:00,2026-07-10T18:11:08.832226+00:00,DK2,89.419998,667.386155,nordpool_via_energidataservice,1,"{""record_id"": ""nordpool_via_energidataservice_2025-09-20T15:00:00"", ""source"": ""nordpool_via_energidataservice"", ""passed"": true, ""warnings"": false, ""failed_gates"": [], ""gate_count"": 5, ""pass_count"": 5}",2026-07-10 18:11:08
491,2025-09-20T16:00:00,2026-07-10T18:11:08.832226+00:00,DK1,122.730003,915.995377,nordpool_via_energidataservice,1,"{""record_id"": ""nordpool_via_energidataservice_2025-09-20T16:00:00"", ""source"": ""nordpool_via_energidataservice"", ""passed"": true, ""warnings"": false, ""failed_gates"": [], ""gate_count"": 5, ""pass_count"": 5}",2026-07-10 18:11:08
492,2025-09-20T16:00:00,2026-07-10T18:11:08.832226+00:00,DK2,124.25,927.339875,nordpool_via_energidataservice,1,"{""record_id"": ""nordpool_via_energidataservice_2025-09-20T16:00:00"", ""source"": ""nordpool_via_energidataservice"", ""passed"": true, ""warnings"": false, ""failed_gates"": [], ""gate_count"": 5, ""pass_count"": 5}",2026-07-10 18:11:08
489,2025-09-20T17:00:00,2026-07-10T18:11:08.832226+00:00,DK1,128.619995,959.955333,nordpool_via_energidataservice,1,"{""record_id"": ""nordpool_via_energidataservice_2025-09-20T17:00:00"", ""source"": ""nordpool_via_energidataservice"", ""passed"": true, ""warnings"": false, ""failed_gates"": [], ""gate_count"": 5, ""pass_count"": 5}",2026-07-10 18:11:08
490,2025-09-20T17:00:00,2026-07-10T18:11:08.832226+00:00,DK2,133.699997,997.869928,nordpool_via_energidataservice,1,"{""record_id"": ""nordpool_via_energidataservice_2025-09-20T17:00:00"", ""source"": ""nordpool_via_energidataservice"", ""passed"": true, ""warnings"": false, ""failed_gates"": [], ""gate_count"": 5, ""pass_count"": 5}",2026-07-10 18:11:08
487,2025-09-20T18:00:00,2026-07-10T18:11:08.832226+00:00,DK1,99.080002,739.483595,nordpool_via_energidataservice,1,"{""record_id"": ""nordpool_via_energidataservice_2025-09-20T18:00:00"", ""source"": ""nordpool_via_energidataservice"", ""passed"": true, ""warnings"": false, ""failed_gates"": [], ""gate_count"": 5, ""pass_count"": 5}",2026-07-10 18:11:08
488,2025-09-20T18:00:00,2026-07-10T18:11:08.832226+00:00,DK2,98.809998,737.46842,nordpool_via_energidataservice,1,"{""record_id"": ""nordpool_via_energidataservice_2025-09-20T18:00:00"", ""source"": ""nordpool_via_energidataservice"", ""passed"": true, ""warnings"": false, ""failed_gates"": [], ""gate_count"": 5, ""pass_count"": 5}",2026-07-10 18:11:08
485,2025-09-20T19:00:00,2026-07-10T18:11:08.832226+00:00,DK1,81.949997,611.633803,nordpool_via_energidataservice,1,"{""record_id"": ""nordpool_via_energidataservice_2025-09-20T19:00:00"", ""source"": ""nordpool_via_energidataservice"", ""passed"": true, ""warnings"": false, ""failed_gates"": [], ""gate_count"": 5, ""pass_count"": 5}",2026-07-10 18:11:08
486,2025-09-20T19:00:00,2026-07-10T18:11:08.832226+00:00,DK2,81.75,610.141125,nordpool_via_energidataservice,1,"{""record_id"": ""nordpool_via_energidataservice_2025-09-20T19:00:00"", ""source"": ""nordpool_via_energidataservice"", ""passed"": true, ""warnings"": false, ""failed_gates"": [], ""gate_count"": 5, ""pass_count"": 5}",2026-07-10 18:11:08
483,2025-09-20T20:00:00,2026-07-10T18:11:08.832226+00:00,DK1,70.059998,522.892795,nordpool_via_energidataservice,1,"{""record_id"": ""nordpool_via_energidataservice_2025-09-20T20:00:00"", ""source"": ""nordpool_via_energidataservice"", ""passed"": true, ""warnings"": false, ""failed_gates"": [], ""gate_count"": 5, ""pass_count"": 5}",2026-07-10 18:11:08
484,2025-09-20T20:00:00,2026-07-10T18:11:08.832226+00:00,DK2,74.300003,554.538072,nordpool_via_energidataservice,1,"{""record_id"": ""nordpool_via_energidataservice_2025-09-20T20:00:00"", ""source"": ""nordpool_via_energidataservice"", ""passed"": true, ""warnings"": false, ""failed_gates"": [], ""gate_count"": 5, ""pass_count"": 5}",2026-07-10 18:11:08
481,2025-09-20T21:00:00,2026-07-10T18:11:08.832226+00:00,DK1,47.209999,352.351828,nordpool_via_energidataservice,1,"{""record_id"": ""nordpool_via_energidataservice_2025-09-20T21:00:00"", ""source"": ""nordpool_via_energidataservice"", ""passed"": true, ""warnings"": false, ""failed_gates"": [], ""gate_count"": 5, ""pass_count"": 5}",2026-07-10 18:11:08
482,2025-09-20T21:00:00,2026-07-10T18:11:08.832226+00:00,DK2,48.209999,359.815328,nordpool_via_energidataservice,1,"{""record_id"": ""nordpool_via_energidataservice_2025-09-20T21:00:00"", ""source"": ""nordpool_via_energidataservice"", ""passed"": true, ""warnings"": false, ""failed_gates"": [], ""gate_count"": 5, ""pass_count"": 5}",2026-07-10 18:11:08
479,2025-09-20T22:00:00,2026-07-10T18:11:08.832226+00:00,DK1,8.07,60.230445,nordpool_via_energidataservice,1,"{""record_id"": ""nordpool_via_energidataservice_2025-09-20T22:00:00"", ""source"": ""nordpool_via_energidataservice"", ""passed"": true, ""warnings"": false, ""failed_gates"": [], ""gate_count"": 5, ""pass_count"": 5}",2026-07-10 18:11:08
480,2025-09-20T22:00:00,2026-07-10T18:11:08.832226+00:00,DK2,8.07,60.230445,nordpool_via_energidataservice,1,"{""record_id"": ""nordpool_via_energidataservice_2025-09-20T22:00:00"", ""source"": ""nordpool_via_energidataservice"", ""passed"": true, ""warnings"": false, ""failed_gates"": [], ""gate_count"": 5, ""pass_count"": 5}",2026-07-10 18:11:08
477,2025-09-20T23:00:00,2026-07-10T18:11:08.832226+00:00,DK1,3.7,27.61495,nordpool_via_energidataservice,1,"{""record_id"": ""nordpool_via_energidataservice_2025-09-20T23:00:00"", ""source"": ""nordpool_via_energidataservice"", ""passed"": true, ""warnings"": false, ""failed_gates"": [], ""gate_count"": 5, ""pass_count"": 5}",2026-07-10 18:11:08
478,2025-09-20T23:00:00,2026-07-10T18:11:08.832226+00:00,DK2,3.7,27.61495,nordpool_via_energidataservice,1,"{""record_id"": ""nordpool_via_energidataservice_2025-09-20T23:00:00"", ""source"": ""nordpool_via_energidataservice"", ""passed"": true, ""warnings"": false, ""failed_gates"": [], ""gate_count"": 5, ""pass_count"": 5}",2026-07-10 18:11:08
975,2025-09-21 00:00:00,2025-09-21 00:00:00,DK1,3.4,25.3759,energidataservice_csv,1,,2026-07-12 14:53:34
976,2025-09-21 00:00:00,2025-09-21 00:00:00,DK2,3.46,25.82371,energidataservice_csv,1,,2026-07-12 14:53:34
973,2025-09-21 01:00:00,2025-09-21 01:00:00,DK1,1.65,12.314775,energidataservice_csv,1,,2026-07-12 14:53:34
974,2025-09-21 01:00:00,2025-09-21 01:00:00,DK2,1.65,12.314775,energidataservice_csv,1,,2026-07-12 14:53:34
971,2025-09-21 02:00:00,2025-09-21 02:00:00,DK1,1.62,12.09087,energidataservice_csv,1,,2026-07-12 14:53:34
972,2025-09-21 02:00:00,2025-09-21 02:00:00,DK2,2.07,15.449445,energidataservice_csv,1,,2026-07-12 14:53:34
969,2025-09-21 03:00:00,2025-09-21 03:00:00,DK1,-0.01,-0.074635,energidataservice_csv,1,,2026-07-12 14:53:34
970,2025-09-21 03:00:00,2025-09-21 03:00:00,DK2,3.22,24.03247,energidataservice_csv,1,,2026-07-12 14:53:34
967,2025-09-21 04:00:00,2025-09-21 04:00:00,DK1,-0.01,-0.074635,energidataservice_csv,1,,2026-07-12 14:53:34
968,2025-09-21 04:00:00,2025-09-21 04:00:00,DK2,4.08,30.45108,energidataservice_csv,1,,2026-07-12 14:53:34
965,2025-09-21 05:00:00,2025-09-21 05:00:00,DK1,1.04,7.76204,energidataservice_csv,1,,2026-07-12 14:53:34
966,2025-09-21 05:00:00,2025-09-21 05:00:00,DK2,4.98,37.16823,energidataservice_csv,1,,2026-07-12 14:53:34
963,2025-09-21 06:00:00,2025-09-21 06:00:00,DK1,3.01,22.465135,energidataservice_csv,1,,2026-07-12 14:53:34
964,2025-09-21 06:00:00,2025-09-21 06:00:00,DK2,3.09,23.062215,energidataservice_csv,1,,2026-07-12 14:53:34
961,2025-09-21 07:00:00,2025-09-21 07:00:00,DK1,1.31,9.777185,energidataservice_csv,1,,2026-07-12 14:53:34
962,2025-09-21 07:00:00,2025-09-21 07:00:00,DK2,1.31,9.777185,energidataservice_csv,1,,2026-07-12 14:53:34
959,2025-09-21 08:00:00,2025-09-21 08:00:00,DK1,0.0,0.0,energidataservice_csv,1,,2026-07-12 14:53:34
960,2025-09-21 08:00:00,2025-09-21 08:00:00,DK2,0.0,0.0,energidataservice_csv,1,,2026-07-12 14:53:34
957,2025-09-21 09:00:00,2025-09-21 09:00:00,DK1,-0.09,-0.671715,energidataservice_csv,1,,2026-07-12 14:53:34
958,2025-09-21 09:00:00,2025-09-21 09:00:00,DK2,-0.09,-0.671715,energidataservice_csv,1,,2026-07-12 14:53:34
955,2025-09-21 10:00:00,2025-09-21 10:00:00,DK1,-1.2,-8.9562,energidataservice_csv,1,,2026-07-12 14:53:34
956,2025-09-21 10:00:00,2025-09-21 10:00:00,DK2,-1.2,-8.9562,energidataservice_csv,1,,2026-07-12 14:53:34
953,2025-09-21 11:00:00,2025-09-21 11:00:00,DK1,-1.61,-12.016235,energidataservice_csv,1,,2026-07-12 14:53:34
954,2025-09-21 11:00:00,2025-09-21 11:00:00,DK2,-1.61,-12.016235,energidataservice_csv,1,,2026-07-12 14:53:34
951,2025-09-21 12:00:00,2025-09-21 12:00:00,DK1,-1.31,-9.777185,energidataservice_csv,1,,2026-07-12 14:53:34
952,2025-09-21 12:00:00,2025-09-21 12:00:00,DK2,-1.31,-9.777185,energidataservice_csv,1,,2026-07-12 14:53:34
949,2025-09-21 13:00:00,2025-09-21 13:00:00,DK1,-0.01,-0.074635,energidataservice_csv,1,,2026-07-12 14:53:34
950,2025-09-21 13:00:00,2025-09-21 13:00:00,DK2,0.0,0.0,energidataservice_csv,1,,2026-07-12 14:53:34
947,2025-09-21 14:00:00,2025-09-21 14:00:00,DK1,0.27,2.015145,energidataservice_csv,1,,2026-07-12 14:53:34
948,2025-09-21 14:00:00,2025-09-21 14:00:00,DK2,9.03,67.395405,energidataservice_csv,1,,2026-07-12 14:53:34
945,2025-09-21 15:00:00,2025-09-21 15:00:00,DK1,3.05,22.763675,energidataservice_csv,1,,2026-07-12 14:53:34
946,2025-09-21 15:00:00,2025-09-21 15:00:00,DK2,81.5,608.27525,energidataservice_csv,1,,2026-07-12 14:53:34
943,2025-09-21 16:00:00,2025-09-21 16:00:00,DK1,4.3,32.09305,energidataservice_csv,1,,2026-07-12 14:53:34
944,2025-09-21 16:00:00,2025-09-21 16:00:00,DK2,109.169998,814.79028,energidataservice_csv,1,,2026-07-12 14:53:34
941,2025-09-21 17:00:00,2025-09-21 17:00:00,DK1,69.940002,521.997205,energidataservice_csv,1,,2026-07-12 14:53:34
942,2025-09-21 17:00:00,2025-09-21 17:00:00,DK2,110.650002,825.83629,energidataservice_csv,1,,2026-07-12 14:53:34
939,2025-09-21 18:00:00,2025-09-21 18:00:00,DK1,40.400002,301.525415,energidataservice_csv,1,,2026-07-12 14:53:34
940,2025-09-21 18:00:00,2025-09-21 18:00:00,DK2,107.760002,804.266775,energidataservice_csv,1,,2026-07-12 14:53:34
937,2025-09-21 19:00:00,2025-09-21 19:00:00,DK1,41.990002,313.39238,energidataservice_csv,1,,2026-07-12 14:53:34
938,2025-09-21 19:00:00,2025-09-21 19:00:00,DK2,95.239998,710.823725,energidataservice_csv,1,,2026-07-12 14:53:34
935,2025-09-21 20:00:00,2025-09-21 20:00:00,DK1,14.07,105.011445,energidataservice_csv,1,,2026-07-12 14:53:34
936,2025-09-21 20:00:00,2025-09-21 20:00:00,DK2,82.010002,612.08165,energidataservice_csv,1,,2026-07-12 14:53:34
933,2025-09-21 21:00:00,2025-09-21 21:00:00,DK1,20.049999,149.643168,energidataservice_csv,1,,2026-07-12 14:53:34
934,2025-09-21 21:00:00,2025-09-21 21:00:00,DK2,79.760002,595.288775,energidataservice_csv,1,,2026-07-12 14:53:34
931,2025-09-21 22:00:00,2025-09-21 22:00:00,DK1,3.07,22.912945,energidataservice_csv,1,,2026-07-12 14:53:34
932,2025-09-21 22:00:00,2025-09-21 22:00:00,DK2,83.139999,620.515383,energidataservice_csv,1,,2026-07-12 14:53:34
929,2025-09-21 23:00:00,2025-09-21 23:00:00,DK1,3.9,29.10765,energidataservice_csv,1,,2026-07-12 14:53:34
930,2025-09-21 23:00:00,2025-09-21 23:00:00,DK2,79.599998,594.094585,energidataservice_csv,1,,2026-07-12 14:53:34
475,2025-09-21T00:00:00,2026-07-10T18:11:08.832226+00:00,DK1,3.4,25.3759,nordpool_via_energidataservice,1,"{""record_id"": ""nordpool_via_energidataservice_2025-09-21T00:00:00"", ""source"": ""nordpool_via_energidataservice"", ""passed"": true, ""warnings"": false, ""failed_gates"": [], ""gate_count"": 5, ""pass_count"": 5}",2026-07-10 18:11:08
476,2025-09-21T00:00:00,2026-07-10T18:11:08.832226+00:00,DK2,3.46,25.82371,nordpool_via_energidataservice,1,"{""record_id"": ""nordpool_via_energidataservice_2025-09-21T00:00:00"", ""source"": ""nordpool_via_energidataservice"", ""passed"": true, ""warnings"": false, ""failed_gates"": [], ""gate_count"": 5, ""pass_count"": 5}",2026-07-10 18:11:08
473,2025-09-21T01:00:00,2026-07-10T18:11:08.832226+00:00,DK1,1.65,12.314775,nordpool_via_energidataservice,1,"{""record_id"": ""nordpool_via_energidataservice_2025-09-21T01:00:00"", ""source"": ""nordpool_via_energidataservice"", ""passed"": true, ""warnings"": false, ""failed_gates"": [], ""gate_count"": 5, ""pass_count"": 5}",2026-07-10 18:11:08
474,2025-09-21T01:00:00,2026-07-10T18:11:08.832226+00:00,DK2,1.65,12.314775,nordpool_via_energidataservice,1,"{""record_id"": ""nordpool_via_energidataservice_2025-09-21T01:00:00"", ""source"": ""nordpool_via_energidataservice"", ""passed"": true, ""warnings"": false, ""failed_gates"": [], ""gate_count"": 5, ""pass_count"": 5}",2026-07-10 18:11:08
471,2025-09-21T02:00:00,2026-07-10T18:11:08.832226+00:00,DK1,1.62,12.09087,nordpool_via_energidataservice,1,"{""record_id"": ""nordpool_via_energidataservice_2025-09-21T02:00:00"", ""source"": ""nordpool_via_energidataservice"", ""passed"": true, ""warnings"": false, ""failed_gates"": [], ""gate_count"": 5, ""pass_count"": 5}",2026-07-10 18:11:08
472,2025-09-21T02:00:00,2026-07-10T18:11:08.832226+00:00,DK2,2.07,15.449445,nordpool_via_energidataservice,1,"{""record_id"": ""nordpool_via_energidataservice_2025-09-21T02:00:00"", ""source"": ""nordpool_via_energidataservice"", ""passed"": true, ""warnings"": false, ""failed_gates"": [], ""gate_count"": 5, ""pass_count"": 5}",2026-07-10 18:11:08
469,2025-09-21T03:00:00,2026-07-10T18:11:08.832226+00:00,DK1,-0.01,-0.074635,nordpool_via_energidataservice,1,"{""record_id"": ""nordpool_via_energidataservice_2025-09-21T03:00:00"", ""source"": ""nordpool_via_energidataservice"", ""passed"": true, ""warnings"": false, ""failed_gates"": [], ""gate_count"": 5, ""pass_count"": 5}",2026-07-10 18:11:08
470,2025-09-21T03:00:00,2026-07-10T18:11:08.832226+00:00,DK2,3.22,24.03247,nordpool_via_energidataservice,1,"{""record_id"": ""nordpool_via_energidataservice_2025-09-21T03:00:00"", ""source"": ""nordpool_via_energidataservice"", ""passed"": true, ""warnings"": false, ""failed_gates"": [], ""gate_count"": 5, ""pass_count"": 5}",2026-07-10 18:11:08
467,2025-09-21T04:00:00,2026-07-10T18:11:08.832226+00:00,DK1,-0.01,-0.074635,nordpool_via_energidataservice,1,"{""record_id"": ""nordpool_via_energidataservice_2025-09-21T04:00:00"", ""source"": ""nordpool_via_energidataservice"", ""passed"": true, ""warnings"": false, ""failed_gates"": [], ""gate_count"": 5, ""pass_count"": 5}",2026-07-10 18:11:08
468,2025-09-21T04:00:00,2026-07-10T18:11:08.832226+00:00,DK2,4.08,30.45108,nordpool_via_energidataservice,1,"{""record_id"": ""nordpool_via_energidataservice_2025-09-21T04:00:00"", ""source"": ""nordpool_via_energidataservice"", ""passed"": true, ""warnings"": false, ""failed_gates"": [], ""gate_count"": 5, ""pass_count"": 5}",2026-07-10 18:11:08
465,2025-09-21T05:00:00,2026-07-10T18:11:08.832226+00:00,DK1,1.04,7.76204,nordpool_via_energidataservice,1,"{""record_id"": ""nordpool_via_energidataservice_2025-09-21T05:00:00"", ""source"": ""nordpool_via_energidataservice"", ""passed"": true, ""warnings"": false, ""failed_gates"": [], ""gate_count"": 5, ""pass_count"": 5}",2026-07-10 18:11:08
466,2025-09-21T05:00:00,2026-07-10T18:11:08.832226+00:00,DK2,4.98,37.16823,nordpool_via_energidataservice,1,"{""record_id"": ""nordpool_via_energidataservice_2025-09-21T05:00:00"", ""source"": ""nordpool_via_energidataservice"", ""passed"": true, ""warnings"": false, ""failed_gates"": [], ""gate_count"": 5, ""pass_count"": 5}",2026-07-10 18:11:08
463,2025-09-21T06:00:00,2026-07-10T18:11:08.832226+00:00,DK1,3.01,22.465135,nordpool_via_energidataservice,1,"{""record_id"": ""nordpool_via_energidataservice_2025-09-21T06:00:00"", ""source"": ""nordpool_via_energidataservice"", ""passed"": true, ""warnings"": false, ""failed_gates"": [], ""gate_count"": 5, ""pass_count"": 5}",2026-07-10 18:11:08
464,2025-09-21T06:00:00,2026-07-10T18:11:08.832226+00:00,DK2,3.09,23.062215,nordpool_via_energidataservice,1,"{""record_id"": ""nordpool_via_energidataservice_2025-09-21T06:00:00"", ""source"": ""nordpool_via_energidataservice"", ""passed"": true, ""warnings"": false, ""failed_gates"": [], ""gate_count"": 5, ""pass_count"": 5}",2026-07-10 18:11:08
461,2025-09-21T07:00:00,2026-07-10T18:11:08.832226+00:00,DK1,1.31,9.777185,nordpool_via_energidataservice,1,"{""record_id"": ""nordpool_via_energidataservice_2025-09-21T07:00:00"", ""source"": ""nordpool_via_energidataservice"", ""passed"": true, ""warnings"": false, ""failed_gates"": [], ""gate_count"": 5, ""pass_count"": 5}",2026-07-10 18:11:08
462,2025-09-21T07:00:00,2026-07-10T18:11:08.832226+00:00,DK2,1.31,9.777185,nordpool_via_energidataservice,1,"{""record_id"": ""nordpool_via_energidataservice_2025-09-21T07:00:00"", ""source"": ""nordpool_via_energidataservice"", ""passed"": true, ""warnings"": false, ""failed_gates"": [], ""gate_count"": 5, ""pass_count"": 5}",2026-07-10 18:11:08
459,2025-09-21T08:00:00,2026-07-10T18:11:08.832226+00:00,DK1,0.0,0.0,nordpool_via_energidataservice,1,"{""record_id"": ""nordpool_via_energidataservice_2025-09-21T08:00:00"", ""source"": ""nordpool_via_energidataservice"", ""passed"": true, ""warnings"": false, ""failed_gates"": [], ""gate_count"": 5, ""pass_count"": 5}",2026-07-10 18:11:08
460,2025-09-21T08:00:00,2026-07-10T18:11:08.832226+00:00,DK2,0.0,0.0,nordpool_via_energidataservice,1,"{""record_id"": ""nordpool_via_energidataservice_2025-09-21T08:00:00"", ""source"": ""nordpool_via_energidataservice"", ""passed"": true, ""warnings"": false, ""failed_gates"": [], ""gate_count"": 5, ""pass_count"": 5}",2026-07-10 18:11:08
457,2025-09-21T09:00:00,2026-07-10T18:11:08.832226+00:00,DK1,-0.09,-0.671715,nordpool_via_energidataservice,1,"{""record_id"": ""nordpool_via_energidataservice_2025-09-21T09:00:00"", ""source"": ""nordpool_via_energidataservice"", ""passed"": true, ""warnings"": false, ""failed_gates"": [], ""gate_count"": 5, ""pass_count"": 5}",2026-07-10 18:11:08
458,2025-09-21T09:00:00,2026-07-10T18:11:08.832226+00:00,DK2,-0.09,-0.671715,nordpool_via_energidataservice,1,"{""record_id"": ""nordpool_via_energidataservice_2025-09-21T09:00:00"", ""source"": ""nordpool_via_energidataservice"", ""passed"": true, ""warnings"": false, ""failed_gates"": [], ""gate_count"": 5, ""pass_count"": 5}",2026-07-10 18:11:08
455,2025-09-21T10:00:00,2026-07-10T18:11:08.832226+00:00,DK1,-1.2,-8.9562,nordpool_via_energidataservice,1,"{""record_id"": ""nordpool_via_energidataservice_2025-09-21T10:00:00"", ""source"": ""nordpool_via_energidataservice"", ""passed"": true, ""warnings"": false, ""failed_gates"": [], ""gate_count"": 5, ""pass_count"": 5}",2026-07-10 18:11:08
456,2025-09-21T10:00:00,2026-07-10T18:11:08.832226+00:00,DK2,-1.2,-8.9562,nordpool_via_energidataservice,1,"{""record_id"": ""nordpool_via_energidataservice_2025-09-21T10:00:00"", ""source"": ""nordpool_via_energidataservice"", ""passed"": true, ""warnings"": false, ""failed_gates"": [], ""gate_count"": 5, ""pass_count"": 5}",2026-07-10 18:11:08
453,2025-09-21T11:00:00,2026-07-10T18:11:08.832226+00:00,DK1,-1.61,-12.016235,nordpool_via_energidataservice,1,"{""record_id"": ""nordpool_via_energidataservice_2025-09-21T11:00:00"", ""source"": ""nordpool_via_energidataservice"", ""passed"": true, ""warnings"": false, ""failed_gates"": [], ""gate_count"": 5, ""pass_count"": 5}",2026-07-10 18:11:08
454,2025-09-21T11:00:00,2026-07-10T18:11:08.832226+00:00,DK2,-1.61,-12.016235,nordpool_via_energidataservice,1,"{""record_id"": ""nordpool_via_energidataservice_2025-09-21T11:00:00"", ""source"": ""nordpool_via_energidataservice"", ""passed"": true, ""warnings"": false, ""failed_gates"": [], ""gate_count"": 5, ""pass_count"": 5}",2026-07-10 18:11:08
451,2025-09-21T12:00:00,2026-07-10T18:11:08.832226+00:00,DK1,-1.31,-9.777185,nordpool_via_energidataservice,1,"{""record_id"": ""nordpool_via_energidataservice_2025-09-21T12:00:00"", ""source"": ""nordpool_via_energidataservice"", ""passed"": true, ""warnings"": false, ""failed_gates"": [], ""gate_count"": 5, ""pass_count"": 5}",2026-07-10 18:11:08
452,2025-09-21T12:00:00,2026-07-10T18:11:08.832226+00:00,DK2,-1.31,-9.777185,nordpool_via_energidataservice,1,"{""record_id"": ""nordpool_via_energidataservice_2025-09-21T12:00:00"", ""source"": ""nordpool_via_energidataservice"", ""passed"": true, ""warnings"": false, ""failed_gates"": [], ""gate_count"": 5, ""pass_count"": 5}",2026-07-10 18:11:08
449,2025-09-21T13:00:00,2026-07-10T18:11:08.832226+00:00,DK1,-0.01,-0.074635,nordpool_via_energidataservice,1,"{""record_id"": ""nordpool_via_energidataservice_2025-09-21T13:00:00"", ""source"": ""nordpool_via_energidataservice"", ""passed"": true, ""warnings"": false, ""failed_gates"": [], ""gate_count"": 5, ""pass_count"": 5}",2026-07-10 18:11:08
450,2025-09-21T13:00:00,2026-07-10T18:11:08.832226+00:00,DK2,0.0,0.0,nordpool_via_energidataservice,1,"{""record_id"": ""nordpool_via_energidataservice_2025-09-21T13:00:00"", ""source"": ""nordpool_via_energidataservice"", ""passed"": true, ""warnings"": false, ""failed_gates"": [], ""gate_count"": 5, ""pass_count"": 5}",2026-07-10 18:11:08
447,2025-09-21T14:00:00,2026-07-10T18:11:08.832226+00:00,DK1,0.27,2.015145,nordpool_via_energidataservice,1,"{""record_id"": ""nordpool_via_energidataservice_2025-09-21T14:00:00"", ""source"": ""nordpool_via_energidataservice"", ""passed"": true, ""warnings"": false, ""failed_gates"": [], ""gate_count"": 5, ""pass_count"": 5}",2026-07-10 18:11:08
448,2025-09-21T14:00:00,2026-07-10T18:11:08.832226+00:00,DK2,9.03,67.395405,nordpool_via_energidataservice,1,"{""record_id"": ""nordpool_via_energidataservice_2025-09-21T14:00:00"", ""source"": ""nordpool_via_energidataservice"", ""passed"": true, ""warnings"": false, ""failed_gates"": [], ""gate_count"": 5, ""pass_count"": 5}",2026-07-10 18:11:08
445,2025-09-21T15:00:00,2026-07-10T18:11:08.832226+00:00,DK1,3.05,22.763675,nordpool_via_energidataservice,1,"{""record_id"": ""nordpool_via_energidataservice_2025-09-21T15:00:00"", ""source"": ""nordpool_via_energidataservice"", ""passed"": true, ""warnings"": false, ""failed_gates"": [], ""gate_count"": 5, ""pass_count"": 5}",2026-07-10 18:11:08
446,2025-09-21T15:00:00,2026-07-10T18:11:08.832226+00:00,DK2,81.5,608.27525,nordpool_via_energidataservice,1,"{""record_id"": ""nordpool_via_energidataservice_2025-09-21T15:00:00"", ""source"": ""nordpool_via_energidataservice"", ""passed"": true, ""warnings"": false, ""failed_gates"": [], ""gate_count"": 5, ""pass_count"": 5}",2026-07-10 18:11:08
443,2025-09-21T16:00:00,2026-07-10T18:11:08.832226+00:00,DK1,4.3,32.09305,nordpool_via_energidataservice,1,"{""record_id"": ""nordpool_via_energidataservice_2025-09-21T16:00:00"", ""source"": ""nordpool_via_energidataservice"", ""passed"": true, ""warnings"": false, ""failed_gates"": [], ""gate_count"": 5, ""pass_count"": 5}",2026-07-10 18:11:08
444,2025-09-21T16:00:00,2026-07-10T18:11:08.832226+00:00,DK2,109.169998,814.79028,nordpool_via_energidataservice,1,"{""record_id"": ""nordpool_via_energidataservice_2025-09-21T16:00:00"", ""source"": ""nordpool_via_energidataservice"", ""passed"": true, ""warnings"": false, ""failed_gates"": [], ""gate_count"": 5, ""pass_count"": 5}",2026-07-10 18:11:08
441,2025-09-21T17:00:00,2026-07-10T18:11:08.832226+00:00,DK1,69.940002,521.997205,nordpool_via_energidataservice,1,"{""record_id"": ""nordpool_via_energidataservice_2025-09-21T17:00:00"", ""source"": ""nordpool_via_energidataservice"", ""passed"": true, ""warnings"": false, ""failed_gates"": [], ""gate_count"": 5, ""pass_count"": 5}",2026-07-10 18:11:08
442,2025-09-21T17:00:00,2026-07-10T18:11:08.832226+00:00,DK2,110.650002,825.83629,nordpool_via_energidataservice,1,"{""record_id"": ""nordpool_via_energidataservice_2025-09-21T17:00:00"", ""source"": ""nordpool_via_energidataservice"", ""passed"": true, ""warnings"": false, ""failed_gates"": [], ""gate_count"": 5, ""pass_count"": 5}",2026-07-10 18:11:08
439,2025-09-21T18:00:00,2026-07-10T18:11:08.832226+00:00,DK1,40.400002,301.525415,nordpool_via_energidataservice,1,"{""record_id"": ""nordpool_via_energidataservice_2025-09-21T18:00:00"", ""source"": ""nordpool_via_energidataservice"", ""passed"": true, ""warnings"": false, ""failed_gates"": [], ""gate_count"": 5, ""pass_count"": 5}",2026-07-10 18:11:08
440,2025-09-21T18:00:00,2026-07-10T18:11:08.832226+00:00,DK2,107.760002,804.266775,nordpool_via_energidataservice,1,"{""record_id"": ""nordpool_via_energidataservice_2025-09-21T18:00:00"", ""source"": ""nordpool_via_energidataservice"", ""passed"": true, ""warnings"": false, ""failed_gates"": [], ""gate_count"": 5, ""pass_count"": 5}",2026-07-10 18:11:08
437,2025-09-21T19:00:00,2026-07-10T18:11:08.832226+00:00,DK1,41.990002,313.39238,nordpool_via_energidataservice,1,"{""record_id"": ""nordpool_via_energidataservice_2025-09-21T19:00:00"", ""source"": ""nordpool_via_energidataservice"", ""passed"": true, ""warnings"": false, ""failed_gates"": [], ""gate_count"": 5, ""pass_count"": 5}",2026-07-10 18:11:08
438,2025-09-21T19:00:00,2026-07-10T18:11:08.832226+00:00,DK2,95.239998,710.823725,nordpool_via_energidataservice,1,"{""record_id"": ""nordpool_via_energidataservice_2025-09-21T19:00:00"", ""source"": ""nordpool_via_energidataservice"", ""passed"": true, ""warnings"": false, ""failed_gates"": [], ""gate_count"": 5, ""pass_count"": 5}",2026-07-10 18:11:08
435,2025-09-21T20:00:00,2026-07-10T18:11:08.832226+00:00,DK1,14.07,105.011445,nordpool_via_energidataservice,1,"{""record_id"": ""nordpool_via_energidataservice_2025-09-21T20:00:00"", ""source"": ""nordpool_via_energidataservice"", ""passed"": true, ""warnings"": false, ""failed_gates"": [], ""gate_count"": 5, ""pass_count"": 5}",2026-07-10 18:11:08
436,2025-09-21T20:00:00,2026-07-10T18:11:08.832226+00:00,DK2,82.010002,612.08165,nordpool_via_energidataservice,1,"{""record_id"": ""nordpool_via_energidataservice_2025-09-21T20:00:00"", ""source"": ""nordpool_via_energidataservice"", ""passed"": true, ""warnings"": false, ""failed_gates"": [], ""gate_count"": 5, ""pass_count"": 5}",2026-07-10 18:11:08
433,2025-09-21T21:00:00,2026-07-10T18:11:08.832226+00:00,DK1,20.049999,149.643168,nordpool_via_energidataservice,1,"{""record_id"": ""nordpool_via_energidataservice_2025-09-21T21:00:00"", ""source"": ""nordpool_via_energidataservice"", ""passed"": true, ""warnings"": false, ""failed_gates"": [], ""gate_count"": 5, ""pass_count"": 5}",2026-07-10 18:11:08
434,2025-09-21T21:00:00,2026-07-10T18:11:08.832226+00:00,DK2,79.760002,595.288775,nordpool_via_energidataservice,1,"{""record_id"": ""nordpool_via_energidataservice_2025-09-21T21:00:00"", ""source"": ""nordpool_via_energidataservice"", ""passed"": true, ""warnings"": false, ""failed_gates"": [], ""gate_count"": 5, ""pass_count"": 5}",2026-07-10 18:11:08
431,2025-09-21T22:00:00,2026-07-10T18:11:08.832226+00:00,DK1,3.07,22.912945,nordpool_via_energidataservice,1,"{""record_id"": ""nordpool_via_energidataservice_2025-09-21T22:00:00"", ""source"": ""nordpool_via_energidataservice"", ""passed"": true, ""warnings"": false, ""failed_gates"": [], ""gate_count"": 5, ""pass_count"": 5}",2026-07-10 18:11:08
432,2025-09-21T22:00:00,2026-07-10T18:11:08.832226+00:00,DK2,83.139999,620.515383,nordpool_via_energidataservice,1,"{""record_id"": ""nordpool_via_energidataservice_2025-09-21T22:00:00"", ""source"": ""nordpool_via_energidataservice"", ""passed"": true, ""warnings"": false, ""failed_gates"": [], ""gate_count"": 5, ""pass_count"": 5}",2026-07-10 18:11:08
429,2025-09-21T23:00:00,2026-07-10T18:11:08.832226+00:00,DK1,3.9,29.10765,nordpool_via_energidataservice,1,"{""record_id"": ""nordpool_via_energidataservice_2025-09-21T23:00:00"", ""source"": ""nordpool_via_energidataservice"", ""passed"": true, ""warnings"": false, ""failed_gates"": [], ""gate_count"": 5, ""pass_count"": 5}",2026-07-10 18:11:08
430,2025-09-21T23:00:00,2026-07-10T18:11:08.832226+00:00,DK2,79.599998,594.094585,nordpool_via_energidataservice,1,"{""record_id"": ""nordpool_via_energidataservice_2025-09-21T23:00:00"", ""source"": ""nordpool_via_energidataservice"", ""passed"": true, ""warnings"": false, ""failed_gates"": [], ""gate_count"": 5, ""pass_count"": 5}",2026-07-10 18:11:08
927,2025-09-22 00:00:00,2025-09-22 00:00:00,DK1,4.02,30.00327,energidataservice_csv,1,,2026-07-12 14:53:34
928,2025-09-22 00:00:00,2025-09-22 00:00:00,DK2,75.470001,563.270352,energidataservice_csv,1,,2026-07-12 14:53:34
925,2025-09-22 01:00:00,2025-09-22 01:00:00,DK1,4.02,30.00327,energidataservice_csv,1,,2026-07-12 14:53:34
926,2025-09-22 01:00:00,2025-09-22 01:00:00,DK2,75.470001,563.270352,energidataservice_csv,1,,2026-07-12 14:53:34
923,2025-09-22 02:00:00,2025-09-22 02:00:00,DK1,3.1,23.13685,energidataservice_csv,1,,2026-07-12 14:53:34
924,2025-09-22 02:00:00,2025-09-22 02:00:00,DK2,76.470001,570.733852,energidataservice_csv,1,,2026-07-12 14:53:34
921,2025-09-22 03:00:00,2025-09-22 03:00:00,DK1,3.34,24.92809,energidataservice_csv,1,,2026-07-12 14:53:34
922,2025-09-22 03:00:00,2025-09-22 03:00:00,DK2,89.080002,664.848595,energidataservice_csv,1,,2026-07-12 14:53:34
919,2025-09-22 04:00:00,2025-09-22 04:00:00,DK1,5.92,44.18392,energidataservice_csv,1,,2026-07-12 14:53:34
920,2025-09-22 04:00:00,2025-09-22 04:00:00,DK2,113.080002,843.972595,energidataservice_csv,1,,2026-07-12 14:53:34
917,2025-09-22 05:00:00,2025-09-22 05:00:00,DK1,50.0,373.175,energidataservice_csv,1,,2026-07-12 14:53:34
918,2025-09-22 05:00:00,2025-09-22 05:00:00,DK2,128.210007,956.895387,energidataservice_csv,1,,2026-07-12 14:53:34
915,2025-09-22 06:00:00,2025-09-22 06:00:00,DK1,100.720001,751.723727,energidataservice_csv,1,,2026-07-12 14:53:34
916,2025-09-22 06:00:00,2025-09-22 06:00:00,DK2,128.220001,956.969977,energidataservice_csv,1,,2026-07-12 14:53:34
913,2025-09-22 07:00:00,2025-09-22 07:00:00,DK1,22.719999,169.570713,energidataservice_csv,1,,2026-07-12 14:53:34
914,2025-09-22 07:00:00,2025-09-22 07:00:00,DK2,94.730003,707.017377,energidataservice_csv,1,,2026-07-12 14:53:34
911,2025-09-22 08:00:00,2025-09-22 08:00:00,DK1,4.4,32.8394,energidataservice_csv,1,,2026-07-12 14:53:34
912,2025-09-22 08:00:00,2025-09-22 08:00:00,DK2,89.779999,670.073023,energidataservice_csv,1,,2026-07-12 14:53:34
909,2025-09-22 09:00:00,2025-09-22 09:00:00,DK1,3.02,22.53977,energidataservice_csv,1,,2026-07-12 14:53:34
910,2025-09-22 09:00:00,2025-09-22 09:00:00,DK2,76.239998,569.017225,energidataservice_csv,1,,2026-07-12 14:53:34
907,2025-09-22 10:00:00,2025-09-22 10:00:00,DK1,2.31,17.240685,energidataservice_csv,1,,2026-07-12 14:53:34
908,2025-09-22 10:00:00,2025-09-22 10:00:00,DK2,72.459999,540.805203,energidataservice_csv,1,,2026-07-12 14:53:34
905,2025-09-22 11:00:00,2025-09-22 11:00:00,DK1,2.4,17.9124,energidataservice_csv,1,,2026-07-12 14:53:34
906,2025-09-22 11:00:00,2025-09-22 11:00:00,DK2,69.629997,519.683483,energidataservice_csv,1,,2026-07-12 14:53:34
903,2025-09-22 12:00:00,2025-09-22 12:00:00,DK1,3.03,22.614405,energidataservice_csv,1,,2026-07-12 14:53:34
904,2025-09-22 12:00:00,2025-09-22 12:00:00,DK2,68.730003,512.966377,energidataservice_csv,1,,2026-07-12 14:53:34
901,2025-09-22 13:00:00,2025-09-22 13:00:00,DK1,2.4,17.9124,energidataservice_csv,1,,2026-07-12 14:53:34
902,2025-09-22 13:00:00,2025-09-22 13:00:00,DK2,76.260002,569.166525,energidataservice_csv,1,,2026-07-12 14:53:34
899,2025-09-22 14:00:00,2025-09-22 14:00:00,DK1,3.06,22.83831,energidataservice_csv,1,,2026-07-12 14:53:34
900,2025-09-22 14:00:00,2025-09-22 14:00:00,DK2,82.410004,615.067065,energidataservice_csv,1,,2026-07-12 14:53:34
897,2025-09-22 15:00:00,2025-09-22 15:00:00,DK1,77.910004,581.481315,energidataservice_csv,1,,2026-07-12 14:53:34
898,2025-09-22 15:00:00,2025-09-22 15:00:00,DK2,98.800003,737.393822,energidataservice_csv,1,,2026-07-12 14:53:34
895,2025-09-22 16:00:00,2025-09-22 16:00:00,DK1,128.080002,955.925095,energidataservice_csv,1,,2026-07-12 14:53:34
896,2025-09-22 16:00:00,2025-09-22 16:00:00,DK2,127.889999,954.507008,energidataservice_csv,1,,2026-07-12 14:53:34
893,2025-09-22 17:00:00,2025-09-22 17:00:00,DK1,140.919998,1051.756405,energidataservice_csv,1,,2026-07-12 14:53:34
894,2025-09-22 17:00:00,2025-09-22 17:00:00,DK2,140.669998,1049.89053,energidataservice_csv,1,,2026-07-12 14:53:34
891,2025-09-22 18:00:00,2025-09-22 18:00:00,DK1,130.0,970.255,energidataservice_csv,1,,2026-07-12 14:53:34
892,2025-09-22 18:00:00,2025-09-22 18:00:00,DK2,129.770004,968.538425,energidataservice_csv,1,,2026-07-12 14:53:34
889,2025-09-22 19:00:00,2025-09-22 19:00:00,DK1,114.239998,852.630225,energidataservice_csv,1,,2026-07-12 14:53:34
890,2025-09-22 19:00:00,2025-09-22 19:00:00,DK2,113.93,850.316555,energidataservice_csv,1,,2026-07-12 14:53:34
887,2025-09-22 20:00:00,2025-09-22 20:00:00,DK1,97.720001,729.333227,energidataservice_csv,1,,2026-07-12 14:53:34
888,2025-09-22 20:00:00,2025-09-22 20:00:00,DK2,97.470001,727.467352,energidataservice_csv,1,,2026-07-12 14:53:34
885,2025-09-22 21:00:00,2025-09-22 21:00:00,DK1,89.989998,671.64035,energidataservice_csv,1,,2026-07-12 14:53:34
886,2025-09-22 21:00:00,2025-09-22 21:00:00,DK2,89.730003,669.699877,energidataservice_csv,1,,2026-07-12 14:53:34
883,2025-09-22 22:00:00,2025-09-22 22:00:00,DK1,88.599998,661.336965,energidataservice_csv,1,,2026-07-12 14:53:34
884,2025-09-22 22:00:00,2025-09-22 22:00:00,DK2,88.290001,659.023054,energidataservice_csv,1,,2026-07-12 14:53:34
881,2025-09-22 23:00:00,2025-09-22 23:00:00,DK1,90.0,671.787,energidataservice_csv,1,,2026-07-12 14:53:34
882,2025-09-22 23:00:00,2025-09-22 23:00:00,DK2,89.730003,669.771661,energidataservice_csv,1,,2026-07-12 14:53:34
427,2025-09-22T00:00:00,2026-07-10T18:11:08.832226+00:00,DK1,4.02,30.00327,nordpool_via_energidataservice,1,"{""record_id"": ""nordpool_via_energidataservice_2025-09-22T00:00:00"", ""source"": ""nordpool_via_energidataservice"", ""passed"": true, ""warnings"": false, ""failed_gates"": [], ""gate_count"": 5, ""pass_count"": 5}",2026-07-10 18:11:08
428,2025-09-22T00:00:00,2026-07-10T18:11:08.832226+00:00,DK2,75.470001,563.270352,nordpool_via_energidataservice,1,"{""record_id"": ""nordpool_via_energidataservice_2025-09-22T00:00:00"", ""source"": ""nordpool_via_energidataservice"", ""passed"": true, ""warnings"": false, ""failed_gates"": [], ""gate_count"": 5, ""pass_count"": 5}",2026-07-10 18:11:08
425,2025-09-22T01:00:00,2026-07-10T18:11:08.832226+00:00,DK1,4.02,30.00327,nordpool_via_energidataservice,1,"{""record_id"": ""nordpool_via_energidataservice_2025-09-22T01:00:00"", ""source"": ""nordpool_via_energidataservice"", ""passed"": true, ""warnings"": false, ""failed_gates"": [], ""gate_count"": 5, ""pass_count"": 5}",2026-07-10 18:11:08
426,2025-09-22T01:00:00,2026-07-10T18:11:08.832226+00:00,DK2,75.470001,563.270352,nordpool_via_energidataservice,1,"{""record_id"": ""nordpool_via_energidataservice_2025-09-22T01:00:00"", ""source"": ""nordpool_via_energidataservice"", ""passed"": true, ""warnings"": false, ""failed_gates"": [], ""gate_count"": 5, ""pass_count"": 5}",2026-07-10 18:11:08
423,2025-09-22T02:00:00,2026-07-10T18:11:08.832226+00:00,DK1,3.1,23.13685,nordpool_via_energidataservice,1,"{""record_id"": ""nordpool_via_energidataservice_2025-09-22T02:00:00"", ""source"": ""nordpool_via_energidataservice"", ""passed"": true, ""warnings"": false, ""failed_gates"": [], ""gate_count"": 5, ""pass_count"": 5}",2026-07-10 18:11:08
424,2025-09-22T02:00:00,2026-07-10T18:11:08.832226+00:00,DK2,76.470001,570.733852,nordpool_via_energidataservice,1,"{""record_id"": ""nordpool_via_energidataservice_2025-09-22T02:00:00"", ""source"": ""nordpool_via_energidataservice"", ""passed"": true, ""warnings"": false, ""failed_gates"": [], ""gate_count"": 5, ""pass_count"": 5}",2026-07-10 18:11:08
421,2025-09-22T03:00:00,2026-07-10T18:11:08.832226+00:00,DK1,3.34,24.92809,nordpool_via_energidataservice,1,"{""record_id"": ""nordpool_via_energidataservice_2025-09-22T03:00:00"", ""source"": ""nordpool_via_energidataservice"", ""passed"": true, ""warnings"": false, ""failed_gates"": [], ""gate_count"": 5, ""pass_count"": 5}",2026-07-10 18:11:08
422,2025-09-22T03:00:00,2026-07-10T18:11:08.832226+00:00,DK2,89.080002,664.848595,nordpool_via_energidataservice,1,"{""record_id"": ""nordpool_via_energidataservice_2025-09-22T03:00:00"", ""source"": ""nordpool_via_energidataservice"", ""passed"": true, ""warnings"": false, ""failed_gates"": [], ""gate_count"": 5, ""pass_count"": 5}",2026-07-10 18:11:08
419,2025-09-22T04:00:00,2026-07-10T18:11:08.832226+00:00,DK1,5.92,44.18392,nordpool_via_energidataservice,1,"{""record_id"": ""nordpool_via_energidataservice_2025-09-22T04:00:00"", ""source"": ""nordpool_via_energidataservice"", ""passed"": true, ""warnings"": false, ""failed_gates"": [], ""gate_count"": 5, ""pass_count"": 5}",2026-07-10 18:11:08
420,2025-09-22T04:00:00,2026-07-10T18:11:08.832226+00:00,DK2,113.080002,843.972595,nordpool_via_energidataservice,1,"{""record_id"": ""nordpool_via_energidataservice_2025-09-22T04:00:00"", ""source"": ""nordpool_via_energidataservice"", ""passed"": true, ""warnings"": false, ""failed_gates"": [], ""gate_count"": 5, ""pass_count"": 5}",2026-07-10 18:11:08
417,2025-09-22T05:00:00,2026-07-10T18:11:08.832226+00:00,DK1,50.0,373.175,nordpool_via_energidataservice,1,"{""record_id"": ""nordpool_via_energidataservice_2025-09-22T05:00:00"", ""source"": ""nordpool_via_energidataservice"", ""passed"": true, ""warnings"": false, ""failed_gates"": [], ""gate_count"": 5, ""pass_count"": 5}",2026-07-10 18:11:08
418,2025-09-22T05:00:00,2026-07-10T18:11:08.832226+00:00,DK2,128.210007,956.895387,nordpool_via_energidataservice,1,"{""record_id"": ""nordpool_via_energidataservice_2025-09-22T05:00:00"", ""source"": ""nordpool_via_energidataservice"", ""passed"": true, ""warnings"": false, ""failed_gates"": [], ""gate_count"": 5, ""pass_count"": 5}",2026-07-10 18:11:08
415,2025-09-22T06:00:00,2026-07-10T18:11:08.832226+00:00,DK1,100.720001,751.723727,nordpool_via_energidataservice,1,"{""record_id"": ""nordpool_via_energidataservice_2025-09-22T06:00:00"", ""source"": ""nordpool_via_energidataservice"", ""passed"": true, ""warnings"": false, ""failed_gates"": [], ""gate_count"": 5, ""pass_count"": 5}",2026-07-10 18:11:08
416,2025-09-22T06:00:00,2026-07-10T18:11:08.832226+00:00,DK2,128.220001,956.969977,nordpool_via_energidataservice,1,"{""record_id"": ""nordpool_via_energidataservice_2025-09-22T06:00:00"", ""source"": ""nordpool_via_energidataservice"", ""passed"": true, ""warnings"": false, ""failed_gates"": [], ""gate_count"": 5, ""pass_count"": 5}",2026-07-10 18:11:08
413,2025-09-22T07:00:00,2026-07-10T18:11:08.832226+00:00,DK1,22.719999,169.570713,nordpool_via_energidataservice,1,"{""record_id"": ""nordpool_via_energidataservice_2025-09-22T07:00:00"", ""source"": ""nordpool_via_energidataservice"", ""passed"": true, ""warnings"": false, ""failed_gates"": [], ""gate_count"": 5, ""pass_count"": 5}",2026-07-10 18:11:08
414,2025-09-22T07:00:00,2026-07-10T18:11:08.832226+00:00,DK2,94.730003,707.017377,nordpool_via_energidataservice,1,"{""record_id"": ""nordpool_via_energidataservice_2025-09-22T07:00:00"", ""source"": ""nordpool_via_energidataservice"", ""passed"": true, ""warnings"": false, ""failed_gates"": [], ""gate_count"": 5, ""pass_count"": 5}",2026-07-10 18:11:08
411,2025-09-22T08:00:00,2026-07-10T18:11:08.832226+00:00,DK1,4.4,32.8394,nordpool_via_energidataservice,1,"{""record_id"": ""nordpool_via_energidataservice_2025-09-22T08:00:00"", ""source"": ""nordpool_via_energidataservice"", ""passed"": true, ""warnings"": false, ""failed_gates"": [], ""gate_count"": 5, ""pass_count"": 5}",2026-07-10 18:11:08
412,2025-09-22T08:00:00,2026-07-10T18:11:08.832226+00:00,DK2,89.779999,670.073023,nordpool_via_energidataservice,1,"{""record_id"": ""nordpool_via_energidataservice_2025-09-22T08:00:00"", ""source"": ""nordpool_via_energidataservice"", ""passed"": true, ""warnings"": false, ""failed_gates"": [], ""gate_count"": 5, ""pass_count"": 5}",2026-07-10 18:11:08
409,2025-09-22T09:00:00,2026-07-10T18:11:08.832226+00:00,DK1,3.02,22.53977,nordpool_via_energidataservice,1,"{""record_id"": ""nordpool_via_energidataservice_2025-09-22T09:00:00"", ""source"": ""nordpool_via_energidataservice"", ""passed"": true, ""warnings"": false, ""failed_gates"": [], ""gate_count"": 5, ""pass_count"": 5}",2026-07-10 18:11:08
410,2025-09-22T09:00:00,2026-07-10T18:11:08.832226+00:00,DK2,76.239998,569.017225,nordpool_via_energidataservice,1,"{""record_id"": ""nordpool_via_energidataservice_2025-09-22T09:00:00"", ""source"": ""nordpool_via_energidataservice"", ""passed"": true, ""warnings"": false, ""failed_gates"": [], ""gate_count"": 5, ""pass_count"": 5}",2026-07-10 18:11:08
407,2025-09-22T10:00:00,2026-07-10T18:11:08.832226+00:00,DK1,2.31,17.240685,nordpool_via_energidataservice,1,"{""record_id"": ""nordpool_via_energidataservice_2025-09-22T10:00:00"", ""source"": ""nordpool_via_energidataservice"", ""passed"": true, ""warnings"": false, ""failed_gates"": [], ""gate_count"": 5, ""pass_count"": 5}",2026-07-10 18:11:08
408,2025-09-22T10:00:00,2026-07-10T18:11:08.832226+00:00,DK2,72.459999,540.805203,nordpool_via_energidataservice,1,"{""record_id"": ""nordpool_via_energidataservice_2025-09-22T10:00:00"", ""source"": ""nordpool_via_energidataservice"", ""passed"": true, ""warnings"": false, ""failed_gates"": [], ""gate_count"": 5, ""pass_count"": 5}",2026-07-10 18:11:08
405,2025-09-22T11:00:00,2026-07-10T18:11:08.832226+00:00,DK1,2.4,17.9124,nordpool_via_energidataservice,1,"{""record_id"": ""nordpool_via_energidataservice_2025-09-22T11:00:00"", ""source"": ""nordpool_via_energidataservice"", ""passed"": true, ""warnings"": false, ""failed_gates"": [], ""gate_count"": 5, ""pass_count"": 5}",2026-07-10 18:11:08
406,2025-09-22T11:00:00,2026-07-10T18:11:08.832226+00:00,DK2,69.629997,519.683483,nordpool_via_energidataservice,1,"{""record_id"": ""nordpool_via_energidataservice_2025-09-22T11:00:00"", ""source"": ""nordpool_via_energidataservice"", ""passed"": true, ""warnings"": false, ""failed_gates"": [], ""gate_count"": 5, ""pass_count"": 5}",2026-07-10 18:11:08
403,2025-09-22T12:00:00,2026-07-10T18:11:08.832226+00:00,DK1,3.03,22.614405,nordpool_via_energidataservice,1,"{""record_id"": ""nordpool_via_energidataservice_2025-09-22T12:00:00"", ""source"": ""nordpool_via_energidataservice"", ""passed"": true, ""warnings"": false, ""failed_gates"": [], ""gate_count"": 5, ""pass_count"": 5}",2026-07-10 18:11:08
404,2025-09-22T12:00:00,2026-07-10T18:11:08.832226+00:00,DK2,68.730003,512.966377,nordpool_via_energidataservice,1,"{""record_id"": ""nordpool_via_energidataservice_2025-09-22T12:00:00"", ""source"": ""nordpool_via_energidataservice"", ""passed"": true, ""warnings"": false, ""failed_gates"": [], ""gate_count"": 5, ""pass_count"": 5}",2026-07-10 18:11:08
401,2025-09-22T13:00:00,2026-07-10T18:11:08.832226+00:00,DK1,2.4,17.9124,nordpool_via_energidataservice,1,"{""record_id"": ""nordpool_via_energidataservice_2025-09-22T13:00:00"", ""source"": ""nordpool_via_energidataservice"", ""passed"": true, ""warnings"": false, ""failed_gates"": [], ""gate_count"": 5, ""pass_count"": 5}",2026-07-10 18:11:08
402,2025-09-22T13:00:00,2026-07-10T18:11:08.832226+00:00,DK2,76.260002,569.166525,nordpool_via_energidataservice,1,"{""record_id"": ""nordpool_via_energidataservice_2025-09-22T13:00:00"", ""source"": ""nordpool_via_energidataservice"", ""passed"": true, ""warnings"": false, ""failed_gates"": [], ""gate_count"": 5, ""pass_count"": 5}",2026-07-10 18:11:08
399,2025-09-22T14:00:00,2026-07-10T18:11:08.832226+00:00,DK1,3.06,22.83831,nordpool_via_energidataservice,1,"{""record_id"": ""nordpool_via_energidataservice_2025-09-22T14:00:00"", ""source"": ""nordpool_via_energidataservice"", ""passed"": true, ""warnings"": false, ""failed_gates"": [], ""gate_count"": 5, ""pass_count"": 5}",2026-07-10 18:11:08
400,2025-09-22T14:00:00,2026-07-10T18:11:08.832226+00:00,DK2,82.410004,615.067065,nordpool_via_energidataservice,1,"{""record_id"": ""nordpool_via_energidataservice_2025-09-22T14:00:00"", ""source"": ""nordpool_via_energidataservice"", ""passed"": true, ""warnings"": false, ""failed_gates"": [], ""gate_count"": 5, ""pass_count"": 5}",2026-07-10 18:11:08
397,2025-09-22T15:00:00,2026-07-10T18:11:08.832226+00:00,DK1,77.910004,581.481315,nordpool_via_energidataservice,1,"{""record_id"": ""nordpool_via_energidataservice_2025-09-22T15:00:00"", ""source"": ""nordpool_via_energidataservice"", ""passed"": true, ""warnings"": false, ""failed_gates"": [], ""gate_count"": 5, ""pass_count"": 5}",2026-07-10 18:11:08
398,2025-09-22T15:00:00,2026-07-10T18:11:08.832226+00:00,DK2,98.800003,737.393822,nordpool_via_energidataservice,1,"{""record_id"": ""nordpool_via_energidataservice_2025-09-22T15:00:00"", ""source"": ""nordpool_via_energidataservice"", ""passed"": true, ""warnings"": false, ""failed_gates"": [], ""gate_count"": 5, ""pass_count"": 5}",2026-07-10 18:11:08
395,2025-09-22T16:00:00,2026-07-10T18:11:08.832226+00:00,DK1,128.080002,955.925095,nordpool_via_energidataservice,1,"{""record_id"": ""nordpool_via_energidataservice_2025-09-22T16:00:00"", ""source"": ""nordpool_via_energidataservice"", ""passed"": true, ""warnings"": false, ""failed_gates"": [], ""gate_count"": 5, ""pass_count"": 5}",2026-07-10 18:11:08
396,2025-09-22T16:00:00,2026-07-10T18:11:08.832226+00:00,DK2,127.889999,954.507008,nordpool_via_energidataservice,1,"{""record_id"": ""nordpool_via_energidataservice_2025-09-22T16:00:00"", ""source"": ""nordpool_via_energidataservice"", ""passed"": true, ""warnings"": false, ""failed_gates"": [], ""gate_count"": 5, ""pass_count"": 5}",2026-07-10 18:11:08
393,2025-09-22T17:00:00,2026-07-10T18:11:08.832226+00:00,DK1,140.919998,1051.756405,nordpool_via_energidataservice,1,"{""record_id"": ""nordpool_via_energidataservice_2025-09-22T17:00:00"", ""source"": ""nordpool_via_energidataservice"", ""passed"": true, ""warnings"": false, ""failed_gates"": [], ""gate_count"": 5, ""pass_count"": 5}",2026-07-10 18:11:08
394,2025-09-22T17:00:00,2026-07-10T18:11:08.832226+00:00,DK2,140.669998,1049.89053,nordpool_via_energidataservice,1,"{""record_id"": ""nordpool_via_energidataservice_2025-09-22T17:00:00"", ""source"": ""nordpool_via_energidataservice"", ""passed"": true, ""warnings"": false, ""failed_gates"": [], ""gate_count"": 5, ""pass_count"": 5}",2026-07-10 18:11:08
391,2025-09-22T18:00:00,2026-07-10T18:11:08.832226+00:00,DK1,130.0,970.255,nordpool_via_energidataservice,1,"{""record_id"": ""nordpool_via_energidataservice_2025-09-22T18:00:00"", ""source"": ""nordpool_via_energidataservice"", ""passed"": true, ""warnings"": false, ""failed_gates"": [], ""gate_count"": 5, ""pass_count"": 5}",2026-07-10 18:11:08
392,2025-09-22T18:00:00,2026-07-10T18:11:08.832226+00:00,DK2,129.770004,968.538425,nordpool_via_energidataservice,1,"{""record_id"": ""nordpool_via_energidataservice_2025-09-22T18:00:00"", ""source"": ""nordpool_via_energidataservice"", ""passed"": true, ""warnings"": false, ""failed_gates"": [], ""gate_count"": 5, ""pass_count"": 5}",2026-07-10 18:11:08
389,2025-09-22T19:00:00,2026-07-10T18:11:08.832226+00:00,DK1,114.239998,852.630225,nordpool_via_energidataservice,1,"{""record_id"": ""nordpool_via_energidataservice_2025-09-22T19:00:00"", ""source"": ""nordpool_via_energidataservice"", ""passed"": true, ""warnings"": false, ""failed_gates"": [], ""gate_count"": 5, ""pass_count"": 5}",2026-07-10 18:11:08
390,2025-09-22T19:00:00,2026-07-10T18:11:08.832226+00:00,DK2,113.93,850.316555,nordpool_via_energidataservice,1,"{""record_id"": ""nordpool_via_energidataservice_2025-09-22T19:00:00"", ""source"": ""nordpool_via_energidataservice"", ""passed"": true, ""warnings"": false, ""failed_gates"": [], ""gate_count"": 5, ""pass_count"": 5}",2026-07-10 18:11:08
387,2025-09-22T20:00:00,2026-07-10T18:11:08.832226+00:00,DK1,97.720001,729.333227,nordpool_via_energidataservice,1,"{""record_id"": ""nordpool_via_energidataservice_2025-09-22T20:00:00"", ""source"": ""nordpool_via_energidataservice"", ""passed"": true, ""warnings"": false, ""failed_gates"": [], ""gate_count"": 5, ""pass_count"": 5}",2026-07-10 18:11:08
388,2025-09-22T20:00:00,2026-07-10T18:11:08.832226+00:00,DK2,97.470001,727.467352,nordpool_via_energidataservice,1,"{""record_id"": ""nordpool_via_energidataservice_2025-09-22T20:00:00"", ""source"": ""nordpool_via_energidataservice"", ""passed"": true, ""warnings"": false, ""failed_gates"": [], ""gate_count"": 5, ""pass_count"": 5}",2026-07-10 18:11:08
385,2025-09-22T21:00:00,2026-07-10T18:11:08.832226+00:00,DK1,89.989998,671.64035,nordpool_via_energidataservice,1,"{""record_id"": ""nordpool_via_energidataservice_2025-09-22T21:00:00"", ""source"": ""nordpool_via_energidataservice"", ""passed"": true, ""warnings"": false, ""failed_gates"": [], ""gate_count"": 5, ""pass_count"": 5}",2026-07-10 18:11:08
386,2025-09-22T21:00:00,2026-07-10T18:11:08.832226+00:00,DK2,89.730003,669.699877,nordpool_via_energidataservice,1,"{""record_id"": ""nordpool_via_energidataservice_2025-09-22T21:00:00"", ""source"": ""nordpool_via_energidataservice"", ""passed"": true, ""warnings"": false, ""failed_gates"": [], ""gate_count"": 5, ""pass_count"": 5}",2026-07-10 18:11:08
383,2025-09-22T22:00:00,2026-07-10T18:11:08.832226+00:00,DK1,88.599998,661.336965,nordpool_via_energidataservice,1,"{""record_id"": ""nordpool_via_energidataservice_2025-09-22T22:00:00"", ""source"": ""nordpool_via_energidataservice"", ""passed"": true, ""warnings"": false, ""failed_gates"": [], ""gate_count"": 5, ""pass_count"": 5}",2026-07-10 18:11:08
384,2025-09-22T22:00:00,2026-07-10T18:11:08.832226+00:00,DK2,88.290001,659.023054,nordpool_via_energidataservice,1,"{""record_id"": ""nordpool_via_energidataservice_2025-09-22T22:00:00"", ""source"": ""nordpool_via_energidataservice"", ""passed"": true, ""warnings"": false, ""failed_gates"": [], ""gate_count"": 5, ""pass_count"": 5}",2026-07-10 18:11:08
381,2025-09-22T23:00:00,2026-07-10T18:11:08.832226+00:00,DK1,90.0,671.787,nordpool_via_energidataservice,1,"{""record_id"": ""nordpool_via_energidataservice_2025-09-22T23:00:00"", ""source"": ""nordpool_via_energidataservice"", ""passed"": true, ""warnings"": false, ""failed_gates"": [], ""gate_count"": 5, ""pass_count"": 5}",2026-07-10 18:11:08
382,2025-09-22T23:00:00,2026-07-10T18:11:08.832226+00:00,DK2,89.730003,669.771661,nordpool_via_energidataservice,1,"{""record_id"": ""nordpool_via_energidataservice_2025-09-22T23:00:00"", ""source"": ""nordpool_via_energidataservice"", ""passed"": true, ""warnings"": false, ""failed_gates"": [], ""gate_count"": 5, ""pass_count"": 5}",2026-07-10 18:11:08
879,2025-09-23 00:00:00,2025-09-23 00:00:00,DK1,89.730003,669.771661,energidataservice_csv,1,,2026-07-12 14:53:34
880,2025-09-23 00:00:00,2025-09-23 00:00:00,DK2,89.470001,667.830928,energidataservice_csv,1,,2026-07-12 14:53:34
877,2025-09-23 01:00:00,2025-09-23 01:00:00,DK1,89.93,671.264499,energidataservice_csv,1,,2026-07-12 14:53:34
878,2025-09-23 01:00:00,2025-09-23 01:00:00,DK2,89.669998,669.323766,energidataservice_csv,1,,2026-07-12 14:53:34
875,2025-09-23 02:00:00,2025-09-23 02:00:00,DK1,91.339996,681.789132,energidataservice_csv,1,,2026-07-12 14:53:34
876,2025-09-23 02:00:00,2025-09-23 02:00:00,DK2,91.07,679.773801,energidataservice_csv,1,,2026-07-12 14:53:34
873,2025-09-23 03:00:00,2025-09-23 03:00:00,DK1,98.110001,732.32248,energidataservice_csv,1,,2026-07-12 14:53:34
874,2025-09-23 03:00:00,2025-09-23 03:00:00,DK2,97.879997,730.605662,energidataservice_csv,1,,2026-07-12 14:53:34
871,2025-09-23 04:00:00,2025-09-23 04:00:00,DK1,122.010002,910.719258,energidataservice_csv,1,,2026-07-12 14:53:34
872,2025-09-23 04:00:00,2025-09-23 04:00:00,DK2,122.0,910.6446,energidataservice_csv,1,,2026-07-12 14:53:34
869,2025-09-23 05:00:00,2025-09-23 05:00:00,DK1,172.360001,1286.546755,energidataservice_csv,1,,2026-07-12 14:53:34
870,2025-09-23 05:00:00,2025-09-23 05:00:00,DK2,172.339996,1286.397432,energidataservice_csv,1,,2026-07-12 14:53:34
867,2025-09-23 06:00:00,2025-09-23 06:00:00,DK1,162.800003,1215.188062,energidataservice_csv,1,,2026-07-12 14:53:34
868,2025-09-23 06:00:00,2025-09-23 06:00:00,DK2,162.649994,1214.06835,energidataservice_csv,1,,2026-07-12 14:53:34
865,2025-09-23 07:00:00,2025-09-23 07:00:00,DK1,125.760002,938.710383,energidataservice_csv,1,,2026-07-12 14:53:34
866,2025-09-23 07:00:00,2025-09-23 07:00:00,DK2,125.599998,937.516065,energidataservice_csv,1,,2026-07-12 14:53:34
863,2025-09-23 08:00:00,2025-09-23 08:00:00,DK1,93.919998,701.047041,energidataservice_csv,1,,2026-07-12 14:53:34
864,2025-09-23 08:00:00,2025-09-23 08:00:00,DK2,93.730003,699.628861,energidataservice_csv,1,,2026-07-12 14:53:34
861,2025-09-23 09:00:00,2025-09-23 09:00:00,DK1,85.510002,638.272308,energidataservice_csv,1,,2026-07-12 14:53:34
862,2025-09-23 09:00:00,2025-09-23 09:00:00,DK2,85.330002,636.928734,energidataservice_csv,1,,2026-07-12 14:53:34
859,2025-09-23 10:00:00,2025-09-23 10:00:00,DK1,77.540001,578.781829,energidataservice_csv,1,,2026-07-12 14:53:34
860,2025-09-23 10:00:00,2025-09-23 10:00:00,DK2,77.379997,577.587512,energidataservice_csv,1,,2026-07-12 14:53:34
857,2025-09-23 11:00:00,2025-09-23 11:00:00,DK1,74.239998,554.149617,energidataservice_csv,1,,2026-07-12 14:53:34
858,2025-09-23 11:00:00,2025-09-23 11:00:00,DK2,74.099998,553.104615,energidataservice_csv,1,,2026-07-12 14:53:34
855,2025-09-23 12:00:00,2025-09-23 12:00:00,DK1,74.25,554.224275,energidataservice_csv,1,,2026-07-12 14:53:34
856,2025-09-23 12:00:00,2025-09-23 12:00:00,DK2,74.110001,553.17928,energidataservice_csv,1,,2026-07-12 14:53:34
853,2025-09-23 13:00:00,2025-09-23 13:00:00,DK1,84.110001,627.82228,energidataservice_csv,1,,2026-07-12 14:53:34
854,2025-09-23 13:00:00,2025-09-23 13:00:00,DK2,83.910004,626.329443,energidataservice_csv,1,,2026-07-12 14:53:34
851,2025-09-23 14:00:00,2025-09-23 14:00:00,DK1,85.760002,640.138383,energidataservice_csv,1,,2026-07-12 14:53:34
852,2025-09-23 14:00:00,2025-09-23 14:00:00,DK2,85.639999,639.242645,energidataservice_csv,1,,2026-07-12 14:53:34
849,2025-09-23 15:00:00,2025-09-23 15:00:00,DK1,102.900002,768.076485,energidataservice_csv,1,,2026-07-12 14:53:34
850,2025-09-23 15:00:00,2025-09-23 15:00:00,DK2,102.900002,768.076485,energidataservice_csv,1,,2026-07-12 14:53:34
847,2025-09-23 16:00:00,2025-09-23 16:00:00,DK1,136.830002,1021.340184,energidataservice_csv,1,,2026-07-12 14:53:34
848,2025-09-23 16:00:00,2025-09-23 16:00:00,DK2,136.830002,1021.340184,energidataservice_csv,1,,2026-07-12 14:53:34
845,2025-09-23 17:00:00,2025-09-23 17:00:00,DK1,149.580002,1116.510009,energidataservice_csv,1,,2026-07-12 14:53:34
846,2025-09-23 17:00:00,2025-09-23 17:00:00,DK2,149.580002,1116.510009,energidataservice_csv,1,,2026-07-12 14:53:34
843,2025-09-23 18:00:00,2025-09-23 18:00:00,DK1,115.82,864.515226,energidataservice_csv,1,,2026-07-12 14:53:34
844,2025-09-23 18:00:00,2025-09-23 18:00:00,DK2,115.82,864.515226,energidataservice_csv,1,,2026-07-12 14:53:34
841,2025-09-23 19:00:00,2025-09-23 19:00:00,DK1,94.019997,701.793464,energidataservice_csv,1,,2026-07-12 14:53:34
842,2025-09-23 19:00:00,2025-09-23 19:00:00,DK2,93.970001,701.420278,energidataservice_csv,1,,2026-07-12 14:53:34
839,2025-09-23 20:00:00,2025-09-23 20:00:00,DK1,84.910004,633.793743,energidataservice_csv,1,,2026-07-12 14:53:34
840,2025-09-23 20:00:00,2025-09-23 20:00:00,DK2,84.690002,632.151582,energidataservice_csv,1,,2026-07-12 14:53:34
837,2025-09-23 21:00:00,2025-09-23 21:00:00,DK1,84.099998,627.747615,energidataservice_csv,1,,2026-07-12 14:53:34
838,2025-09-23 21:00:00,2025-09-23 21:00:00,DK2,83.889999,626.18012,energidataservice_csv,1,,2026-07-12 14:53:34
835,2025-09-23 22:00:00,2025-09-23 22:00:00,DK1,82.669998,617.040598,energidataservice_csv,1,,2026-07-12 14:53:34
836,2025-09-23 22:00:00,2025-09-23 22:00:00,DK2,82.650002,616.89135,energidataservice_csv,1,,2026-07-12 14:53:34
833,2025-09-23 23:00:00,2025-09-23 23:00:00,DK1,82.32,614.428248,energidataservice_csv,1,,2026-07-12 14:53:34
834,2025-09-23 23:00:00,2025-09-23 23:00:00,DK2,82.290001,614.204338,energidataservice_csv,1,,2026-07-12 14:53:34
379,2025-09-23T00:00:00,2026-07-10T18:11:08.832226+00:00,DK1,89.730003,669.771661,nordpool_via_energidataservice,1,"{""record_id"": ""nordpool_via_energidataservice_2025-09-23T00:00:00"", ""source"": ""nordpool_via_energidataservice"", ""passed"": true, ""warnings"": false, ""failed_gates"": [], ""gate_count"": 5, ""pass_count"": 5}",2026-07-10 18:11:08
380,2025-09-23T00:00:00,2026-07-10T18:11:08.832226+00:00,DK2,89.470001,667.830928,nordpool_via_energidataservice,1,"{""record_id"": ""nordpool_via_energidataservice_2025-09-23T00:00:00"", ""source"": ""nordpool_via_energidataservice"", ""passed"": true, ""warnings"": false, ""failed_gates"": [], ""gate_count"": 5, ""pass_count"": 5}",2026-07-10 18:11:08
377,2025-09-23T01:00:00,2026-07-10T18:11:08.832226+00:00,DK1,89.93,671.264499,nordpool_via_energidataservice,1,"{""record_id"": ""nordpool_via_energidataservice_2025-09-23T01:00:00"", ""source"": ""nordpool_via_energidataservice"", ""passed"": true, ""warnings"": false, ""failed_gates"": [], ""gate_count"": 5, ""pass_count"": 5}",2026-07-10 18:11:08
378,2025-09-23T01:00:00,2026-07-10T18:11:08.832226+00:00,DK2,89.669998,669.323766,nordpool_via_energidataservice,1,"{""record_id"": ""nordpool_via_energidataservice_2025-09-23T01:00:00"", ""source"": ""nordpool_via_energidataservice"", ""passed"": true, ""warnings"": false, ""failed_gates"": [], ""gate_count"": 5, ""pass_count"": 5}",2026-07-10 18:11:08
375,2025-09-23T02:00:00,2026-07-10T18:11:08.832226+00:00,DK1,91.339996,681.789132,nordpool_via_energidataservice,1,"{""record_id"": ""nordpool_via_energidataservice_2025-09-23T02:00:00"", ""source"": ""nordpool_via_energidataservice"", ""passed"": true, ""warnings"": false, ""failed_gates"": [], ""gate_count"": 5, ""pass_count"": 5}",2026-07-10 18:11:08
376,2025-09-23T02:00:00,2026-07-10T18:11:08.832226+00:00,DK2,91.07,679.773801,nordpool_via_energidataservice,1,"{""record_id"": ""nordpool_via_energidataservice_2025-09-23T02:00:00"", ""source"": ""nordpool_via_energidataservice"", ""passed"": true, ""warnings"": false, ""failed_gates"": [], ""gate_count"": 5, ""pass_count"": 5}",2026-07-10 18:11:08
373,2025-09-23T03:00:00,2026-07-10T18:11:08.832226+00:00,DK1,98.110001,732.32248,nordpool_via_energidataservice,1,"{""record_id"": ""nordpool_via_energidataservice_2025-09-23T03:00:00"", ""source"": ""nordpool_via_energidataservice"", ""passed"": true, ""warnings"": false, ""failed_gates"": [], ""gate_count"": 5, ""pass_count"": 5}",2026-07-10 18:11:08
374,2025-09-23T03:00:00,2026-07-10T18:11:08.832226+00:00,DK2,97.879997,730.605662,nordpool_via_energidataservice,1,"{""record_id"": ""nordpool_via_energidataservice_2025-09-23T03:00:00"", ""source"": ""nordpool_via_energidataservice"", ""passed"": true, ""warnings"": false, ""failed_gates"": [], ""gate_count"": 5, ""pass_count"": 5}",2026-07-10 18:11:08
371,2025-09-23T04:00:00,2026-07-10T18:11:08.832226+00:00,DK1,122.010002,910.719258,nordpool_via_energidataservice,1,"{""record_id"": ""nordpool_via_energidataservice_2025-09-23T04:00:00"", ""source"": ""nordpool_via_energidataservice"", ""passed"": true, ""warnings"": false, ""failed_gates"": [], ""gate_count"": 5, ""pass_count"": 5}",2026-07-10 18:11:08
372,2025-09-23T04:00:00,2026-07-10T18:11:08.832226+00:00,DK2,122.0,910.6446,nordpool_via_energidataservice,1,"{""record_id"": ""nordpool_via_energidataservice_2025-09-23T04:00:00"", ""source"": ""nordpool_via_energidataservice"", ""passed"": true, ""warnings"": false, ""failed_gates"": [], ""gate_count"": 5, ""pass_count"": 5}",2026-07-10 18:11:08
369,2025-09-23T05:00:00,2026-07-10T18:11:08.832226+00:00,DK1,172.360001,1286.546755,nordpool_via_energidataservice,1,"{""record_id"": ""nordpool_via_energidataservice_2025-09-23T05:00:00"", ""source"": ""nordpool_via_energidataservice"", ""passed"": true, ""warnings"": false, ""failed_gates"": [], ""gate_count"": 5, ""pass_count"": 5}",2026-07-10 18:11:08
370,2025-09-23T05:00:00,2026-07-10T18:11:08.832226+00:00,DK2,172.339996,1286.397432,nordpool_via_energidataservice,1,"{""record_id"": ""nordpool_via_energidataservice_2025-09-23T05:00:00"", ""source"": ""nordpool_via_energidataservice"", ""passed"": true, ""warnings"": false, ""failed_gates"": [], ""gate_count"": 5, ""pass_count"": 5}",2026-07-10 18:11:08
367,2025-09-23T06:00:00,2026-07-10T18:11:08.832226+00:00,DK1,162.800003,1215.188062,nordpool_via_energidataservice,1,"{""record_id"": ""nordpool_via_energidataservice_2025-09-23T06:00:00"", ""source"": ""nordpool_via_energidataservice"", ""passed"": true, ""warnings"": false, ""failed_gates"": [], ""gate_count"": 5, ""pass_count"": 5}",2026-07-10 18:11:08
368,2025-09-23T06:00:00,2026-07-10T18:11:08.832226+00:00,DK2,162.649994,1214.06835,nordpool_via_energidataservice,1,"{""record_id"": ""nordpool_via_energidataservice_2025-09-23T06:00:00"", ""source"": ""nordpool_via_energidataservice"", ""passed"": true, ""warnings"": false, ""failed_gates"": [], ""gate_count"": 5, ""pass_count"": 5}",2026-07-10 18:11:08
365,2025-09-23T07:00:00,2026-07-10T18:11:08.832226+00:00,DK1,125.760002,938.710383,nordpool_via_energidataservice,1,"{""record_id"": ""nordpool_via_energidataservice_2025-09-23T07:00:00"", ""source"": ""nordpool_via_energidataservice"", ""passed"": true, ""warnings"": false, ""failed_gates"": [], ""gate_count"": 5, ""pass_count"": 5}",2026-07-10 18:11:08
366,2025-09-23T07:00:00,2026-07-10T18:11:08.832226+00:00,DK2,125.599998,937.516065,nordpool_via_energidataservice,1,"{""record_id"": ""nordpool_via_energidataservice_2025-09-23T07:00:00"", ""source"": ""nordpool_via_energidataservice"", ""passed"": true, ""warnings"": false, ""failed_gates"": [], ""gate_count"": 5, ""pass_count"": 5}",2026-07-10 18:11:08
363,2025-09-23T08:00:00,2026-07-10T18:11:08.832226+00:00,DK1,93.919998,701.047041,nordpool_via_energidataservice,1,"{""record_id"": ""nordpool_via_energidataservice_2025-09-23T08:00:00"", ""source"": ""nordpool_via_energidataservice"", ""passed"": true, ""warnings"": false, ""failed_gates"": [], ""gate_count"": 5, ""pass_count"": 5}",2026-07-10 18:11:08
364,2025-09-23T08:00:00,2026-07-10T18:11:08.832226+00:00,DK2,93.730003,699.628861,nordpool_via_energidataservice,1,"{""record_id"": ""nordpool_via_energidataservice_2025-09-23T08:00:00"", ""source"": ""nordpool_via_energidataservice"", ""passed"": true, ""warnings"": false, ""failed_gates"": [], ""gate_count"": 5, ""pass_count"": 5}",2026-07-10 18:11:08
361,2025-09-23T09:00:00,2026-07-10T18:11:08.832226+00:00,DK1,85.510002,638.272308,nordpool_via_energidataservice,1,"{""record_id"": ""nordpool_via_energidataservice_2025-09-23T09:00:00"", ""source"": ""nordpool_via_energidataservice"", ""passed"": true, ""warnings"": false, ""failed_gates"": [], ""gate_count"": 5, ""pass_count"": 5}",2026-07-10 18:11:08
362,2025-09-23T09:00:00,2026-07-10T18:11:08.832226+00:00,DK2,85.330002,636.928734,nordpool_via_energidataservice,1,"{""record_id"": ""nordpool_via_energidataservice_2025-09-23T09:00:00"", ""source"": ""nordpool_via_energidataservice"", ""passed"": true, ""warnings"": false, ""failed_gates"": [], ""gate_count"": 5, ""pass_count"": 5}",2026-07-10 18:11:08
359,2025-09-23T10:00:00,2026-07-10T18:11:08.832226+00:00,DK1,77.540001,578.781829,nordpool_via_energidataservice,1,"{""record_id"": ""nordpool_via_energidataservice_2025-09-23T10:00:00"", ""source"": ""nordpool_via_energidataservice"", ""passed"": true, ""warnings"": false, ""failed_gates"": [], ""gate_count"": 5, ""pass_count"": 5}",2026-07-10 18:11:08
360,2025-09-23T10:00:00,2026-07-10T18:11:08.832226+00:00,DK2,77.379997,577.587512,nordpool_via_energidataservice,1,"{""record_id"": ""nordpool_via_energidataservice_2025-09-23T10:00:00"", ""source"": ""nordpool_via_energidataservice"", ""passed"": true, ""warnings"": false, ""failed_gates"": [], ""gate_count"": 5, ""pass_count"": 5}",2026-07-10 18:11:08
357,2025-09-23T11:00:00,2026-07-10T18:11:08.832226+00:00,DK1,74.239998,554.149617,nordpool_via_energidataservice,1,"{""record_id"": ""nordpool_via_energidataservice_2025-09-23T11:00:00"", ""source"": ""nordpool_via_energidataservice"", ""passed"": true, ""warnings"": false, ""failed_gates"": [], ""gate_count"": 5, ""pass_count"": 5}",2026-07-10 18:11:08
358,2025-09-23T11:00:00,2026-07-10T18:11:08.832226+00:00,DK2,74.099998,553.104615,nordpool_via_energidataservice,1,"{""record_id"": ""nordpool_via_energidataservice_2025-09-23T11:00:00"", ""source"": ""nordpool_via_energidataservice"", ""passed"": true, ""warnings"": false, ""failed_gates"": [], ""gate_count"": 5, ""pass_count"": 5}",2026-07-10 18:11:08
355,2025-09-23T12:00:00,2026-07-10T18:11:08.832226+00:00,DK1,74.25,554.224275,nordpool_via_energidataservice,1,"{""record_id"": ""nordpool_via_energidataservice_2025-09-23T12:00:00"", ""source"": ""nordpool_via_energidataservice"", ""passed"": true, ""warnings"": false, ""failed_gates"": [], ""gate_count"": 5, ""pass_count"": 5}",2026-07-10 18:11:08
356,2025-09-23T12:00:00,2026-07-10T18:11:08.832226+00:00,DK2,74.110001,553.17928,nordpool_via_energidataservice,1,"{""record_id"": ""nordpool_via_energidataservice_2025-09-23T12:00:00"", ""source"": ""nordpool_via_energidataservice"", ""passed"": true, ""warnings"": false, ""failed_gates"": [], ""gate_count"": 5, ""pass_count"": 5}",2026-07-10 18:11:08
353,2025-09-23T13:00:00,2026-07-10T18:11:08.832226+00:00,DK1,84.110001,627.82228,nordpool_via_energidataservice,1,"{""record_id"": ""nordpool_via_energidataservice_2025-09-23T13:00:00"", ""source"": ""nordpool_via_energidataservice"", ""passed"": true, ""warnings"": false, ""failed_gates"": [], ""gate_count"": 5, ""pass_count"": 5}",2026-07-10 18:11:08
354,2025-09-23T13:00:00,2026-07-10T18:11:08.832226+00:00,DK2,83.910004,626.329443,nordpool_via_energidataservice,1,"{""record_id"": ""nordpool_via_energidataservice_2025-09-23T13:00:00"", ""source"": ""nordpool_via_energidataservice"", ""passed"": true, ""warnings"": false, ""failed_gates"": [], ""gate_count"": 5, ""pass_count"": 5}",2026-07-10 18:11:08
351,2025-09-23T14:00:00,2026-07-10T18:11:08.832226+00:00,DK1,85.760002,640.138383,nordpool_via_energidataservice,1,"{""record_id"": ""nordpool_via_energidataservice_2025-09-23T14:00:00"", ""source"": ""nordpool_via_energidataservice"", ""passed"": true, ""warnings"": false, ""failed_gates"": [], ""gate_count"": 5, ""pass_count"": 5}",2026-07-10 18:11:08
352,2025-09-23T14:00:00,2026-07-10T18:11:08.832226+00:00,DK2,85.639999,639.242645,nordpool_via_energidataservice,1,"{""record_id"": ""nordpool_via_energidataservice_2025-09-23T14:00:00"", ""source"": ""nordpool_via_energidataservice"", ""passed"": true, ""warnings"": false, ""failed_gates"": [], ""gate_count"": 5, ""pass_count"": 5}",2026-07-10 18:11:08
349,2025-09-23T15:00:00,2026-07-10T18:11:08.832226+00:00,DK1,102.900002,768.076485,nordpool_via_energidataservice,1,"{""record_id"": ""nordpool_via_energidataservice_2025-09-23T15:00:00"", ""source"": ""nordpool_via_energidataservice"", ""passed"": true, ""warnings"": false, ""failed_gates"": [], ""gate_count"": 5, ""pass_count"": 5}",2026-07-10 18:11:08
350,2025-09-23T15:00:00,2026-07-10T18:11:08.832226+00:00,DK2,102.900002,768.076485,nordpool_via_energidataservice,1,"{""record_id"": ""nordpool_via_energidataservice_2025-09-23T15:00:00"", ""source"": ""nordpool_via_energidataservice"", ""passed"": true, ""warnings"": false, ""failed_gates"": [], ""gate_count"": 5, ""pass_count"": 5}",2026-07-10 18:11:08
347,2025-09-23T16:00:00,2026-07-10T18:11:08.832226+00:00,DK1,136.830002,1021.340184,nordpool_via_energidataservice,1,"{""record_id"": ""nordpool_via_energidataservice_2025-09-23T16:00:00"", ""source"": ""nordpool_via_energidataservice"", ""passed"": true, ""warnings"": false, ""failed_gates"": [], ""gate_count"": 5, ""pass_count"": 5}",2026-07-10 18:11:08
348,2025-09-23T16:00:00,2026-07-10T18:11:08.832226+00:00,DK2,136.830002,1021.340184,nordpool_via_energidataservice,1,"{""record_id"": ""nordpool_via_energidataservice_2025-09-23T16:00:00"", ""source"": ""nordpool_via_energidataservice"", ""passed"": true, ""warnings"": false, ""failed_gates"": [], ""gate_count"": 5, ""pass_count"": 5}",2026-07-10 18:11:08
345,2025-09-23T17:00:00,2026-07-10T18:11:08.832226+00:00,DK1,149.580002,1116.510009,nordpool_via_energidataservice,1,"{""record_id"": ""nordpool_via_energidataservice_2025-09-23T17:00:00"", ""source"": ""nordpool_via_energidataservice"", ""passed"": true, ""warnings"": false, ""failed_gates"": [], ""gate_count"": 5, ""pass_count"": 5}",2026-07-10 18:11:08
346,2025-09-23T17:00:00,2026-07-10T18:11:08.832226+00:00,DK2,149.580002,1116.510009,nordpool_via_energidataservice,1,"{""record_id"": ""nordpool_via_energidataservice_2025-09-23T17:00:00"", ""source"": ""nordpool_via_energidataservice"", ""passed"": true, ""warnings"": false, ""failed_gates"": [], ""gate_count"": 5, ""pass_count"": 5}",2026-07-10 18:11:08
343,2025-09-23T18:00:00,2026-07-10T18:11:08.832226+00:00,DK1,115.82,864.515226,nordpool_via_energidataservice,1,"{""record_id"": ""nordpool_via_energidataservice_2025-09-23T18:00:00"", ""source"": ""nordpool_via_energidataservice"", ""passed"": true, ""warnings"": false, ""failed_gates"": [], ""gate_count"": 5, ""pass_count"": 5}",2026-07-10 18:11:08
344,2025-09-23T18:00:00,2026-07-10T18:11:08.832226+00:00,DK2,115.82,864.515226,nordpool_via_energidataservice,1,"{""record_id"": ""nordpool_via_energidataservice_2025-09-23T18:00:00"", ""source"": ""nordpool_via_energidataservice"", ""passed"": true, ""warnings"": false, ""failed_gates"": [], ""gate_count"": 5, ""pass_count"": 5}",2026-07-10 18:11:08
341,2025-09-23T19:00:00,2026-07-10T18:11:08.832226+00:00,DK1,94.019997,701.793464,nordpool_via_energidataservice,1,"{""record_id"": ""nordpool_via_energidataservice_2025-09-23T19:00:00"", ""source"": ""nordpool_via_energidataservice"", ""passed"": true, ""warnings"": false, ""failed_gates"": [], ""gate_count"": 5, ""pass_count"": 5}",2026-07-10 18:11:08
342,2025-09-23T19:00:00,2026-07-10T18:11:08.832226+00:00,DK2,93.970001,701.420278,nordpool_via_energidataservice,1,"{""record_id"": ""nordpool_via_energidataservice_2025-09-23T19:00:00"", ""source"": ""nordpool_via_energidataservice"", ""passed"": true, ""warnings"": false, ""failed_gates"": [], ""gate_count"": 5, ""pass_count"": 5}",2026-07-10 18:11:08
339,2025-09-23T20:00:00,2026-07-10T18:11:08.832226+00:00,DK1,84.910004,633.793743,nordpool_via_energidataservice,1,"{""record_id"": ""nordpool_via_energidataservice_2025-09-23T20:00:00"", ""source"": ""nordpool_via_energidataservice"", ""passed"": true, ""warnings"": false, ""failed_gates"": [], ""gate_count"": 5, ""pass_count"": 5}",2026-07-10 18:11:08
340,2025-09-23T20:00:00,2026-07-10T18:11:08.832226+00:00,DK2,84.690002,632.151582,nordpool_via_energidataservice,1,"{""record_id"": ""nordpool_via_energidataservice_2025-09-23T20:00:00"", ""source"": ""nordpool_via_energidataservice"", ""passed"": true, ""warnings"": false, ""failed_gates"": [], ""gate_count"": 5, ""pass_count"": 5}",2026-07-10 18:11:08
337,2025-09-23T21:00:00,2026-07-10T18:11:08.832226+00:00,DK1,84.099998,627.747615,nordpool_via_energidataservice,1,"{""record_id"": ""nordpool_via_energidataservice_2025-09-23T21:00:00"", ""source"": ""nordpool_via_energidataservice"", ""passed"": true, ""warnings"": false, ""failed_gates"": [], ""gate_count"": 5, ""pass_count"": 5}",2026-07-10 18:11:08
338,2025-09-23T21:00:00,2026-07-10T18:11:08.832226+00:00,DK2,83.889999,626.18012,nordpool_via_energidataservice,1,"{""record_id"": ""nordpool_via_energidataservice_2025-09-23T21:00:00"", ""source"": ""nordpool_via_energidataservice"", ""passed"": true, ""warnings"": false, ""failed_gates"": [], ""gate_count"": 5, ""pass_count"": 5}",2026-07-10 18:11:08
335,2025-09-23T22:00:00,2026-07-10T18:11:08.832226+00:00,DK1,82.669998,617.040598,nordpool_via_energidataservice,1,"{""record_id"": ""nordpool_via_energidataservice_2025-09-23T22:00:00"", ""source"": ""nordpool_via_energidataservice"", ""passed"": true, ""warnings"": false, ""failed_gates"": [], ""gate_count"": 5, ""pass_count"": 5}",2026-07-10 18:11:08
336,2025-09-23T22:00:00,2026-07-10T18:11:08.832226+00:00,DK2,82.650002,616.89135,nordpool_via_energidataservice,1,"{""record_id"": ""nordpool_via_energidataservice_2025-09-23T22:00:00"", ""source"": ""nordpool_via_energidataservice"", ""passed"": true, ""warnings"": false, ""failed_gates"": [], ""gate_count"": 5, ""pass_count"": 5}",2026-07-10 18:11:08
333,2025-09-23T23:00:00,2026-07-10T18:11:08.832226+00:00,DK1,82.32,614.428248,nordpool_via_energidataservice,1,"{""record_id"": ""nordpool_via_energidataservice_2025-09-23T23:00:00"", ""source"": ""nordpool_via_energidataservice"", ""passed"": true, ""warnings"": false, ""failed_gates"": [], ""gate_count"": 5, ""pass_count"": 5}",2026-07-10 18:11:08
334,2025-09-23T23:00:00,2026-07-10T18:11:08.832226+00:00,DK2,82.290001,614.204338,nordpool_via_energidataservice,1,"{""record_id"": ""nordpool_via_energidataservice_2025-09-23T23:00:00"", ""source"": ""nordpool_via_energidataservice"", ""passed"": true, ""warnings"": false, ""failed_gates"": [], ""gate_count"": 5, ""pass_count"": 5}",2026-07-10 18:11:08
831,2025-09-24 00:00:00,2025-09-24 00:00:00,DK1,81.610001,609.128886,energidataservice_csv,1,,2026-07-12 14:53:34
832,2025-09-24 00:00:00,2025-09-24 00:00:00,DK2,81.57,608.830323,energidataservice_csv,1,,2026-07-12 14:53:34
829,2025-09-24 01:00:00,2025-09-24 01:00:00,DK1,77.949997,581.810983,energidataservice_csv,1,,2026-07-12 14:53:34
830,2025-09-24 01:00:00,2025-09-24 01:00:00,DK2,77.93,581.661727,energidataservice_csv,1,,2026-07-12 14:53:34
827,2025-09-24 02:00:00,2025-09-24 02:00:00,DK1,78.589996,586.587871,energidataservice_csv,1,,2026-07-12 14:53:34
828,2025-09-24 02:00:00,2025-09-24 02:00:00,DK2,78.529999,586.14006,energidataservice_csv,1,,2026-07-12 14:53:34
825,2025-09-24 03:00:00,2025-09-24 03:00:00,DK1,82.669998,617.040598,energidataservice_csv,1,,2026-07-12 14:53:34
826,2025-09-24 03:00:00,2025-09-24 03:00:00,DK2,82.669998,617.040598,energidataservice_csv,1,,2026-07-12 14:53:34
823,2025-09-24 04:00:00,2025-09-24 04:00:00,DK1,109.760002,819.237679,energidataservice_csv,1,,2026-07-12 14:53:34
824,2025-09-24 04:00:00,2025-09-24 04:00:00,DK2,109.75,819.163025,energidataservice_csv,1,,2026-07-12 14:53:34
821,2025-09-24 05:00:00,2025-09-24 05:00:00,DK1,118.010002,880.814854,energidataservice_csv,1,,2026-07-12 14:53:34
822,2025-09-24 05:00:00,2025-09-24 05:00:00,DK2,118.010002,880.814854,energidataservice_csv,1,,2026-07-12 14:53:34
819,2025-09-24 06:00:00,2025-09-24 06:00:00,DK1,120.449997,899.026733,energidataservice_csv,1,,2026-07-12 14:53:34
820,2025-09-24 06:00:00,2025-09-24 06:00:00,DK2,120.470001,899.17604,energidataservice_csv,1,,2026-07-12 14:53:34
817,2025-09-24 07:00:00,2025-09-24 07:00:00,DK1,107.0,798.6373,energidataservice_csv,1,,2026-07-12 14:53:34
818,2025-09-24 07:00:00,2025-09-24 07:00:00,DK2,107.0,798.6373,energidataservice_csv,1,,2026-07-12 14:53:34
815,2025-09-24 08:00:00,2025-09-24 08:00:00,DK1,85.540001,638.462013,energidataservice_csv,1,,2026-07-12 14:53:34
816,2025-09-24 08:00:00,2025-09-24 08:00:00,DK2,85.489998,638.088796,energidataservice_csv,1,,2026-07-12 14:53:34
813,2025-09-24 09:00:00,2025-09-24 09:00:00,DK1,70.089996,523.144721,energidataservice_csv,1,,2026-07-12 14:53:34
814,2025-09-24 09:00:00,2025-09-24 09:00:00,DK2,58.580002,437.235277,energidataservice_csv,1,,2026-07-12 14:53:34
811,2025-09-24 10:00:00,2025-09-24 10:00:00,DK1,27.1,202.27169,energidataservice_csv,1,,2026-07-12 14:53:34
812,2025-09-24 10:00:00,2025-09-24 10:00:00,DK2,38.580002,287.957277,energidataservice_csv,1,,2026-07-12 14:53:34
809,2025-09-24 11:00:00,2025-09-24 11:00:00,DK1,10.66,79.565174,energidataservice_csv,1,,2026-07-12 14:53:34
810,2025-09-24 11:00:00,2025-09-24 11:00:00,DK2,23.92,178.536488,energidataservice_csv,1,,2026-07-12 14:53:34
807,2025-09-24 12:00:00,2025-09-24 12:00:00,DK1,9.9,73.89261,energidataservice_csv,1,,2026-07-12 14:53:34
808,2025-09-24 12:00:00,2025-09-24 12:00:00,DK2,31.610001,235.933886,energidataservice_csv,1,,2026-07-12 14:53:34
805,2025-09-24 13:00:00,2025-09-24 13:00:00,DK1,15.0,111.9585,energidataservice_csv,1,,2026-07-12 14:53:34
806,2025-09-24 13:00:00,2025-09-24 13:00:00,DK2,37.650002,281.01585,energidataservice_csv,1,,2026-07-12 14:53:34
803,2025-09-24 14:00:00,2025-09-24 14:00:00,DK1,66.099998,493.363775,energidataservice_csv,1,,2026-07-12 14:53:34
804,2025-09-24 14:00:00,2025-09-24 14:00:00,DK2,68.07,508.067673,energidataservice_csv,1,,2026-07-12 14:53:34
801,2025-09-24 15:00:00,2025-09-24 15:00:00,DK1,85.690002,639.581606,energidataservice_csv,1,,2026-07-12 14:53:34
802,2025-09-24 15:00:00,2025-09-24 15:00:00,DK2,102.349998,763.93015,energidataservice_csv,1,,2026-07-12 14:53:34
799,2025-09-24 16:00:00,2025-09-24 16:00:00,DK1,113.080002,844.017827,energidataservice_csv,1,,2026-07-12 14:53:34
800,2025-09-24 16:00:00,2025-09-24 16:00:00,DK2,119.669998,893.204898,energidataservice_csv,1,,2026-07-12 14:53:34
797,2025-09-24 17:00:00,2025-09-24 17:00:00,DK1,115.93,865.289927,energidataservice_csv,1,,2026-07-12 14:53:34
798,2025-09-24 17:00:00,2025-09-24 17:00:00,DK2,128.369995,958.140806,energidataservice_csv,1,,2026-07-12 14:53:34
795,2025-09-24 18:00:00,2025-09-24 18:00:00,DK1,113.949997,850.511383,energidataservice_csv,1,,2026-07-12 14:53:34
796,2025-09-24 18:00:00,2025-09-24 18:00:00,DK2,115.110001,859.169536,energidataservice_csv,1,,2026-07-12 14:53:34
793,2025-09-24 19:00:00,2025-09-24 19:00:00,DK1,91.290001,681.379438,energidataservice_csv,1,,2026-07-12 14:53:34
794,2025-09-24 19:00:00,2025-09-24 19:00:00,DK2,92.480003,690.261494,energidataservice_csv,1,,2026-07-12 14:53:34
791,2025-09-24 20:00:00,2025-09-24 20:00:00,DK1,85.5,638.16345,energidataservice_csv,1,,2026-07-12 14:53:34
792,2025-09-24 20:00:00,2025-09-24 20:00:00,DK2,84.339996,629.505296,energidataservice_csv,1,,2026-07-12 14:53:34
789,2025-09-24 21:00:00,2025-09-24 21:00:00,DK1,69.68,520.084552,energidataservice_csv,1,,2026-07-12 14:53:34
790,2025-09-24 21:00:00,2025-09-24 21:00:00,DK2,69.669998,520.009898,energidataservice_csv,1,,2026-07-12 14:53:34
787,2025-09-24 22:00:00,2025-09-24 22:00:00,DK1,73.300003,547.111222,energidataservice_csv,1,,2026-07-12 14:53:34
788,2025-09-24 22:00:00,2025-09-24 22:00:00,DK2,73.300003,547.111222,energidataservice_csv,1,,2026-07-12 14:53:34
785,2025-09-24 23:00:00,2025-09-24 23:00:00,DK1,69.690002,520.166175,energidataservice_csv,1,,2026-07-12 14:53:34
786,2025-09-24 23:00:00,2025-09-24 23:00:00,DK2,69.68,520.09152,energidataservice_csv,1,,2026-07-12 14:53:34
331,2025-09-24T00:00:00,2026-07-10T18:11:08.832226+00:00,DK1,81.610001,609.128886,nordpool_via_energidataservice,1,"{""record_id"": ""nordpool_via_energidataservice_2025-09-24T00:00:00"", ""source"": ""nordpool_via_energidataservice"", ""passed"": true, ""warnings"": false, ""failed_gates"": [], ""gate_count"": 5, ""pass_count"": 5}",2026-07-10 18:11:08
332,2025-09-24T00:00:00,2026-07-10T18:11:08.832226+00:00,DK2,81.57,608.830323,nordpool_via_energidataservice,1,"{""record_id"": ""nordpool_via_energidataservice_2025-09-24T00:00:00"", ""source"": ""nordpool_via_energidataservice"", ""passed"": true, ""warnings"": false, ""failed_gates"": [], ""gate_count"": 5, ""pass_count"": 5}",2026-07-10 18:11:08
329,2025-09-24T01:00:00,2026-07-10T18:11:08.832226+00:00,DK1,77.949997,581.810983,nordpool_via_energidataservice,1,"{""record_id"": ""nordpool_via_energidataservice_2025-09-24T01:00:00"", ""source"": ""nordpool_via_energidataservice"", ""passed"": true, ""warnings"": false, ""failed_gates"": [], ""gate_count"": 5, ""pass_count"": 5}",2026-07-10 18:11:08
330,2025-09-24T01:00:00,2026-07-10T18:11:08.832226+00:00,DK2,77.93,581.661727,nordpool_via_energidataservice,1,"{""record_id"": ""nordpool_via_energidataservice_2025-09-24T01:00:00"", ""source"": ""nordpool_via_energidataservice"", ""passed"": true, ""warnings"": false, ""failed_gates"": [], ""gate_count"": 5, ""pass_count"": 5}",2026-07-10 18:11:08
327,2025-09-24T02:00:00,2026-07-10T18:11:08.832226+00:00,DK1,78.589996,586.587871,nordpool_via_energidataservice,1,"{""record_id"": ""nordpool_via_energidataservice_2025-09-24T02:00:00"", ""source"": ""nordpool_via_energidataservice"", ""passed"": true, ""warnings"": false, ""failed_gates"": [], ""gate_count"": 5, ""pass_count"": 5}",2026-07-10 18:11:08
328,2025-09-24T02:00:00,2026-07-10T18:11:08.832226+00:00,DK2,78.529999,586.14006,nordpool_via_energidataservice,1,"{""record_id"": ""nordpool_via_energidataservice_2025-09-24T02:00:00"", ""source"": ""nordpool_via_energidataservice"", ""passed"": true, ""warnings"": false, ""failed_gates"": [], ""gate_count"": 5, ""pass_count"": 5}",2026-07-10 18:11:08
325,2025-09-24T03:00:00,2026-07-10T18:11:08.832226+00:00,DK1,82.669998,617.040598,nordpool_via_energidataservice,1,"{""record_id"": ""nordpool_via_energidataservice_2025-09-24T03:00:00"", ""source"": ""nordpool_via_energidataservice"", ""passed"": true, ""warnings"": false, ""failed_gates"": [], ""gate_count"": 5, ""pass_count"": 5}",2026-07-10 18:11:08
326,2025-09-24T03:00:00,2026-07-10T18:11:08.832226+00:00,DK2,82.669998,617.040598,nordpool_via_energidataservice,1,"{""record_id"": ""nordpool_via_energidataservice_2025-09-24T03:00:00"", ""source"": ""nordpool_via_energidataservice"", ""passed"": true, ""warnings"": false, ""failed_gates"": [], ""gate_count"": 5, ""pass_count"": 5}",2026-07-10 18:11:08
323,2025-09-24T04:00:00,2026-07-10T18:11:08.832226+00:00,DK1,109.760002,819.237679,nordpool_via_energidataservice,1,"{""record_id"": ""nordpool_via_energidataservice_2025-09-24T04:00:00"", ""source"": ""nordpool_via_energidataservice"", ""passed"": true, ""warnings"": false, ""failed_gates"": [], ""gate_count"": 5, ""pass_count"": 5}",2026-07-10 18:11:08
324,2025-09-24T04:00:00,2026-07-10T18:11:08.832226+00:00,DK2,109.75,819.163025,nordpool_via_energidataservice,1,"{""record_id"": ""nordpool_via_energidataservice_2025-09-24T04:00:00"", ""source"": ""nordpool_via_energidataservice"", ""passed"": true, ""warnings"": false, ""failed_gates"": [], ""gate_count"": 5, ""pass_count"": 5}",2026-07-10 18:11:08
321,2025-09-24T05:00:00,2026-07-10T18:11:08.832226+00:00,DK1,118.010002,880.814854,nordpool_via_energidataservice,1,"{""record_id"": ""nordpool_via_energidataservice_2025-09-24T05:00:00"", ""source"": ""nordpool_via_energidataservice"", ""passed"": true, ""warnings"": false, ""failed_gates"": [], ""gate_count"": 5, ""pass_count"": 5}",2026-07-10 18:11:08
322,2025-09-24T05:00:00,2026-07-10T18:11:08.832226+00:00,DK2,118.010002,880.814854,nordpool_via_energidataservice,1,"{""record_id"": ""nordpool_via_energidataservice_2025-09-24T05:00:00"", ""source"": ""nordpool_via_energidataservice"", ""passed"": true, ""warnings"": false, ""failed_gates"": [], ""gate_count"": 5, ""pass_count"": 5}",2026-07-10 18:11:08
319,2025-09-24T06:00:00,2026-07-10T18:11:08.832226+00:00,DK1,120.449997,899.026733,nordpool_via_energidataservice,1,"{""record_id"": ""nordpool_via_energidataservice_2025-09-24T06:00:00"", ""source"": ""nordpool_via_energidataservice"", ""passed"": true, ""warnings"": false, ""failed_gates"": [], ""gate_count"": 5, ""pass_count"": 5}",2026-07-10 18:11:08
320,2025-09-24T06:00:00,2026-07-10T18:11:08.832226+00:00,DK2,120.470001,899.17604,nordpool_via_energidataservice,1,"{""record_id"": ""nordpool_via_energidataservice_2025-09-24T06:00:00"", ""source"": ""nordpool_via_energidataservice"", ""passed"": true, ""warnings"": false, ""failed_gates"": [], ""gate_count"": 5, ""pass_count"": 5}",2026-07-10 18:11:08
317,2025-09-24T07:00:00,2026-07-10T18:11:08.832226+00:00,DK1,107.0,798.6373,nordpool_via_energidataservice,1,"{""record_id"": ""nordpool_via_energidataservice_2025-09-24T07:00:00"", ""source"": ""nordpool_via_energidataservice"", ""passed"": true, ""warnings"": false, ""failed_gates"": [], ""gate_count"": 5, ""pass_count"": 5}",2026-07-10 18:11:08
318,2025-09-24T07:00:00,2026-07-10T18:11:08.832226+00:00,DK2,107.0,798.6373,nordpool_via_energidataservice,1,"{""record_id"": ""nordpool_via_energidataservice_2025-09-24T07:00:00"", ""source"": ""nordpool_via_energidataservice"", ""passed"": true, ""warnings"": false, ""failed_gates"": [], ""gate_count"": 5, ""pass_count"": 5}",2026-07-10 18:11:08
315,2025-09-24T08:00:00,2026-07-10T18:11:08.832226+00:00,DK1,85.540001,638.462013,nordpool_via_energidataservice,1,"{""record_id"": ""nordpool_via_energidataservice_2025-09-24T08:00:00"", ""source"": ""nordpool_via_energidataservice"", ""passed"": true, ""warnings"": false, ""failed_gates"": [], ""gate_count"": 5, ""pass_count"": 5}",2026-07-10 18:11:08
316,2025-09-24T08:00:00,2026-07-10T18:11:08.832226+00:00,DK2,85.489998,638.088796,nordpool_via_energidataservice,1,"{""record_id"": ""nordpool_via_energidataservice_2025-09-24T08:00:00"", ""source"": ""nordpool_via_energidataservice"", ""passed"": true, ""warnings"": false, ""failed_gates"": [], ""gate_count"": 5, ""pass_count"": 5}",2026-07-10 18:11:08
313,2025-09-24T09:00:00,2026-07-10T18:11:08.832226+00:00,DK1,70.089996,523.144721,nordpool_via_energidataservice,1,"{""record_id"": ""nordpool_via_energidataservice_2025-09-24T09:00:00"", ""source"": ""nordpool_via_energidataservice"", ""passed"": true, ""warnings"": false, ""failed_gates"": [], ""gate_count"": 5, ""pass_count"": 5}",2026-07-10 18:11:08
314,2025-09-24T09:00:00,2026-07-10T18:11:08.832226+00:00,DK2,58.580002,437.235277,nordpool_via_energidataservice,1,"{""record_id"": ""nordpool_via_energidataservice_2025-09-24T09:00:00"", ""source"": ""nordpool_via_energidataservice"", ""passed"": true, ""warnings"": false, ""failed_gates"": [], ""gate_count"": 5, ""pass_count"": 5}",2026-07-10 18:11:08
311,2025-09-24T10:00:00,2026-07-10T18:11:08.832226+00:00,DK1,27.1,202.27169,nordpool_via_energidataservice,1,"{""record_id"": ""nordpool_via_energidataservice_2025-09-24T10:00:00"", ""source"": ""nordpool_via_energidataservice"", ""passed"": true, ""warnings"": false, ""failed_gates"": [], ""gate_count"": 5, ""pass_count"": 5}",2026-07-10 18:11:08
312,2025-09-24T10:00:00,2026-07-10T18:11:08.832226+00:00,DK2,38.580002,287.957277,nordpool_via_energidataservice,1,"{""record_id"": ""nordpool_via_energidataservice_2025-09-24T10:00:00"", ""source"": ""nordpool_via_energidataservice"", ""passed"": true, ""warnings"": false, ""failed_gates"": [], ""gate_count"": 5, ""pass_count"": 5}",2026-07-10 18:11:08
309,2025-09-24T11:00:00,2026-07-10T18:11:08.832226+00:00,DK1,10.66,79.565174,nordpool_via_energidataservice,1,"{""record_id"": ""nordpool_via_energidataservice_2025-09-24T11:00:00"", ""source"": ""nordpool_via_energidataservice"", ""passed"": true, ""warnings"": false, ""failed_gates"": [], ""gate_count"": 5, ""pass_count"": 5}",2026-07-10 18:11:08
310,2025-09-24T11:00:00,2026-07-10T18:11:08.832226+00:00,DK2,23.92,178.536488,nordpool_via_energidataservice,1,"{""record_id"": ""nordpool_via_energidataservice_2025-09-24T11:00:00"", ""source"": ""nordpool_via_energidataservice"", ""passed"": true, ""warnings"": false, ""failed_gates"": [], ""gate_count"": 5, ""pass_count"": 5}",2026-07-10 18:11:08
307,2025-09-24T12:00:00,2026-07-10T18:11:08.832226+00:00,DK1,9.9,73.89261,nordpool_via_energidataservice,1,"{""record_id"": ""nordpool_via_energidataservice_2025-09-24T12:00:00"", ""source"": ""nordpool_via_energidataservice"", ""passed"": true, ""warnings"": false, ""failed_gates"": [], ""gate_count"": 5, ""pass_count"": 5}",2026-07-10 18:11:08
308,2025-09-24T12:00:00,2026-07-10T18:11:08.832226+00:00,DK2,31.610001,235.933886,nordpool_via_energidataservice,1,"{""record_id"": ""nordpool_via_energidataservice_2025-09-24T12:00:00"", ""source"": ""nordpool_via_energidataservice"", ""passed"": true, ""warnings"": false, ""failed_gates"": [], ""gate_count"": 5, ""pass_count"": 5}",2026-07-10 18:11:08
305,2025-09-24T13:00:00,2026-07-10T18:11:08.832226+00:00,DK1,15.0,111.9585,nordpool_via_energidataservice,1,"{""record_id"": ""nordpool_via_energidataservice_2025-09-24T13:00:00"", ""source"": ""nordpool_via_energidataservice"", ""passed"": true, ""warnings"": false, ""failed_gates"": [], ""gate_count"": 5, ""pass_count"": 5}",2026-07-10 18:11:08
306,2025-09-24T13:00:00,2026-07-10T18:11:08.832226+00:00,DK2,37.650002,281.01585,nordpool_via_energidataservice,1,"{""record_id"": ""nordpool_via_energidataservice_2025-09-24T13:00:00"", ""source"": ""nordpool_via_energidataservice"", ""passed"": true, ""warnings"": false, ""failed_gates"": [], ""gate_count"": 5, ""pass_count"": 5}",2026-07-10 18:11:08
303,2025-09-24T14:00:00,2026-07-10T18:11:08.832226+00:00,DK1,66.099998,493.363775,nordpool_via_energidataservice,1,"{""record_id"": ""nordpool_via_energidataservice_2025-09-24T14:00:00"", ""source"": ""nordpool_via_energidataservice"", ""passed"": true, ""warnings"": false, ""failed_gates"": [], ""gate_count"": 5, ""pass_count"": 5}",2026-07-10 18:11:08
304,2025-09-24T14:00:00,2026-07-10T18:11:08.832226+00:00,DK2,68.07,508.067673,nordpool_via_energidataservice,1,"{""record_id"": ""nordpool_via_energidataservice_2025-09-24T14:00:00"", ""source"": ""nordpool_via_energidataservice"", ""passed"": true, ""warnings"": false, ""failed_gates"": [], ""gate_count"": 5, ""pass_count"": 5}",2026-07-10 18:11:08
301,2025-09-24T15:00:00,2026-07-10T18:11:08.832226+00:00,DK1,85.690002,639.581606,nordpool_via_energidataservice,1,"{""record_id"": ""nordpool_via_energidataservice_2025-09-24T15:00:00"", ""source"": ""nordpool_via_energidataservice"", ""passed"": true, ""warnings"": false, ""failed_gates"": [], ""gate_count"": 5, ""pass_count"": 5}",2026-07-10 18:11:08
302,2025-09-24T15:00:00,2026-07-10T18:11:08.832226+00:00,DK2,102.349998,763.93015,nordpool_via_energidataservice,1,"{""record_id"": ""nordpool_via_energidataservice_2025-09-24T15:00:00"", ""source"": ""nordpool_via_energidataservice"", ""passed"": true, ""warnings"": false, ""failed_gates"": [], ""gate_count"": 5, ""pass_count"": 5}",2026-07-10 18:11:08
299,2025-09-24T16:00:00,2026-07-10T18:11:08.832226+00:00,DK1,113.080002,844.017827,nordpool_via_energidataservice,1,"{""record_id"": ""nordpool_via_energidataservice_2025-09-24T16:00:00"", ""source"": ""nordpool_via_energidataservice"", ""passed"": true, ""warnings"": false, ""failed_gates"": [], ""gate_count"": 5, ""pass_count"": 5}",2026-07-10 18:11:08
300,2025-09-24T16:00:00,2026-07-10T18:11:08.832226+00:00,DK2,119.669998,893.204898,nordpool_via_energidataservice,1,"{""record_id"": ""nordpool_via_energidataservice_2025-09-24T16:00:00"", ""source"": ""nordpool_via_energidataservice"", ""passed"": true, ""warnings"": false, ""failed_gates"": [], ""gate_count"": 5, ""pass_count"": 5}",2026-07-10 18:11:08
297,2025-09-24T17:00:00,2026-07-10T18:11:08.832226+00:00,DK1,115.93,865.289927,nordpool_via_energidataservice,1,"{""record_id"": ""nordpool_via_energidataservice_2025-09-24T17:00:00"", ""source"": ""nordpool_via_energidataservice"", ""passed"": true, ""warnings"": false, ""failed_gates"": [], ""gate_count"": 5, ""pass_count"": 5}",2026-07-10 18:11:08
298,2025-09-24T17:00:00,2026-07-10T18:11:08.832226+00:00,DK2,128.369995,958.140806,nordpool_via_energidataservice,1,"{""record_id"": ""nordpool_via_energidataservice_2025-09-24T17:00:00"", ""source"": ""nordpool_via_energidataservice"", ""passed"": true, ""warnings"": false, ""failed_gates"": [], ""gate_count"": 5, ""pass_count"": 5}",2026-07-10 18:11:08
295,2025-09-24T18:00:00,2026-07-10T18:11:08.832226+00:00,DK1,113.949997,850.511383,nordpool_via_energidataservice,1,"{""record_id"": ""nordpool_via_energidataservice_2025-09-24T18:00:00"", ""source"": ""nordpool_via_energidataservice"", ""passed"": true, ""warnings"": false, ""failed_gates"": [], ""gate_count"": 5, ""pass_count"": 5}",2026-07-10 18:11:08
296,2025-09-24T18:00:00,2026-07-10T18:11:08.832226+00:00,DK2,115.110001,859.169536,nordpool_via_energidataservice,1,"{""record_id"": ""nordpool_via_energidataservice_2025-09-24T18:00:00"", ""source"": ""nordpool_via_energidataservice"", ""passed"": true, ""warnings"": false, ""failed_gates"": [], ""gate_count"": 5, ""pass_count"": 5}",2026-07-10 18:11:08
293,2025-09-24T19:00:00,2026-07-10T18:11:08.832226+00:00,DK1,91.290001,681.379438,nordpool_via_energidataservice,1,"{""record_id"": ""nordpool_via_energidataservice_2025-09-24T19:00:00"", ""source"": ""nordpool_via_energidataservice"", ""passed"": true, ""warnings"": false, ""failed_gates"": [], ""gate_count"": 5, ""pass_count"": 5}",2026-07-10 18:11:08
294,2025-09-24T19:00:00,2026-07-10T18:11:08.832226+00:00,DK2,92.480003,690.261494,nordpool_via_energidataservice,1,"{""record_id"": ""nordpool_via_energidataservice_2025-09-24T19:00:00"", ""source"": ""nordpool_via_energidataservice"", ""passed"": true, ""warnings"": false, ""failed_gates"": [], ""gate_count"": 5, ""pass_count"": 5}",2026-07-10 18:11:08
291,2025-09-24T20:00:00,2026-07-10T18:11:08.832226+00:00,DK1,85.5,638.16345,nordpool_via_energidataservice,1,"{""record_id"": ""nordpool_via_energidataservice_2025-09-24T20:00:00"", ""source"": ""nordpool_via_energidataservice"", ""passed"": true, ""warnings"": false, ""failed_gates"": [], ""gate_count"": 5, ""pass_count"": 5}",2026-07-10 18:11:08
292,2025-09-24T20:00:00,2026-07-10T18:11:08.832226+00:00,DK2,84.339996,629.505296,nordpool_via_energidataservice,1,"{""record_id"": ""nordpool_via_energidataservice_2025-09-24T20:00:00"", ""source"": ""nordpool_via_energidataservice"", ""passed"": true, ""warnings"": false, ""failed_gates"": [], ""gate_count"": 5, ""pass_count"": 5}",2026-07-10 18:11:08
289,2025-09-24T21:00:00,2026-07-10T18:11:08.832226+00:00,DK1,69.68,520.084552,nordpool_via_energidataservice,1,"{""record_id"": ""nordpool_via_energidataservice_2025-09-24T21:00:00"", ""source"": ""nordpool_via_energidataservice"", ""passed"": true, ""warnings"": false, ""failed_gates"": [], ""gate_count"": 5, ""pass_count"": 5}",2026-07-10 18:11:08
290,2025-09-24T21:00:00,2026-07-10T18:11:08.832226+00:00,DK2,69.669998,520.009898,nordpool_via_energidataservice,1,"{""record_id"": ""nordpool_via_energidataservice_2025-09-24T21:00:00"", ""source"": ""nordpool_via_energidataservice"", ""passed"": true, ""warnings"": false, ""failed_gates"": [], ""gate_count"": 5, ""pass_count"": 5}",2026-07-10 18:11:08
287,2025-09-24T22:00:00,2026-07-10T18:11:08.832226+00:00,DK1,73.300003,547.111222,nordpool_via_energidataservice,1,"{""record_id"": ""nordpool_via_energidataservice_2025-09-24T22:00:00"", ""source"": ""nordpool_via_energidataservice"", ""passed"": true, ""warnings"": false, ""failed_gates"": [], ""gate_count"": 5, ""pass_count"": 5}",2026-07-10 18:11:08
288,2025-09-24T22:00:00,2026-07-10T18:11:08.832226+00:00,DK2,73.300003,547.111222,nordpool_via_energidataservice,1,"{""record_id"": ""nordpool_via_energidataservice_2025-09-24T22:00:00"", ""source"": ""nordpool_via_energidataservice"", ""passed"": true, ""warnings"": false, ""failed_gates"": [], ""gate_count"": 5, ""pass_count"": 5}",2026-07-10 18:11:08
285,2025-09-24T23:00:00,2026-07-10T18:11:08.832226+00:00,DK1,69.690002,520.166175,nordpool_via_energidataservice,1,"{""record_id"": ""nordpool_via_energidataservice_2025-09-24T23:00:00"", ""source"": ""nordpool_via_energidataservice"", ""passed"": true, ""warnings"": false, ""failed_gates"": [], ""gate_count"": 5, ""pass_count"": 5}",2026-07-10 18:11:08
286,2025-09-24T23:00:00,2026-07-10T18:11:08.832226+00:00,DK2,69.68,520.09152,nordpool_via_energidataservice,1,"{""record_id"": ""nordpool_via_energidataservice_2025-09-24T23:00:00"", ""source"": ""nordpool_via_energidataservice"", ""passed"": true, ""warnings"": false, ""failed_gates"": [], ""gate_count"": 5, ""pass_count"": 5}",2026-07-10 18:11:08
783,2025-09-25 00:00:00,2025-09-25 00:00:00,DK1,67.809998,506.133825,energidataservice_csv,1,,2026-07-12 14:53:34
784,2025-09-25 00:00:00,2025-09-25 00:00:00,DK2,67.800003,506.059222,energidataservice_csv,1,,2026-07-12 14:53:34
781,2025-09-25 01:00:00,2025-09-25 01:00:00,DK1,68.089996,508.22373,energidataservice_csv,1,,2026-07-12 14:53:34
782,2025-09-25 01:00:00,2025-09-25 01:00:00,DK2,68.080002,508.149135,energidataservice_csv,1,,2026-07-12 14:53:34
779,2025-09-25 02:00:00,2025-09-25 02:00:00,DK1,71.690002,535.094175,energidataservice_csv,1,,2026-07-12 14:53:34
780,2025-09-25 02:00:00,2025-09-25 02:00:00,DK2,70.559998,526.659825,energidataservice_csv,1,,2026-07-12 14:53:34
777,2025-09-25 03:00:00,2025-09-25 03:00:00,DK1,77.330002,577.191135,energidataservice_csv,1,,2026-07-12 14:53:34
778,2025-09-25 03:00:00,2025-09-25 03:00:00,DK2,77.540001,578.758567,energidataservice_csv,1,,2026-07-12 14:53:34
775,2025-09-25 04:00:00,2025-09-25 04:00:00,DK1,108.550003,810.217222,energidataservice_csv,1,,2026-07-12 14:53:34
776,2025-09-25 04:00:00,2025-09-25 04:00:00,DK2,109.470001,817.084087,energidataservice_csv,1,,2026-07-12 14:53:34
773,2025-09-25 05:00:00,2025-09-25 05:00:00,DK1,124.260002,927.476655,energidataservice_csv,1,,2026-07-12 14:53:34
774,2025-09-25 05:00:00,2025-09-25 05:00:00,DK2,125.269997,935.015258,energidataservice_csv,1,,2026-07-12 14:53:34
771,2025-09-25 06:00:00,2025-09-25 06:00:00,DK1,125.580002,937.329135,energidataservice_csv,1,,2026-07-12 14:53:34
772,2025-09-25 06:00:00,2025-09-25 06:00:00,DK2,126.040001,940.762567,energidataservice_csv,1,,2026-07-12 14:53:34
769,2025-09-25 07:00:00,2025-09-25 07:00:00,DK1,104.879997,782.824298,energidataservice_csv,1,,2026-07-12 14:53:34
770,2025-09-25 07:00:00,2025-09-25 07:00:00,DK2,106.050003,791.557222,energidataservice_csv,1,,2026-07-12 14:53:34
767,2025-09-25 08:00:00,2025-09-25 08:00:00,DK1,77.949997,581.818778,energidataservice_csv,1,,2026-07-12 14:53:34
768,2025-09-25 08:00:00,2025-09-25 08:00:00,DK2,76.790001,573.160567,energidataservice_csv,1,,2026-07-12 14:53:34
765,2025-09-25 09:00:00,2025-09-25 09:00:00,DK1,69.239998,516.807345,energidataservice_csv,1,,2026-07-12 14:53:34
766,2025-09-25 09:00:00,2025-09-25 09:00:00,DK2,66.379997,495.460298,energidataservice_csv,1,,2026-07-12 14:53:34
763,2025-09-25 10:00:00,2025-09-25 10:00:00,DK1,38.18,284.97552,energidataservice_csv,1,,2026-07-12 14:53:34
764,2025-09-25 10:00:00,2025-09-25 10:00:00,DK2,40.16,299.75424,energidataservice_csv,1,,2026-07-12 14:53:34
761,2025-09-25 11:00:00,2025-09-25 11:00:00,DK1,16.030001,119.647927,energidataservice_csv,1,,2026-07-12 14:53:34
762,2025-09-25 11:00:00,2025-09-25 11:00:00,DK2,16.879999,125.992313,energidataservice_csv,1,,2026-07-12 14:53:34
759,2025-09-25 12:00:00,2025-09-25 12:00:00,DK1,20.1,150.0264,energidataservice_csv,1,,2026-07-12 14:53:34
760,2025-09-25 12:00:00,2025-09-25 12:00:00,DK2,20.139999,150.324953,energidataservice_csv,1,,2026-07-12 14:53:34
757,2025-09-25 13:00:00,2025-09-25 13:00:00,DK1,43.66,325.87824,energidataservice_csv,1,,2026-07-12 14:53:34
758,2025-09-25 13:00:00,2025-09-25 13:00:00,DK2,43.639999,325.728953,energidataservice_csv,1,,2026-07-12 14:53:34
755,2025-09-25 14:00:00,2025-09-25 14:00:00,DK1,75.0,559.8,energidataservice_csv,1,,2026-07-12 14:53:34
756,2025-09-25 14:00:00,2025-09-25 14:00:00,DK2,75.0,559.8,energidataservice_csv,1,,2026-07-12 14:53:34
753,2025-09-25 15:00:00,2025-09-25 15:00:00,DK1,88.790001,662.728567,energidataservice_csv,1,,2026-07-12 14:53:34
754,2025-09-25 15:00:00,2025-09-25 15:00:00,DK2,88.790001,662.728567,energidataservice_csv,1,,2026-07-12 14:53:34
751,2025-09-25 16:00:00,2025-09-25 16:00:00,DK1,117.040001,873.586567,energidataservice_csv,1,,2026-07-12 14:53:34
752,2025-09-25 16:00:00,2025-09-25 16:00:00,DK2,117.059998,873.735825,energidataservice_csv,1,,2026-07-12 14:53:34
749,2025-09-25 17:00:00,2025-09-25 17:00:00,DK1,121.470001,906.652087,energidataservice_csv,1,,2026-07-12 14:53:34
750,2025-09-25 17:00:00,2025-09-25 17:00:00,DK2,121.489998,906.801345,energidataservice_csv,1,,2026-07-12 14:53:34
747,2025-09-25 18:00:00,2025-09-25 18:00:00,DK1,123.75,923.67,energidataservice_csv,1,,2026-07-12 14:53:34
748,2025-09-25 18:00:00,2025-09-25 18:00:00,DK2,123.75,923.67,energidataservice_csv,1,,2026-07-12 14:53:34
745,2025-09-25 19:00:00,2025-09-25 19:00:00,DK1,105.830002,789.915135,energidataservice_csv,1,,2026-07-12 14:53:34
746,2025-09-25 19:00:00,2025-09-25 19:00:00,DK2,105.830002,789.915135,energidataservice_csv,1,,2026-07-12 14:53:34
743,2025-09-25 20:00:00,2025-09-25 20:00:00,DK1,94.769997,707.363258,energidataservice_csv,1,,2026-07-12 14:53:34
744,2025-09-25 20:00:00,2025-09-25 20:00:00,DK2,94.739998,707.139345,energidataservice_csv,1,,2026-07-12 14:53:34
741,2025-09-25 21:00:00,2025-09-25 21:00:00,DK1,81.089996,605.25573,energidataservice_csv,1,,2026-07-12 14:53:34
742,2025-09-25 21:00:00,2025-09-25 21:00:00,DK2,81.059998,605.031825,energidataservice_csv,1,,2026-07-12 14:53:34
739,2025-09-25 22:00:00,2025-09-25 22:00:00,DK1,78.480003,585.759046,energidataservice_csv,1,,2026-07-12 14:53:34
740,2025-09-25 22:00:00,2025-09-25 22:00:00,DK2,76.099998,567.995165,energidataservice_csv,1,,2026-07-12 14:53:34
737,2025-09-25 23:00:00,2025-09-25 23:00:00,DK1,75.0,559.785,energidataservice_csv,1,,2026-07-12 14:53:34
738,2025-09-25 23:00:00,2025-09-25 23:00:00,DK2,74.980003,559.635746,energidataservice_csv,1,,2026-07-12 14:53:34
283,2025-09-25T00:00:00,2026-07-10T18:11:08.832226+00:00,DK1,67.809998,506.133825,nordpool_via_energidataservice,1,"{""record_id"": ""nordpool_via_energidataservice_2025-09-25T00:00:00"", ""source"": ""nordpool_via_energidataservice"", ""passed"": true, ""warnings"": false, ""failed_gates"": [], ""gate_count"": 5, ""pass_count"": 5}",2026-07-10 18:11:08
284,2025-09-25T00:00:00,2026-07-10T18:11:08.832226+00:00,DK2,67.800003,506.059222,nordpool_via_energidataservice,1,"{""record_id"": ""nordpool_via_energidataservice_2025-09-25T00:00:00"", ""source"": ""nordpool_via_energidataservice"", ""passed"": true, ""warnings"": false, ""failed_gates"": [], ""gate_count"": 5, ""pass_count"": 5}",2026-07-10 18:11:08
281,2025-09-25T01:00:00,2026-07-10T18:11:08.832226+00:00,DK1,68.089996,508.22373,nordpool_via_energidataservice,1,"{""record_id"": ""nordpool_via_energidataservice_2025-09-25T01:00:00"", ""source"": ""nordpool_via_energidataservice"", ""passed"": true, ""warnings"": false, ""failed_gates"": [], ""gate_count"": 5, ""pass_count"": 5}",2026-07-10 18:11:08
282,2025-09-25T01:00:00,2026-07-10T18:11:08.832226+00:00,DK2,68.080002,508.149135,nordpool_via_energidataservice,1,"{""record_id"": ""nordpool_via_energidataservice_2025-09-25T01:00:00"", ""source"": ""nordpool_via_energidataservice"", ""passed"": true, ""warnings"": false, ""failed_gates"": [], ""gate_count"": 5, ""pass_count"": 5}",2026-07-10 18:11:08
279,2025-09-25T02:00:00,2026-07-10T18:11:08.832226+00:00,DK1,71.690002,535.094175,nordpool_via_energidataservice,1,"{""record_id"": ""nordpool_via_energidataservice_2025-09-25T02:00:00"", ""source"": ""nordpool_via_energidataservice"", ""passed"": true, ""warnings"": false, ""failed_gates"": [], ""gate_count"": 5, ""pass_count"": 5}",2026-07-10 18:11:08
280,2025-09-25T02:00:00,2026-07-10T18:11:08.832226+00:00,DK2,70.559998,526.659825,nordpool_via_energidataservice,1,"{""record_id"": ""nordpool_via_energidataservice_2025-09-25T02:00:00"", ""source"": ""nordpool_via_energidataservice"", ""passed"": true, ""warnings"": false, ""failed_gates"": [], ""gate_count"": 5, ""pass_count"": 5}",2026-07-10 18:11:08
277,2025-09-25T03:00:00,2026-07-10T18:11:08.832226+00:00,DK1,77.330002,577.191135,nordpool_via_energidataservice,1,"{""record_id"": ""nordpool_via_energidataservice_2025-09-25T03:00:00"", ""source"": ""nordpool_via_energidataservice"", ""passed"": true, ""warnings"": false, ""failed_gates"": [], ""gate_count"": 5, ""pass_count"": 5}",2026-07-10 18:11:08
278,2025-09-25T03:00:00,2026-07-10T18:11:08.832226+00:00,DK2,77.540001,578.758567,nordpool_via_energidataservice,1,"{""record_id"": ""nordpool_via_energidataservice_2025-09-25T03:00:00"", ""source"": ""nordpool_via_energidataservice"", ""passed"": true, ""warnings"": false, ""failed_gates"": [], ""gate_count"": 5, ""pass_count"": 5}",2026-07-10 18:11:08
275,2025-09-25T04:00:00,2026-07-10T18:11:08.832226+00:00,DK1,108.550003,810.217222,nordpool_via_energidataservice,1,"{""record_id"": ""nordpool_via_energidataservice_2025-09-25T04:00:00"", ""source"": ""nordpool_via_energidataservice"", ""passed"": true, ""warnings"": false, ""failed_gates"": [], ""gate_count"": 5, ""pass_count"": 5}",2026-07-10 18:11:08
276,2025-09-25T04:00:00,2026-07-10T18:11:08.832226+00:00,DK2,109.470001,817.084087,nordpool_via_energidataservice,1,"{""record_id"": ""nordpool_via_energidataservice_2025-09-25T04:00:00"", ""source"": ""nordpool_via_energidataservice"", ""passed"": true, ""warnings"": false, ""failed_gates"": [], ""gate_count"": 5, ""pass_count"": 5}",2026-07-10 18:11:08
273,2025-09-25T05:00:00,2026-07-10T18:11:08.832226+00:00,DK1,124.260002,927.476655,nordpool_via_energidataservice,1,"{""record_id"": ""nordpool_via_energidataservice_2025-09-25T05:00:00"", ""source"": ""nordpool_via_energidataservice"", ""passed"": true, ""warnings"": false, ""failed_gates"": [], ""gate_count"": 5, ""pass_count"": 5}",2026-07-10 18:11:08
274,2025-09-25T05:00:00,2026-07-10T18:11:08.832226+00:00,DK2,125.269997,935.015258,nordpool_via_energidataservice,1,"{""record_id"": ""nordpool_via_energidataservice_2025-09-25T05:00:00"", ""source"": ""nordpool_via_energidataservice"", ""passed"": true, ""warnings"": false, ""failed_gates"": [], ""gate_count"": 5, ""pass_count"": 5}",2026-07-10 18:11:08
271,2025-09-25T06:00:00,2026-07-10T18:11:08.832226+00:00,DK1,125.580002,937.329135,nordpool_via_energidataservice,1,"{""record_id"": ""nordpool_via_energidataservice_2025-09-25T06:00:00"", ""source"": ""nordpool_via_energidataservice"", ""passed"": true, ""warnings"": false, ""failed_gates"": [], ""gate_count"": 5, ""pass_count"": 5}",2026-07-10 18:11:08
272,2025-09-25T06:00:00,2026-07-10T18:11:08.832226+00:00,DK2,126.040001,940.762567,nordpool_via_energidataservice,1,"{""record_id"": ""nordpool_via_energidataservice_2025-09-25T06:00:00"", ""source"": ""nordpool_via_energidataservice"", ""passed"": true, ""warnings"": false, ""failed_gates"": [], ""gate_count"": 5, ""pass_count"": 5}",2026-07-10 18:11:08
269,2025-09-25T07:00:00,2026-07-10T18:11:08.832226+00:00,DK1,104.879997,782.824298,nordpool_via_energidataservice,1,"{""record_id"": ""nordpool_via_energidataservice_2025-09-25T07:00:00"", ""source"": ""nordpool_via_energidataservice"", ""passed"": true, ""warnings"": false, ""failed_gates"": [], ""gate_count"": 5, ""pass_count"": 5}",2026-07-10 18:11:08
270,2025-09-25T07:00:00,2026-07-10T18:11:08.832226+00:00,DK2,106.050003,791.557222,nordpool_via_energidataservice,1,"{""record_id"": ""nordpool_via_energidataservice_2025-09-25T07:00:00"", ""source"": ""nordpool_via_energidataservice"", ""passed"": true, ""warnings"": false, ""failed_gates"": [], ""gate_count"": 5, ""pass_count"": 5}",2026-07-10 18:11:08
267,2025-09-25T08:00:00,2026-07-10T18:11:08.832226+00:00,DK1,77.949997,581.818778,nordpool_via_energidataservice,1,"{""record_id"": ""nordpool_via_energidataservice_2025-09-25T08:00:00"", ""source"": ""nordpool_via_energidataservice"", ""passed"": true, ""warnings"": false, ""failed_gates"": [], ""gate_count"": 5, ""pass_count"": 5}",2026-07-10 18:11:08
268,2025-09-25T08:00:00,2026-07-10T18:11:08.832226+00:00,DK2,76.790001,573.160567,nordpool_via_energidataservice,1,"{""record_id"": ""nordpool_via_energidataservice_2025-09-25T08:00:00"", ""source"": ""nordpool_via_energidataservice"", ""passed"": true, ""warnings"": false, ""failed_gates"": [], ""gate_count"": 5, ""pass_count"": 5}",2026-07-10 18:11:08
265,2025-09-25T09:00:00,2026-07-10T18:11:08.832226+00:00,DK1,69.239998,516.807345,nordpool_via_energidataservice,1,"{""record_id"": ""nordpool_via_energidataservice_2025-09-25T09:00:00"", ""source"": ""nordpool_via_energidataservice"", ""passed"": true, ""warnings"": false, ""failed_gates"": [], ""gate_count"": 5, ""pass_count"": 5}",2026-07-10 18:11:08
266,2025-09-25T09:00:00,2026-07-10T18:11:08.832226+00:00,DK2,66.379997,495.460298,nordpool_via_energidataservice,1,"{""record_id"": ""nordpool_via_energidataservice_2025-09-25T09:00:00"", ""source"": ""nordpool_via_energidataservice"", ""passed"": true, ""warnings"": false, ""failed_gates"": [], ""gate_count"": 5, ""pass_count"": 5}",2026-07-10 18:11:08
263,2025-09-25T10:00:00,2026-07-10T18:11:08.832226+00:00,DK1,38.18,284.97552,nordpool_via_energidataservice,1,"{""record_id"": ""nordpool_via_energidataservice_2025-09-25T10:00:00"", ""source"": ""nordpool_via_energidataservice"", ""passed"": true, ""warnings"": false, ""failed_gates"": [], ""gate_count"": 5, ""pass_count"": 5}",2026-07-10 18:11:08
264,2025-09-25T10:00:00,2026-07-10T18:11:08.832226+00:00,DK2,40.16,299.75424,nordpool_via_energidataservice,1,"{""record_id"": ""nordpool_via_energidataservice_2025-09-25T10:00:00"", ""source"": ""nordpool_via_energidataservice"", ""passed"": true, ""warnings"": false, ""failed_gates"": [], ""gate_count"": 5, ""pass_count"": 5}",2026-07-10 18:11:08
261,2025-09-25T11:00:00,2026-07-10T18:11:08.832226+00:00,DK1,16.030001,119.647927,nordpool_via_energidataservice,1,"{""record_id"": ""nordpool_via_energidataservice_2025-09-25T11:00:00"", ""source"": ""nordpool_via_energidataservice"", ""passed"": true, ""warnings"": false, ""failed_gates"": [], ""gate_count"": 5, ""pass_count"": 5}",2026-07-10 18:11:08
262,2025-09-25T11:00:00,2026-07-10T18:11:08.832226+00:00,DK2,16.879999,125.992313,nordpool_via_energidataservice,1,"{""record_id"": ""nordpool_via_energidataservice_2025-09-25T11:00:00"", ""source"": ""nordpool_via_energidataservice"", ""passed"": true, ""warnings"": false, ""failed_gates"": [], ""gate_count"": 5, ""pass_count"": 5}",2026-07-10 18:11:08
259,2025-09-25T12:00:00,2026-07-10T18:11:08.832226+00:00,DK1,20.1,150.0264,nordpool_via_energidataservice,1,"{""record_id"": ""nordpool_via_energidataservice_2025-09-25T12:00:00"", ""source"": ""nordpool_via_energidataservice"", ""passed"": true, ""warnings"": false, ""failed_gates"": [], ""gate_count"": 5, ""pass_count"": 5}",2026-07-10 18:11:08
260,2025-09-25T12:00:00,2026-07-10T18:11:08.832226+00:00,DK2,20.139999,150.324953,nordpool_via_energidataservice,1,"{""record_id"": ""nordpool_via_energidataservice_2025-09-25T12:00:00"", ""source"": ""nordpool_via_energidataservice"", ""passed"": true, ""warnings"": false, ""failed_gates"": [], ""gate_count"": 5, ""pass_count"": 5}",2026-07-10 18:11:08
257,2025-09-25T13:00:00,2026-07-10T18:11:08.832226+00:00,DK1,43.66,325.87824,nordpool_via_energidataservice,1,"{""record_id"": ""nordpool_via_energidataservice_2025-09-25T13:00:00"", ""source"": ""nordpool_via_energidataservice"", ""passed"": true, ""warnings"": false, ""failed_gates"": [], ""gate_count"": 5, ""pass_count"": 5}",2026-07-10 18:11:08
258,2025-09-25T13:00:00,2026-07-10T18:11:08.832226+00:00,DK2,43.639999,325.728953,nordpool_via_energidataservice,1,"{""record_id"": ""nordpool_via_energidataservice_2025-09-25T13:00:00"", ""source"": ""nordpool_via_energidataservice"", ""passed"": true, ""warnings"": false, ""failed_gates"": [], ""gate_count"": 5, ""pass_count"": 5}",2026-07-10 18:11:08
255,2025-09-25T14:00:00,2026-07-10T18:11:08.832226+00:00,DK1,75.0,559.8,nordpool_via_energidataservice,1,"{""record_id"": ""nordpool_via_energidataservice_2025-09-25T14:00:00"", ""source"": ""nordpool_via_energidataservice"", ""passed"": true, ""warnings"": false, ""failed_gates"": [], ""gate_count"": 5, ""pass_count"": 5}",2026-07-10 18:11:08
256,2025-09-25T14:00:00,2026-07-10T18:11:08.832226+00:00,DK2,75.0,559.8,nordpool_via_energidataservice,1,"{""record_id"": ""nordpool_via_energidataservice_2025-09-25T14:00:00"", ""source"": ""nordpool_via_energidataservice"", ""passed"": true, ""warnings"": false, ""failed_gates"": [], ""gate_count"": 5, ""pass_count"": 5}",2026-07-10 18:11:08
253,2025-09-25T15:00:00,2026-07-10T18:11:08.832226+00:00,DK1,88.790001,662.728567,nordpool_via_energidataservice,1,"{""record_id"": ""nordpool_via_energidataservice_2025-09-25T15:00:00"", ""source"": ""nordpool_via_energidataservice"", ""passed"": true, ""warnings"": false, ""failed_gates"": [], ""gate_count"": 5, ""pass_count"": 5}",2026-07-10 18:11:08
254,2025-09-25T15:00:00,2026-07-10T18:11:08.832226+00:00,DK2,88.790001,662.728567,nordpool_via_energidataservice,1,"{""record_id"": ""nordpool_via_energidataservice_2025-09-25T15:00:00"", ""source"": ""nordpool_via_energidataservice"", ""passed"": true, ""warnings"": false, ""failed_gates"": [], ""gate_count"": 5, ""pass_count"": 5}",2026-07-10 18:11:08
251,2025-09-25T16:00:00,2026-07-10T18:11:08.832226+00:00,DK1,117.040001,873.586567,nordpool_via_energidataservice,1,"{""record_id"": ""nordpool_via_energidataservice_2025-09-25T16:00:00"", ""source"": ""nordpool_via_energidataservice"", ""passed"": true, ""warnings"": false, ""failed_gates"": [], ""gate_count"": 5, ""pass_count"": 5}",2026-07-10 18:11:08
252,2025-09-25T16:00:00,2026-07-10T18:11:08.832226+00:00,DK2,117.059998,873.735825,nordpool_via_energidataservice,1,"{""record_id"": ""nordpool_via_energidataservice_2025-09-25T16:00:00"", ""source"": ""nordpool_via_energidataservice"", ""passed"": true, ""warnings"": false, ""failed_gates"": [], ""gate_count"": 5, ""pass_count"": 5}",2026-07-10 18:11:08
249,2025-09-25T17:00:00,2026-07-10T18:11:08.832226+00:00,DK1,121.470001,906.652087,nordpool_via_energidataservice,1,"{""record_id"": ""nordpool_via_energidataservice_2025-09-25T17:00:00"", ""source"": ""nordpool_via_energidataservice"", ""passed"": true, ""warnings"": false, ""failed_gates"": [], ""gate_count"": 5, ""pass_count"": 5}",2026-07-10 18:11:08
250,2025-09-25T17:00:00,2026-07-10T18:11:08.832226+00:00,DK2,121.489998,906.801345,nordpool_via_energidataservice,1,"{""record_id"": ""nordpool_via_energidataservice_2025-09-25T17:00:00"", ""source"": ""nordpool_via_energidataservice"", ""passed"": true, ""warnings"": false, ""failed_gates"": [], ""gate_count"": 5, ""pass_count"": 5}",2026-07-10 18:11:08
247,2025-09-25T18:00:00,2026-07-10T18:11:08.832226+00:00,DK1,123.75,923.67,nordpool_via_energidataservice,1,"{""record_id"": ""nordpool_via_energidataservice_2025-09-25T18:00:00"", ""source"": ""nordpool_via_energidataservice"", ""passed"": true, ""warnings"": false, ""failed_gates"": [], ""gate_count"": 5, ""pass_count"": 5}",2026-07-10 18:11:08
248,2025-09-25T18:00:00,2026-07-10T18:11:08.832226+00:00,DK2,123.75,923.67,nordpool_via_energidataservice,1,"{""record_id"": ""nordpool_via_energidataservice_2025-09-25T18:00:00"", ""source"": ""nordpool_via_energidataservice"", ""passed"": true, ""warnings"": false, ""failed_gates"": [], ""gate_count"": 5, ""pass_count"": 5}",2026-07-10 18:11:08
245,2025-09-25T19:00:00,2026-07-10T18:11:08.832226+00:00,DK1,105.830002,789.915135,nordpool_via_energidataservice,1,"{""record_id"": ""nordpool_via_energidataservice_2025-09-25T19:00:00"", ""source"": ""nordpool_via_energidataservice"", ""passed"": true, ""warnings"": false, ""failed_gates"": [], ""gate_count"": 5, ""pass_count"": 5}",2026-07-10 18:11:08
246,2025-09-25T19:00:00,2026-07-10T18:11:08.832226+00:00,DK2,105.830002,789.915135,nordpool_via_energidataservice,1,"{""record_id"": ""nordpool_via_energidataservice_2025-09-25T19:00:00"", ""source"": ""nordpool_via_energidataservice"", ""passed"": true, ""warnings"": false, ""failed_gates"": [], ""gate_count"": 5, ""pass_count"": 5}",2026-07-10 18:11:08
243,2025-09-25T20:00:00,2026-07-10T18:11:08.832226+00:00,DK1,94.769997,707.363258,nordpool_via_energidataservice,1,"{""record_id"": ""nordpool_via_energidataservice_2025-09-25T20:00:00"", ""source"": ""nordpool_via_energidataservice"", ""passed"": true, ""warnings"": false, ""failed_gates"": [], ""gate_count"": 5, ""pass_count"": 5}",2026-07-10 18:11:08
244,2025-09-25T20:00:00,2026-07-10T18:11:08.832226+00:00,DK2,94.739998,707.139345,nordpool_via_energidataservice,1,"{""record_id"": ""nordpool_via_energidataservice_2025-09-25T20:00:00"", ""source"": ""nordpool_via_energidataservice"", ""passed"": true, ""warnings"": false, ""failed_gates"": [], ""gate_count"": 5, ""pass_count"": 5}",2026-07-10 18:11:08
241,2025-09-25T21:00:00,2026-07-10T18:11:08.832226+00:00,DK1,81.089996,605.25573,nordpool_via_energidataservice,1,"{""record_id"": ""nordpool_via_energidataservice_2025-09-25T21:00:00"", ""source"": ""nordpool_via_energidataservice"", ""passed"": true, ""warnings"": false, ""failed_gates"": [], ""gate_count"": 5, ""pass_count"": 5}",2026-07-10 18:11:08
242,2025-09-25T21:00:00,2026-07-10T18:11:08.832226+00:00,DK2,81.059998,605.031825,nordpool_via_energidataservice,1,"{""record_id"": ""nordpool_via_energidataservice_2025-09-25T21:00:00"", ""source"": ""nordpool_via_energidataservice"", ""passed"": true, ""warnings"": false, ""failed_gates"": [], ""gate_count"": 5, ""pass_count"": 5}",2026-07-10 18:11:08
239,2025-09-25T22:00:00,2026-07-10T18:11:08.832226+00:00,DK1,78.480003,585.759046,nordpool_via_energidataservice,1,"{""record_id"": ""nordpool_via_energidataservice_2025-09-25T22:00:00"", ""source"": ""nordpool_via_energidataservice"", ""passed"": true, ""warnings"": false, ""failed_gates"": [], ""gate_count"": 5, ""pass_count"": 5}",2026-07-10 18:11:08
240,2025-09-25T22:00:00,2026-07-10T18:11:08.832226+00:00,DK2,76.099998,567.995165,nordpool_via_energidataservice,1,"{""record_id"": ""nordpool_via_energidataservice_2025-09-25T22:00:00"", ""source"": ""nordpool_via_energidataservice"", ""passed"": true, ""warnings"": false, ""failed_gates"": [], ""gate_count"": 5, ""pass_count"": 5}",2026-07-10 18:11:08
237,2025-09-25T23:00:00,2026-07-10T18:11:08.832226+00:00,DK1,75.0,559.785,nordpool_via_energidataservice,1,"{""record_id"": ""nordpool_via_energidataservice_2025-09-25T23:00:00"", ""source"": ""nordpool_via_energidataservice"", ""passed"": true, ""warnings"": false, ""failed_gates"": [], ""gate_count"": 5, ""pass_count"": 5}",2026-07-10 18:11:08
238,2025-09-25T23:00:00,2026-07-10T18:11:08.832226+00:00,DK2,74.980003,559.635746,nordpool_via_energidataservice,1,"{""record_id"": ""nordpool_via_energidataservice_2025-09-25T23:00:00"", ""source"": ""nordpool_via_energidataservice"", ""passed"": true, ""warnings"": false, ""failed_gates"": [], ""gate_count"": 5, ""pass_count"": 5}",2026-07-10 18:11:08
735,2025-09-26 00:00:00,2025-09-26 00:00:00,DK1,73.169998,546.126231,energidataservice_csv,1,,2026-07-12 14:53:34
736,2025-09-26 00:00:00,2025-09-26 00:00:00,DK2,73.080002,545.454519,energidataservice_csv,1,,2026-07-12 14:53:34
733,2025-09-26 01:00:00,2025-09-26 01:00:00,DK1,73.18,546.200884,energidataservice_csv,1,,2026-07-12 14:53:34
734,2025-09-26 01:00:00,2025-09-26 01:00:00,DK2,73.120003,545.753078,energidataservice_csv,1,,2026-07-12 14:53:34
731,2025-09-26 02:00:00,2025-09-26 02:00:00,DK1,74.93,559.262534,energidataservice_csv,1,,2026-07-12 14:53:34
732,2025-09-26 02:00:00,2025-09-26 02:00:00,DK2,74.879997,558.889322,energidataservice_csv,1,,2026-07-12 14:53:34
729,2025-09-26 03:00:00,2025-09-26 03:00:00,DK1,79.730003,595.088796,energidataservice_csv,1,,2026-07-12 14:53:34
730,2025-09-26 03:00:00,2025-09-26 03:00:00,DK2,80.0,597.104,energidataservice_csv,1,,2026-07-12 14:53:34
727,2025-09-26 04:00:00,2025-09-26 04:00:00,DK1,90.769997,677.489104,energidataservice_csv,1,,2026-07-12 14:53:34
728,2025-09-26 04:00:00,2025-09-26 04:00:00,DK2,104.870003,782.728728,energidataservice_csv,1,,2026-07-12 14:53:34
725,2025-09-26 05:00:00,2025-09-26 05:00:00,DK1,117.099998,874.010965,energidataservice_csv,1,,2026-07-12 14:53:34
726,2025-09-26 05:00:00,2025-09-26 05:00:00,DK2,125.25,934.84095,energidataservice_csv,1,,2026-07-12 14:53:34
723,2025-09-26 06:00:00,2025-09-26 06:00:00,DK1,123.559998,922.227113,energidataservice_csv,1,,2026-07-12 14:53:34
724,2025-09-26 06:00:00,2025-09-26 06:00:00,DK2,124.68,930.586584,energidataservice_csv,1,,2026-07-12 14:53:34
721,2025-09-26 07:00:00,2025-09-26 07:00:00,DK1,103.730003,774.219996,energidataservice_csv,1,,2026-07-12 14:53:34
722,2025-09-26 07:00:00,2025-09-26 07:00:00,DK2,109.32,815.942616,energidataservice_csv,1,,2026-07-12 14:53:34
719,2025-09-26 08:00:00,2025-09-26 08:00:00,DK1,61.349998,457.904115,energidataservice_csv,1,,2026-07-12 14:53:34
720,2025-09-26 08:00:00,2025-09-26 08:00:00,DK2,88.5,660.5463,energidataservice_csv,1,,2026-07-12 14:53:34
717,2025-09-26 09:00:00,2025-09-26 09:00:00,DK1,6.7,50.00746,energidataservice_csv,1,,2026-07-12 14:53:34
718,2025-09-26 09:00:00,2025-09-26 09:00:00,DK2,82.690002,617.181637,energidataservice_csv,1,,2026-07-12 14:53:34
715,2025-09-26 10:00:00,2025-09-26 10:00:00,DK1,4.1,30.60158,energidataservice_csv,1,,2026-07-12 14:53:34
716,2025-09-26 10:00:00,2025-09-26 10:00:00,DK2,75.010002,559.859653,energidataservice_csv,1,,2026-07-12 14:53:34
713,2025-09-26 11:00:00,2025-09-26 11:00:00,DK1,5.4,40.30452,energidataservice_csv,1,,2026-07-12 14:53:34
714,2025-09-26 11:00:00,2025-09-26 11:00:00,DK2,69.989998,522.391347,energidataservice_csv,1,,2026-07-12 14:53:34
711,2025-09-26 12:00:00,2025-09-26 12:00:00,DK1,4.4,32.84072,energidataservice_csv,1,,2026-07-12 14:53:34
712,2025-09-26 12:00:00,2025-09-26 12:00:00,DK2,71.889999,536.572575,energidataservice_csv,1,,2026-07-12 14:53:34
709,2025-09-26 13:00:00,2025-09-26 13:00:00,DK1,6.84,51.052392,energidataservice_csv,1,,2026-07-12 14:53:34
710,2025-09-26 13:00:00,2025-09-26 13:00:00,DK2,75.169998,561.053831,energidataservice_csv,1,,2026-07-12 14:53:34
707,2025-09-26 14:00:00,2025-09-26 14:00:00,DK1,6.7,50.00746,energidataservice_csv,1,,2026-07-12 14:53:34
708,2025-09-26 14:00:00,2025-09-26 14:00:00,DK2,95.510002,712.867553,energidataservice_csv,1,,2026-07-12 14:53:34
705,2025-09-26 15:00:00,2025-09-26 15:00:00,DK1,39.360001,293.775175,energidataservice_csv,1,,2026-07-12 14:53:34
706,2025-09-26 15:00:00,2025-09-26 15:00:00,DK2,105.739998,789.222197,energidataservice_csv,1,,2026-07-12 14:53:34
703,2025-09-26 16:00:00,2025-09-26 16:00:00,DK1,86.300003,644.125962,energidataservice_csv,1,,2026-07-12 14:53:34
704,2025-09-26 16:00:00,2025-09-26 16:00:00,DK2,121.160004,904.314038,energidataservice_csv,1,,2026-07-12 14:53:34
701,2025-09-26 17:00:00,2025-09-26 17:00:00,DK1,104.739998,781.758397,energidataservice_csv,1,,2026-07-12 14:53:34
702,2025-09-26 17:00:00,2025-09-26 17:00:00,DK2,126.110001,941.259825,energidataservice_csv,1,,2026-07-12 14:53:34
699,2025-09-26 18:00:00,2025-09-26 18:00:00,DK1,94.800003,707.568262,energidataservice_csv,1,,2026-07-12 14:53:34
700,2025-09-26 18:00:00,2025-09-26 18:00:00,DK2,117.139999,874.309525,energidataservice_csv,1,,2026-07-12 14:53:34
697,2025-09-26 19:00:00,2025-09-26 19:00:00,DK1,80.0,597.104,energidataservice_csv,1,,2026-07-12 14:53:34
698,2025-09-26 19:00:00,2025-09-26 19:00:00,DK2,94.25,703.46315,energidataservice_csv,1,,2026-07-12 14:53:34
695,2025-09-26 20:00:00,2025-09-26 20:00:00,DK1,76.400002,570.234335,energidataservice_csv,1,,2026-07-12 14:53:34
696,2025-09-26 20:00:00,2025-09-26 20:00:00,DK2,91.089996,679.877512,energidataservice_csv,1,,2026-07-12 14:53:34
693,2025-09-26 21:00:00,2025-09-26 21:00:00,DK1,79.779999,595.461957,energidataservice_csv,1,,2026-07-12 14:53:34
694,2025-09-26 21:00:00,2025-09-26 21:00:00,DK2,88.699997,662.039038,energidataservice_csv,1,,2026-07-12 14:53:34
691,2025-09-26 22:00:00,2025-09-26 22:00:00,DK1,84.989998,634.348347,energidataservice_csv,1,,2026-07-12 14:53:34
692,2025-09-26 22:00:00,2025-09-26 22:00:00,DK2,84.800003,632.930262,energidataservice_csv,1,,2026-07-12 14:53:34
689,2025-09-26 23:00:00,2025-09-26 23:00:00,DK1,83.260002,621.436003,energidataservice_csv,1,,2026-07-12 14:53:34
690,2025-09-26 23:00:00,2025-09-26 23:00:00,DK2,83.07,620.017866,energidataservice_csv,1,,2026-07-12 14:53:34
235,2025-09-26T00:00:00,2026-07-10T18:11:08.832226+00:00,DK1,73.169998,546.126231,nordpool_via_energidataservice,1,"{""record_id"": ""nordpool_via_energidataservice_2025-09-26T00:00:00"", ""source"": ""nordpool_via_energidataservice"", ""passed"": true, ""warnings"": false, ""failed_gates"": [], ""gate_count"": 5, ""pass_count"": 5}",2026-07-10 18:11:08
236,2025-09-26T00:00:00,2026-07-10T18:11:08.832226+00:00,DK2,73.080002,545.454519,nordpool_via_energidataservice,1,"{""record_id"": ""nordpool_via_energidataservice_2025-09-26T00:00:00"", ""source"": ""nordpool_via_energidataservice"", ""passed"": true, ""warnings"": false, ""failed_gates"": [], ""gate_count"": 5, ""pass_count"": 5}",2026-07-10 18:11:08
233,2025-09-26T01:00:00,2026-07-10T18:11:08.832226+00:00,DK1,73.18,546.200884,nordpool_via_energidataservice,1,"{""record_id"": ""nordpool_via_energidataservice_2025-09-26T01:00:00"", ""source"": ""nordpool_via_energidataservice"", ""passed"": true, ""warnings"": false, ""failed_gates"": [], ""gate_count"": 5, ""pass_count"": 5}",2026-07-10 18:11:08
234,2025-09-26T01:00:00,2026-07-10T18:11:08.832226+00:00,DK2,73.120003,545.753078,nordpool_via_energidataservice,1,"{""record_id"": ""nordpool_via_energidataservice_2025-09-26T01:00:00"", ""source"": ""nordpool_via_energidataservice"", ""passed"": true, ""warnings"": false, ""failed_gates"": [], ""gate_count"": 5, ""pass_count"": 5}",2026-07-10 18:11:08
231,2025-09-26T02:00:00,2026-07-10T18:11:08.832226+00:00,DK1,74.93,559.262534,nordpool_via_energidataservice,1,"{""record_id"": ""nordpool_via_energidataservice_2025-09-26T02:00:00"", ""source"": ""nordpool_via_energidataservice"", ""passed"": true, ""warnings"": false, ""failed_gates"": [], ""gate_count"": 5, ""pass_count"": 5}",2026-07-10 18:11:08
232,2025-09-26T02:00:00,2026-07-10T18:11:08.832226+00:00,DK2,74.879997,558.889322,nordpool_via_energidataservice,1,"{""record_id"": ""nordpool_via_energidataservice_2025-09-26T02:00:00"", ""source"": ""nordpool_via_energidataservice"", ""passed"": true, ""warnings"": false, ""failed_gates"": [], ""gate_count"": 5, ""pass_count"": 5}",2026-07-10 18:11:08
229,2025-09-26T03:00:00,2026-07-10T18:11:08.832226+00:00,DK1,79.730003,595.088796,nordpool_via_energidataservice,1,"{""record_id"": ""nordpool_via_energidataservice_2025-09-26T03:00:00"", ""source"": ""nordpool_via_energidataservice"", ""passed"": true, ""warnings"": false, ""failed_gates"": [], ""gate_count"": 5, ""pass_count"": 5}",2026-07-10 18:11:08
230,2025-09-26T03:00:00,2026-07-10T18:11:08.832226+00:00,DK2,80.0,597.104,nordpool_via_energidataservice,1,"{""record_id"": ""nordpool_via_energidataservice_2025-09-26T03:00:00"", ""source"": ""nordpool_via_energidataservice"", ""passed"": true, ""warnings"": false, ""failed_gates"": [], ""gate_count"": 5, ""pass_count"": 5}",2026-07-10 18:11:08
227,2025-09-26T04:00:00,2026-07-10T18:11:08.832226+00:00,DK1,90.769997,677.489104,nordpool_via_energidataservice,1,"{""record_id"": ""nordpool_via_energidataservice_2025-09-26T04:00:00"", ""source"": ""nordpool_via_energidataservice"", ""passed"": true, ""warnings"": false, ""failed_gates"": [], ""gate_count"": 5, ""pass_count"": 5}",2026-07-10 18:11:08
228,2025-09-26T04:00:00,2026-07-10T18:11:08.832226+00:00,DK2,104.870003,782.728728,nordpool_via_energidataservice,1,"{""record_id"": ""nordpool_via_energidataservice_2025-09-26T04:00:00"", ""source"": ""nordpool_via_energidataservice"", ""passed"": true, ""warnings"": false, ""failed_gates"": [], ""gate_count"": 5, ""pass_count"": 5}",2026-07-10 18:11:08
225,2025-09-26T05:00:00,2026-07-10T18:11:08.832226+00:00,DK1,117.099998,874.010965,nordpool_via_energidataservice,1,"{""record_id"": ""nordpool_via_energidataservice_2025-09-26T05:00:00"", ""source"": ""nordpool_via_energidataservice"", ""passed"": true, ""warnings"": false, ""failed_gates"": [], ""gate_count"": 5, ""pass_count"": 5}",2026-07-10 18:11:08
226,2025-09-26T05:00:00,2026-07-10T18:11:08.832226+00:00,DK2,125.25,934.84095,nordpool_via_energidataservice,1,"{""record_id"": ""nordpool_via_energidataservice_2025-09-26T05:00:00"", ""source"": ""nordpool_via_energidataservice"", ""passed"": true, ""warnings"": false, ""failed_gates"": [], ""gate_count"": 5, ""pass_count"": 5}",2026-07-10 18:11:08
223,2025-09-26T06:00:00,2026-07-10T18:11:08.832226+00:00,DK1,123.559998,922.227113,nordpool_via_energidataservice,1,"{""record_id"": ""nordpool_via_energidataservice_2025-09-26T06:00:00"", ""source"": ""nordpool_via_energidataservice"", ""passed"": true, ""warnings"": false, ""failed_gates"": [], ""gate_count"": 5, ""pass_count"": 5}",2026-07-10 18:11:08
224,2025-09-26T06:00:00,2026-07-10T18:11:08.832226+00:00,DK2,124.68,930.586584,nordpool_via_energidataservice,1,"{""record_id"": ""nordpool_via_energidataservice_2025-09-26T06:00:00"", ""source"": ""nordpool_via_energidataservice"", ""passed"": true, ""warnings"": false, ""failed_gates"": [], ""gate_count"": 5, ""pass_count"": 5}",2026-07-10 18:11:08
221,2025-09-26T07:00:00,2026-07-10T18:11:08.832226+00:00,DK1,103.730003,774.219996,nordpool_via_energidataservice,1,"{""record_id"": ""nordpool_via_energidataservice_2025-09-26T07:00:00"", ""source"": ""nordpool_via_energidataservice"", ""passed"": true, ""warnings"": false, ""failed_gates"": [], ""gate_count"": 5, ""pass_count"": 5}",2026-07-10 18:11:08
222,2025-09-26T07:00:00,2026-07-10T18:11:08.832226+00:00,DK2,109.32,815.942616,nordpool_via_energidataservice,1,"{""record_id"": ""nordpool_via_energidataservice_2025-09-26T07:00:00"", ""source"": ""nordpool_via_energidataservice"", ""passed"": true, ""warnings"": false, ""failed_gates"": [], ""gate_count"": 5, ""pass_count"": 5}",2026-07-10 18:11:08
219,2025-09-26T08:00:00,2026-07-10T18:11:08.832226+00:00,DK1,61.349998,457.904115,nordpool_via_energidataservice,1,"{""record_id"": ""nordpool_via_energidataservice_2025-09-26T08:00:00"", ""source"": ""nordpool_via_energidataservice"", ""passed"": true, ""warnings"": false, ""failed_gates"": [], ""gate_count"": 5, ""pass_count"": 5}",2026-07-10 18:11:08
220,2025-09-26T08:00:00,2026-07-10T18:11:08.832226+00:00,DK2,88.5,660.5463,nordpool_via_energidataservice,1,"{""record_id"": ""nordpool_via_energidataservice_2025-09-26T08:00:00"", ""source"": ""nordpool_via_energidataservice"", ""passed"": true, ""warnings"": false, ""failed_gates"": [], ""gate_count"": 5, ""pass_count"": 5}",2026-07-10 18:11:08
217,2025-09-26T09:00:00,2026-07-10T18:11:08.832226+00:00,DK1,6.7,50.00746,nordpool_via_energidataservice,1,"{""record_id"": ""nordpool_via_energidataservice_2025-09-26T09:00:00"", ""source"": ""nordpool_via_energidataservice"", ""passed"": true, ""warnings"": false, ""failed_gates"": [], ""gate_count"": 5, ""pass_count"": 5}",2026-07-10 18:11:08
218,2025-09-26T09:00:00,2026-07-10T18:11:08.832226+00:00,DK2,82.690002,617.181637,nordpool_via_energidataservice,1,"{""record_id"": ""nordpool_via_energidataservice_2025-09-26T09:00:00"", ""source"": ""nordpool_via_energidataservice"", ""passed"": true, ""warnings"": false, ""failed_gates"": [], ""gate_count"": 5, ""pass_count"": 5}",2026-07-10 18:11:08
215,2025-09-26T10:00:00,2026-07-10T18:11:08.832226+00:00,DK1,4.1,30.60158,nordpool_via_energidataservice,1,"{""record_id"": ""nordpool_via_energidataservice_2025-09-26T10:00:00"", ""source"": ""nordpool_via_energidataservice"", ""passed"": true, ""warnings"": false, ""failed_gates"": [], ""gate_count"": 5, ""pass_count"": 5}",2026-07-10 18:11:08
216,2025-09-26T10:00:00,2026-07-10T18:11:08.832226+00:00,DK2,75.010002,559.859653,nordpool_via_energidataservice,1,"{""record_id"": ""nordpool_via_energidataservice_2025-09-26T10:00:00"", ""source"": ""nordpool_via_energidataservice"", ""passed"": true, ""warnings"": false, ""failed_gates"": [], ""gate_count"": 5, ""pass_count"": 5}",2026-07-10 18:11:08
213,2025-09-26T11:00:00,2026-07-10T18:11:08.832226+00:00,DK1,5.4,40.30452,nordpool_via_energidataservice,1,"{""record_id"": ""nordpool_via_energidataservice_2025-09-26T11:00:00"", ""source"": ""nordpool_via_energidataservice"", ""passed"": true, ""warnings"": false, ""failed_gates"": [], ""gate_count"": 5, ""pass_count"": 5}",2026-07-10 18:11:08
214,2025-09-26T11:00:00,2026-07-10T18:11:08.832226+00:00,DK2,69.989998,522.391347,nordpool_via_energidataservice,1,"{""record_id"": ""nordpool_via_energidataservice_2025-09-26T11:00:00"", ""source"": ""nordpool_via_energidataservice"", ""passed"": true, ""warnings"": false, ""failed_gates"": [], ""gate_count"": 5, ""pass_count"": 5}",2026-07-10 18:11:08
211,2025-09-26T12:00:00,2026-07-10T18:11:08.832226+00:00,DK1,4.4,32.84072,nordpool_via_energidataservice,1,"{""record_id"": ""nordpool_via_energidataservice_2025-09-26T12:00:00"", ""source"": ""nordpool_via_energidataservice"", ""passed"": true, ""warnings"": false, ""failed_gates"": [], ""gate_count"": 5, ""pass_count"": 5}",2026-07-10 18:11:08
212,2025-09-26T12:00:00,2026-07-10T18:11:08.832226+00:00,DK2,71.889999,536.572575,nordpool_via_energidataservice,1,"{""record_id"": ""nordpool_via_energidataservice_2025-09-26T12:00:00"", ""source"": ""nordpool_via_energidataservice"", ""passed"": true, ""warnings"": false, ""failed_gates"": [], ""gate_count"": 5, ""pass_count"": 5}",2026-07-10 18:11:08
209,2025-09-26T13:00:00,2026-07-10T18:11:08.832226+00:00,DK1,6.84,51.052392,nordpool_via_energidataservice,1,"{""record_id"": ""nordpool_via_energidataservice_2025-09-26T13:00:00"", ""source"": ""nordpool_via_energidataservice"", ""passed"": true, ""warnings"": false, ""failed_gates"": [], ""gate_count"": 5, ""pass_count"": 5}",2026-07-10 18:11:08
210,2025-09-26T13:00:00,2026-07-10T18:11:08.832226+00:00,DK2,75.169998,561.053831,nordpool_via_energidataservice,1,"{""record_id"": ""nordpool_via_energidataservice_2025-09-26T13:00:00"", ""source"": ""nordpool_via_energidataservice"", ""passed"": true, ""warnings"": false, ""failed_gates"": [], ""gate_count"": 5, ""pass_count"": 5}",2026-07-10 18:11:08
207,2025-09-26T14:00:00,2026-07-10T18:11:08.832226+00:00,DK1,6.7,50.00746,nordpool_via_energidataservice,1,"{""record_id"": ""nordpool_via_energidataservice_2025-09-26T14:00:00"", ""source"": ""nordpool_via_energidataservice"", ""passed"": true, ""warnings"": false, ""failed_gates"": [], ""gate_count"": 5, ""pass_count"": 5}",2026-07-10 18:11:08
208,2025-09-26T14:00:00,2026-07-10T18:11:08.832226+00:00,DK2,95.510002,712.867553,nordpool_via_energidataservice,1,"{""record_id"": ""nordpool_via_energidataservice_2025-09-26T14:00:00"", ""source"": ""nordpool_via_energidataservice"", ""passed"": true, ""warnings"": false, ""failed_gates"": [], ""gate_count"": 5, ""pass_count"": 5}",2026-07-10 18:11:08
205,2025-09-26T15:00:00,2026-07-10T18:11:08.832226+00:00,DK1,39.360001,293.775175,nordpool_via_energidataservice,1,"{""record_id"": ""nordpool_via_energidataservice_2025-09-26T15:00:00"", ""source"": ""nordpool_via_energidataservice"", ""passed"": true, ""warnings"": false, ""failed_gates"": [], ""gate_count"": 5, ""pass_count"": 5}",2026-07-10 18:11:08
206,2025-09-26T15:00:00,2026-07-10T18:11:08.832226+00:00,DK2,105.739998,789.222197,nordpool_via_energidataservice,1,"{""record_id"": ""nordpool_via_energidataservice_2025-09-26T15:00:00"", ""source"": ""nordpool_via_energidataservice"", ""passed"": true, ""warnings"": false, ""failed_gates"": [], ""gate_count"": 5, ""pass_count"": 5}",2026-07-10 18:11:08
203,2025-09-26T16:00:00,2026-07-10T18:11:08.832226+00:00,DK1,86.300003,644.125962,nordpool_via_energidataservice,1,"{""record_id"": ""nordpool_via_energidataservice_2025-09-26T16:00:00"", ""source"": ""nordpool_via_energidataservice"", ""passed"": true, ""warnings"": false, ""failed_gates"": [], ""gate_count"": 5, ""pass_count"": 5}",2026-07-10 18:11:08
204,2025-09-26T16:00:00,2026-07-10T18:11:08.832226+00:00,DK2,121.160004,904.314038,nordpool_via_energidataservice,1,"{""record_id"": ""nordpool_via_energidataservice_2025-09-26T16:00:00"", ""source"": ""nordpool_via_energidataservice"", ""passed"": true, ""warnings"": false, ""failed_gates"": [], ""gate_count"": 5, ""pass_count"": 5}",2026-07-10 18:11:08
201,2025-09-26T17:00:00,2026-07-10T18:11:08.832226+00:00,DK1,104.739998,781.758397,nordpool_via_energidataservice,1,"{""record_id"": ""nordpool_via_energidataservice_2025-09-26T17:00:00"", ""source"": ""nordpool_via_energidataservice"", ""passed"": true, ""warnings"": false, ""failed_gates"": [], ""gate_count"": 5, ""pass_count"": 5}",2026-07-10 18:11:08
202,2025-09-26T17:00:00,2026-07-10T18:11:08.832226+00:00,DK2,126.110001,941.259825,nordpool_via_energidataservice,1,"{""record_id"": ""nordpool_via_energidataservice_2025-09-26T17:00:00"", ""source"": ""nordpool_via_energidataservice"", ""passed"": true, ""warnings"": false, ""failed_gates"": [], ""gate_count"": 5, ""pass_count"": 5}",2026-07-10 18:11:08
199,2025-09-26T18:00:00,2026-07-10T18:11:08.832226+00:00,DK1,94.800003,707.568262,nordpool_via_energidataservice,1,"{""record_id"": ""nordpool_via_energidataservice_2025-09-26T18:00:00"", ""source"": ""nordpool_via_energidataservice"", ""passed"": true, ""warnings"": false, ""failed_gates"": [], ""gate_count"": 5, ""pass_count"": 5}",2026-07-10 18:11:08
200,2025-09-26T18:00:00,2026-07-10T18:11:08.832226+00:00,DK2,117.139999,874.309525,nordpool_via_energidataservice,1,"{""record_id"": ""nordpool_via_energidataservice_2025-09-26T18:00:00"", ""source"": ""nordpool_via_energidataservice"", ""passed"": true, ""warnings"": false, ""failed_gates"": [], ""gate_count"": 5, ""pass_count"": 5}",2026-07-10 18:11:08
197,2025-09-26T19:00:00,2026-07-10T18:11:08.832226+00:00,DK1,80.0,597.104,nordpool_via_energidataservice,1,"{""record_id"": ""nordpool_via_energidataservice_2025-09-26T19:00:00"", ""source"": ""nordpool_via_energidataservice"", ""passed"": true, ""warnings"": false, ""failed_gates"": [], ""gate_count"": 5, ""pass_count"": 5}",2026-07-10 18:11:08
198,2025-09-26T19:00:00,2026-07-10T18:11:08.832226+00:00,DK2,94.25,703.46315,nordpool_via_energidataservice,1,"{""record_id"": ""nordpool_via_energidataservice_2025-09-26T19:00:00"", ""source"": ""nordpool_via_energidataservice"", ""passed"": true, ""warnings"": false, ""failed_gates"": [], ""gate_count"": 5, ""pass_count"": 5}",2026-07-10 18:11:08
195,2025-09-26T20:00:00,2026-07-10T18:11:08.832226+00:00,DK1,76.400002,570.234335,nordpool_via_energidataservice,1,"{""record_id"": ""nordpool_via_energidataservice_2025-09-26T20:00:00"", ""source"": ""nordpool_via_energidataservice"", ""passed"": true, ""warnings"": false, ""failed_gates"": [], ""gate_count"": 5, ""pass_count"": 5}",2026-07-10 18:11:08
196,2025-09-26T20:00:00,2026-07-10T18:11:08.832226+00:00,DK2,91.089996,679.877512,nordpool_via_energidataservice,1,"{""record_id"": ""nordpool_via_energidataservice_2025-09-26T20:00:00"", ""source"": ""nordpool_via_energidataservice"", ""passed"": true, ""warnings"": false, ""failed_gates"": [], ""gate_count"": 5, ""pass_count"": 5}",2026-07-10 18:11:08
193,2025-09-26T21:00:00,2026-07-10T18:11:08.832226+00:00,DK1,79.779999,595.461957,nordpool_via_energidataservice,1,"{""record_id"": ""nordpool_via_energidataservice_2025-09-26T21:00:00"", ""source"": ""nordpool_via_energidataservice"", ""passed"": true, ""warnings"": false, ""failed_gates"": [], ""gate_count"": 5, ""pass_count"": 5}",2026-07-10 18:11:08
194,2025-09-26T21:00:00,2026-07-10T18:11:08.832226+00:00,DK2,88.699997,662.039038,nordpool_via_energidataservice,1,"{""record_id"": ""nordpool_via_energidataservice_2025-09-26T21:00:00"", ""source"": ""nordpool_via_energidataservice"", ""passed"": true, ""warnings"": false, ""failed_gates"": [], ""gate_count"": 5, ""pass_count"": 5}",2026-07-10 18:11:08
191,2025-09-26T22:00:00,2026-07-10T18:11:08.832226+00:00,DK1,84.989998,634.348347,nordpool_via_energidataservice,1,"{""record_id"": ""nordpool_via_energidataservice_2025-09-26T22:00:00"", ""source"": ""nordpool_via_energidataservice"", ""passed"": true, ""warnings"": false, ""failed_gates"": [], ""gate_count"": 5, ""pass_count"": 5}",2026-07-10 18:11:08
192,2025-09-26T22:00:00,2026-07-10T18:11:08.832226+00:00,DK2,84.800003,632.930262,nordpool_via_energidataservice,1,"{""record_id"": ""nordpool_via_energidataservice_2025-09-26T22:00:00"", ""source"": ""nordpool_via_energidataservice"", ""passed"": true, ""warnings"": false, ""failed_gates"": [], ""gate_count"": 5, ""pass_count"": 5}",2026-07-10 18:11:08
189,2025-09-26T23:00:00,2026-07-10T18:11:08.832226+00:00,DK1,83.260002,621.436003,nordpool_via_energidataservice,1,"{""record_id"": ""nordpool_via_energidataservice_2025-09-26T23:00:00"", ""source"": ""nordpool_via_energidataservice"", ""passed"": true, ""warnings"": false, ""failed_gates"": [], ""gate_count"": 5, ""pass_count"": 5}",2026-07-10 18:11:08
190,2025-09-26T23:00:00,2026-07-10T18:11:08.832226+00:00,DK2,83.07,620.017866,nordpool_via_energidataservice,1,"{""record_id"": ""nordpool_via_energidataservice_2025-09-26T23:00:00"", ""source"": ""nordpool_via_energidataservice"", ""passed"": true, ""warnings"": false, ""failed_gates"": [], ""gate_count"": 5, ""pass_count"": 5}",2026-07-10 18:11:08
687,2025-09-27 00:00:00,2025-09-27 00:00:00,DK1,82.699997,617.256238,energidataservice_csv,1,,2026-07-12 14:53:34
688,2025-09-27 00:00:00,2025-09-27 00:00:00,DK2,82.510002,615.838153,energidataservice_csv,1,,2026-07-12 14:53:34
685,2025-09-27 01:00:00,2025-09-27 01:00:00,DK1,81.57,608.822166,energidataservice_csv,1,,2026-07-12 14:53:34
686,2025-09-27 01:00:00,2025-09-27 01:00:00,DK2,81.400002,607.553335,energidataservice_csv,1,,2026-07-12 14:53:34
683,2025-09-27 02:00:00,2025-09-27 02:00:00,DK1,80.32,599.492416,energidataservice_csv,1,,2026-07-12 14:53:34
684,2025-09-27 02:00:00,2025-09-27 02:00:00,DK2,80.160004,598.298238,energidataservice_csv,1,,2026-07-12 14:53:34
681,2025-09-27 03:00:00,2025-09-27 03:00:00,DK1,81.620003,609.195378,energidataservice_csv,1,,2026-07-12 14:53:34
682,2025-09-27 03:00:00,2025-09-27 03:00:00,DK2,81.459999,608.001141,energidataservice_csv,1,,2026-07-12 14:53:34
679,2025-09-27 04:00:00,2025-09-27 04:00:00,DK1,90.290001,673.906509,energidataservice_csv,1,,2026-07-12 14:53:34
680,2025-09-27 04:00:00,2025-09-27 04:00:00,DK2,90.089996,672.413712,energidataservice_csv,1,,2026-07-12 14:53:34
677,2025-09-27 05:00:00,2025-09-27 05:00:00,DK1,100.989998,753.769147,energidataservice_csv,1,,2026-07-12 14:53:34
678,2025-09-27 05:00:00,2025-09-27 05:00:00,DK2,100.75,751.97785,energidataservice_csv,1,,2026-07-12 14:53:34
675,2025-09-27 06:00:00,2025-09-27 06:00:00,DK1,106.540001,795.193259,energidataservice_csv,1,,2026-07-12 14:53:34
676,2025-09-27 06:00:00,2025-09-27 06:00:00,DK2,106.290001,793.327309,energidataservice_csv,1,,2026-07-12 14:53:34
673,2025-09-27 07:00:00,2025-09-27 07:00:00,DK1,94.440002,704.881287,energidataservice_csv,1,,2026-07-12 14:53:34
674,2025-09-27 07:00:00,2025-09-27 07:00:00,DK2,94.239998,703.388497,energidataservice_csv,1,,2026-07-12 14:53:34
671,2025-09-27 08:00:00,2025-09-27 08:00:00,DK1,54.369999,405.806799,energidataservice_csv,1,,2026-07-12 14:53:34
672,2025-09-27 08:00:00,2025-09-27 08:00:00,DK2,85.919998,641.289681,energidataservice_csv,1,,2026-07-12 14:53:34
669,2025-09-27 09:00:00,2025-09-27 09:00:00,DK1,15.09,112.628742,energidataservice_csv,1,,2026-07-12 14:53:34
670,2025-09-27 09:00:00,2025-09-27 09:00:00,DK2,71.75,535.52765,energidataservice_csv,1,,2026-07-12 14:53:34
667,2025-09-27 10:00:00,2025-09-27 10:00:00,DK1,5.99,44.708162,energidataservice_csv,1,,2026-07-12 14:53:34
668,2025-09-27 10:00:00,2025-09-27 10:00:00,DK2,56.849998,424.317015,energidataservice_csv,1,,2026-07-12 14:53:34
665,2025-09-27 11:00:00,2025-09-27 11:00:00,DK1,7.4,55.23212,energidataservice_csv,1,,2026-07-12 14:53:34
666,2025-09-27 11:00:00,2025-09-27 11:00:00,DK2,36.09,269.368542,energidataservice_csv,1,,2026-07-12 14:53:34
663,2025-09-27 12:00:00,2025-09-27 12:00:00,DK1,10.0,74.638,energidataservice_csv,1,,2026-07-12 14:53:34
664,2025-09-27 12:00:00,2025-09-27 12:00:00,DK2,44.990002,335.796377,energidataservice_csv,1,,2026-07-12 14:53:34
661,2025-09-27 13:00:00,2025-09-27 13:00:00,DK1,54.689999,408.195215,energidataservice_csv,1,,2026-07-12 14:53:34
662,2025-09-27 13:00:00,2025-09-27 13:00:00,DK2,65.760002,490.819503,energidataservice_csv,1,,2026-07-12 14:53:34
659,2025-09-27 14:00:00,2025-09-27 14:00:00,DK1,85.669998,639.423731,energidataservice_csv,1,,2026-07-12 14:53:34
660,2025-09-27 14:00:00,2025-09-27 14:00:00,DK2,85.510002,638.229553,energidataservice_csv,1,,2026-07-12 14:53:34
657,2025-09-27 15:00:00,2025-09-27 15:00:00,DK1,106.5,794.8947,energidataservice_csv,1,,2026-07-12 14:53:34
658,2025-09-27 15:00:00,2025-09-27 15:00:00,DK2,106.510002,794.969353,energidataservice_csv,1,,2026-07-12 14:53:34
655,2025-09-27 16:00:00,2025-09-27 16:00:00,DK1,132.929993,992.162882,energidataservice_csv,1,,2026-07-12 14:53:34
656,2025-09-27 16:00:00,2025-09-27 16:00:00,DK2,132.839996,991.491162,energidataservice_csv,1,,2026-07-12 14:53:34
653,2025-09-27 17:00:00,2025-09-27 17:00:00,DK1,145.919998,1089.117681,energidataservice_csv,1,,2026-07-12 14:53:34
654,2025-09-27 17:00:00,2025-09-27 17:00:00,DK2,145.880005,1088.819181,energidataservice_csv,1,,2026-07-12 14:53:34
651,2025-09-27 18:00:00,2025-09-27 18:00:00,DK1,122.529999,914.539407,energidataservice_csv,1,,2026-07-12 14:53:34
652,2025-09-27 18:00:00,2025-09-27 18:00:00,DK2,122.449997,913.942288,energidataservice_csv,1,,2026-07-12 14:53:34
649,2025-09-27 19:00:00,2025-09-27 19:00:00,DK1,113.019997,843.558654,energidataservice_csv,1,,2026-07-12 14:53:34
650,2025-09-27 19:00:00,2025-09-27 19:00:00,DK2,112.830002,842.140569,energidataservice_csv,1,,2026-07-12 14:53:34
647,2025-09-27 20:00:00,2025-09-27 20:00:00,DK1,104.639999,781.012025,energidataservice_csv,1,,2026-07-12 14:53:34
648,2025-09-27 20:00:00,2025-09-27 20:00:00,DK2,104.440002,779.519287,energidataservice_csv,1,,2026-07-12 14:53:34
645,2025-09-27 21:00:00,2025-09-27 21:00:00,DK1,99.540001,742.946659,energidataservice_csv,1,,2026-07-12 14:53:34
646,2025-09-27 21:00:00,2025-09-27 21:00:00,DK2,99.269997,740.931404,energidataservice_csv,1,,2026-07-12 14:53:34
643,2025-09-27 22:00:00,2025-09-27 22:00:00,DK1,95.349998,711.673315,energidataservice_csv,1,,2026-07-12 14:53:34
644,2025-09-27 22:00:00,2025-09-27 22:00:00,DK2,95.07,709.583466,energidataservice_csv,1,,2026-07-12 14:53:34
641,2025-09-27 23:00:00,2025-09-27 23:00:00,DK1,92.330002,689.132669,energidataservice_csv,1,,2026-07-12 14:53:34
642,2025-09-27 23:00:00,2025-09-27 23:00:00,DK2,95.07,709.583466,energidataservice_csv,1,,2026-07-12 14:53:34
187,2025-09-27T00:00:00,2026-07-10T18:11:08.832226+00:00,DK1,82.699997,617.256238,nordpool_via_energidataservice,1,"{""record_id"": ""nordpool_via_energidataservice_2025-09-27T00:00:00"", ""source"": ""nordpool_via_energidataservice"", ""passed"": true, ""warnings"": false, ""failed_gates"": [], ""gate_count"": 5, ""pass_count"": 5}",2026-07-10 18:11:08
188,2025-09-27T00:00:00,2026-07-10T18:11:08.832226+00:00,DK2,82.510002,615.838153,nordpool_via_energidataservice,1,"{""record_id"": ""nordpool_via_energidataservice_2025-09-27T00:00:00"", ""source"": ""nordpool_via_energidataservice"", ""passed"": true, ""warnings"": false, ""failed_gates"": [], ""gate_count"": 5, ""pass_count"": 5}",2026-07-10 18:11:08
185,2025-09-27T01:00:00,2026-07-10T18:11:08.832226+00:00,DK1,81.57,608.822166,nordpool_via_energidataservice,1,"{""record_id"": ""nordpool_via_energidataservice_2025-09-27T01:00:00"", ""source"": ""nordpool_via_energidataservice"", ""passed"": true, ""warnings"": false, ""failed_gates"": [], ""gate_count"": 5, ""pass_count"": 5}",2026-07-10 18:11:08
186,2025-09-27T01:00:00,2026-07-10T18:11:08.832226+00:00,DK2,81.400002,607.553335,nordpool_via_energidataservice,1,"{""record_id"": ""nordpool_via_energidataservice_2025-09-27T01:00:00"", ""source"": ""nordpool_via_energidataservice"", ""passed"": true, ""warnings"": false, ""failed_gates"": [], ""gate_count"": 5, ""pass_count"": 5}",2026-07-10 18:11:08
183,2025-09-27T02:00:00,2026-07-10T18:11:08.832226+00:00,DK1,80.32,599.492416,nordpool_via_energidataservice,1,"{""record_id"": ""nordpool_via_energidataservice_2025-09-27T02:00:00"", ""source"": ""nordpool_via_energidataservice"", ""passed"": true, ""warnings"": false, ""failed_gates"": [], ""gate_count"": 5, ""pass_count"": 5}",2026-07-10 18:11:08
184,2025-09-27T02:00:00,2026-07-10T18:11:08.832226+00:00,DK2,80.160004,598.298238,nordpool_via_energidataservice,1,"{""record_id"": ""nordpool_via_energidataservice_2025-09-27T02:00:00"", ""source"": ""nordpool_via_energidataservice"", ""passed"": true, ""warnings"": false, ""failed_gates"": [], ""gate_count"": 5, ""pass_count"": 5}",2026-07-10 18:11:08
181,2025-09-27T03:00:00,2026-07-10T18:11:08.832226+00:00,DK1,81.620003,609.195378,nordpool_via_energidataservice,1,"{""record_id"": ""nordpool_via_energidataservice_2025-09-27T03:00:00"", ""source"": ""nordpool_via_energidataservice"", ""passed"": true, ""warnings"": false, ""failed_gates"": [], ""gate_count"": 5, ""pass_count"": 5}",2026-07-10 18:11:08
182,2025-09-27T03:00:00,2026-07-10T18:11:08.832226+00:00,DK2,81.459999,608.001141,nordpool_via_energidataservice,1,"{""record_id"": ""nordpool_via_energidataservice_2025-09-27T03:00:00"", ""source"": ""nordpool_via_energidataservice"", ""passed"": true, ""warnings"": false, ""failed_gates"": [], ""gate_count"": 5, ""pass_count"": 5}",2026-07-10 18:11:08
179,2025-09-27T04:00:00,2026-07-10T18:11:08.832226+00:00,DK1,90.290001,673.906509,nordpool_via_energidataservice,1,"{""record_id"": ""nordpool_via_energidataservice_2025-09-27T04:00:00"", ""source"": ""nordpool_via_energidataservice"", ""passed"": true, ""warnings"": false, ""failed_gates"": [], ""gate_count"": 5, ""pass_count"": 5}",2026-07-10 18:11:08
180,2025-09-27T04:00:00,2026-07-10T18:11:08.832226+00:00,DK2,90.089996,672.413712,nordpool_via_energidataservice,1,"{""record_id"": ""nordpool_via_energidataservice_2025-09-27T04:00:00"", ""source"": ""nordpool_via_energidataservice"", ""passed"": true, ""warnings"": false, ""failed_gates"": [], ""gate_count"": 5, ""pass_count"": 5}",2026-07-10 18:11:08
177,2025-09-27T05:00:00,2026-07-10T18:11:08.832226+00:00,DK1,100.989998,753.769147,nordpool_via_energidataservice,1,"{""record_id"": ""nordpool_via_energidataservice_2025-09-27T05:00:00"", ""source"": ""nordpool_via_energidataservice"", ""passed"": true, ""warnings"": false, ""failed_gates"": [], ""gate_count"": 5, ""pass_count"": 5}",2026-07-10 18:11:08
178,2025-09-27T05:00:00,2026-07-10T18:11:08.832226+00:00,DK2,100.75,751.97785,nordpool_via_energidataservice,1,"{""record_id"": ""nordpool_via_energidataservice_2025-09-27T05:00:00"", ""source"": ""nordpool_via_energidataservice"", ""passed"": true, ""warnings"": false, ""failed_gates"": [], ""gate_count"": 5, ""pass_count"": 5}",2026-07-10 18:11:08
175,2025-09-27T06:00:00,2026-07-10T18:11:08.832226+00:00,DK1,106.540001,795.193259,nordpool_via_energidataservice,1,"{""record_id"": ""nordpool_via_energidataservice_2025-09-27T06:00:00"", ""source"": ""nordpool_via_energidataservice"", ""passed"": true, ""warnings"": false, ""failed_gates"": [], ""gate_count"": 5, ""pass_count"": 5}",2026-07-10 18:11:08
176,2025-09-27T06:00:00,2026-07-10T18:11:08.832226+00:00,DK2,106.290001,793.327309,nordpool_via_energidataservice,1,"{""record_id"": ""nordpool_via_energidataservice_2025-09-27T06:00:00"", ""source"": ""nordpool_via_energidataservice"", ""passed"": true, ""warnings"": false, ""failed_gates"": [], ""gate_count"": 5, ""pass_count"": 5}",2026-07-10 18:11:08
173,2025-09-27T07:00:00,2026-07-10T18:11:08.832226+00:00,DK1,94.440002,704.881287,nordpool_via_energidataservice,1,"{""record_id"": ""nordpool_via_energidataservice_2025-09-27T07:00:00"", ""source"": ""nordpool_via_energidataservice"", ""passed"": true, ""warnings"": false, ""failed_gates"": [], ""gate_count"": 5, ""pass_count"": 5}",2026-07-10 18:11:08
174,2025-09-27T07:00:00,2026-07-10T18:11:08.832226+00:00,DK2,94.239998,703.388497,nordpool_via_energidataservice,1,"{""record_id"": ""nordpool_via_energidataservice_2025-09-27T07:00:00"", ""source"": ""nordpool_via_energidataservice"", ""passed"": true, ""warnings"": false, ""failed_gates"": [], ""gate_count"": 5, ""pass_count"": 5}",2026-07-10 18:11:08
171,2025-09-27T08:00:00,2026-07-10T18:11:08.832226+00:00,DK1,54.369999,405.806799,nordpool_via_energidataservice,1,"{""record_id"": ""nordpool_via_energidataservice_2025-09-27T08:00:00"", ""source"": ""nordpool_via_energidataservice"", ""passed"": true, ""warnings"": false, ""failed_gates"": [], ""gate_count"": 5, ""pass_count"": 5}",2026-07-10 18:11:08
172,2025-09-27T08:00:00,2026-07-10T18:11:08.832226+00:00,DK2,85.919998,641.289681,nordpool_via_energidataservice,1,"{""record_id"": ""nordpool_via_energidataservice_2025-09-27T08:00:00"", ""source"": ""nordpool_via_energidataservice"", ""passed"": true, ""warnings"": false, ""failed_gates"": [], ""gate_count"": 5, ""pass_count"": 5}",2026-07-10 18:11:08
169,2025-09-27T09:00:00,2026-07-10T18:11:08.832226+00:00,DK1,15.09,112.628742,nordpool_via_energidataservice,1,"{""record_id"": ""nordpool_via_energidataservice_2025-09-27T09:00:00"", ""source"": ""nordpool_via_energidataservice"", ""passed"": true, ""warnings"": false, ""failed_gates"": [], ""gate_count"": 5, ""pass_count"": 5}",2026-07-10 18:11:08
170,2025-09-27T09:00:00,2026-07-10T18:11:08.832226+00:00,DK2,71.75,535.52765,nordpool_via_energidataservice,1,"{""record_id"": ""nordpool_via_energidataservice_2025-09-27T09:00:00"", ""source"": ""nordpool_via_energidataservice"", ""passed"": true, ""warnings"": false, ""failed_gates"": [], ""gate_count"": 5, ""pass_count"": 5}",2026-07-10 18:11:08
167,2025-09-27T10:00:00,2026-07-10T18:11:08.832226+00:00,DK1,5.99,44.708162,nordpool_via_energidataservice,1,"{""record_id"": ""nordpool_via_energidataservice_2025-09-27T10:00:00"", ""source"": ""nordpool_via_energidataservice"", ""passed"": true, ""warnings"": false, ""failed_gates"": [], ""gate_count"": 5, ""pass_count"": 5}",2026-07-10 18:11:08
168,2025-09-27T10:00:00,2026-07-10T18:11:08.832226+00:00,DK2,56.849998,424.317015,nordpool_via_energidataservice,1,"{""record_id"": ""nordpool_via_energidataservice_2025-09-27T10:00:00"", ""source"": ""nordpool_via_energidataservice"", ""passed"": true, ""warnings"": false, ""failed_gates"": [], ""gate_count"": 5, ""pass_count"": 5}",2026-07-10 18:11:08
165,2025-09-27T11:00:00,2026-07-10T18:11:08.832226+00:00,DK1,7.4,55.23212,nordpool_via_energidataservice,1,"{""record_id"": ""nordpool_via_energidataservice_2025-09-27T11:00:00"", ""source"": ""nordpool_via_energidataservice"", ""passed"": true, ""warnings"": false, ""failed_gates"": [], ""gate_count"": 5, ""pass_count"": 5}",2026-07-10 18:11:08
166,2025-09-27T11:00:00,2026-07-10T18:11:08.832226+00:00,DK2,36.09,269.368542,nordpool_via_energidataservice,1,"{""record_id"": ""nordpool_via_energidataservice_2025-09-27T11:00:00"", ""source"": ""nordpool_via_energidataservice"", ""passed"": true, ""warnings"": false, ""failed_gates"": [], ""gate_count"": 5, ""pass_count"": 5}",2026-07-10 18:11:08
163,2025-09-27T12:00:00,2026-07-10T18:11:08.832226+00:00,DK1,10.0,74.638,nordpool_via_energidataservice,1,"{""record_id"": ""nordpool_via_energidataservice_2025-09-27T12:00:00"", ""source"": ""nordpool_via_energidataservice"", ""passed"": true, ""warnings"": false, ""failed_gates"": [], ""gate_count"": 5, ""pass_count"": 5}",2026-07-10 18:11:08
164,2025-09-27T12:00:00,2026-07-10T18:11:08.832226+00:00,DK2,44.990002,335.796377,nordpool_via_energidataservice,1,"{""record_id"": ""nordpool_via_energidataservice_2025-09-27T12:00:00"", ""source"": ""nordpool_via_energidataservice"", ""passed"": true, ""warnings"": false, ""failed_gates"": [], ""gate_count"": 5, ""pass_count"": 5}",2026-07-10 18:11:08
161,2025-09-27T13:00:00,2026-07-10T18:11:08.832226+00:00,DK1,54.689999,408.195215,nordpool_via_energidataservice,1,"{""record_id"": ""nordpool_via_energidataservice_2025-09-27T13:00:00"", ""source"": ""nordpool_via_energidataservice"", ""passed"": true, ""warnings"": false, ""failed_gates"": [], ""gate_count"": 5, ""pass_count"": 5}",2026-07-10 18:11:08
162,2025-09-27T13:00:00,2026-07-10T18:11:08.832226+00:00,DK2,65.760002,490.819503,nordpool_via_energidataservice,1,"{""record_id"": ""nordpool_via_energidataservice_2025-09-27T13:00:00"", ""source"": ""nordpool_via_energidataservice"", ""passed"": true, ""warnings"": false, ""failed_gates"": [], ""gate_count"": 5, ""pass_count"": 5}",2026-07-10 18:11:08
159,2025-09-27T14:00:00,2026-07-10T18:11:08.832226+00:00,DK1,85.669998,639.423731,nordpool_via_energidataservice,1,"{""record_id"": ""nordpool_via_energidataservice_2025-09-27T14:00:00"", ""source"": ""nordpool_via_energidataservice"", ""passed"": true, ""warnings"": false, ""failed_gates"": [], ""gate_count"": 5, ""pass_count"": 5}",2026-07-10 18:11:08
160,2025-09-27T14:00:00,2026-07-10T18:11:08.832226+00:00,DK2,85.510002,638.229553,nordpool_via_energidataservice,1,"{""record_id"": ""nordpool_via_energidataservice_2025-09-27T14:00:00"", ""source"": ""nordpool_via_energidataservice"", ""passed"": true, ""warnings"": false, ""failed_gates"": [], ""gate_count"": 5, ""pass_count"": 5}",2026-07-10 18:11:08
157,2025-09-27T15:00:00,2026-07-10T18:11:08.832226+00:00,DK1,106.5,794.8947,nordpool_via_energidataservice,1,"{""record_id"": ""nordpool_via_energidataservice_2025-09-27T15:00:00"", ""source"": ""nordpool_via_energidataservice"", ""passed"": true, ""warnings"": false, ""failed_gates"": [], ""gate_count"": 5, ""pass_count"": 5}",2026-07-10 18:11:08
158,2025-09-27T15:00:00,2026-07-10T18:11:08.832226+00:00,DK2,106.510002,794.969353,nordpool_via_energidataservice,1,"{""record_id"": ""nordpool_via_energidataservice_2025-09-27T15:00:00"", ""source"": ""nordpool_via_energidataservice"", ""passed"": true, ""warnings"": false, ""failed_gates"": [], ""gate_count"": 5, ""pass_count"": 5}",2026-07-10 18:11:08
155,2025-09-27T16:00:00,2026-07-10T18:11:08.832226+00:00,DK1,132.929993,992.162882,nordpool_via_energidataservice,1,"{""record_id"": ""nordpool_via_energidataservice_2025-09-27T16:00:00"", ""source"": ""nordpool_via_energidataservice"", ""passed"": true, ""warnings"": false, ""failed_gates"": [], ""gate_count"": 5, ""pass_count"": 5}",2026-07-10 18:11:08
156,2025-09-27T16:00:00,2026-07-10T18:11:08.832226+00:00,DK2,132.839996,991.491162,nordpool_via_energidataservice,1,"{""record_id"": ""nordpool_via_energidataservice_2025-09-27T16:00:00"", ""source"": ""nordpool_via_energidataservice"", ""passed"": true, ""warnings"": false, ""failed_gates"": [], ""gate_count"": 5, ""pass_count"": 5}",2026-07-10 18:11:08
153,2025-09-27T17:00:00,2026-07-10T18:11:08.832226+00:00,DK1,145.919998,1089.117681,nordpool_via_energidataservice,1,"{""record_id"": ""nordpool_via_energidataservice_2025-09-27T17:00:00"", ""source"": ""nordpool_via_energidataservice"", ""passed"": true, ""warnings"": false, ""failed_gates"": [], ""gate_count"": 5, ""pass_count"": 5}",2026-07-10 18:11:08
154,2025-09-27T17:00:00,2026-07-10T18:11:08.832226+00:00,DK2,145.880005,1088.819181,nordpool_via_energidataservice,1,"{""record_id"": ""nordpool_via_energidataservice_2025-09-27T17:00:00"", ""source"": ""nordpool_via_energidataservice"", ""passed"": true, ""warnings"": false, ""failed_gates"": [], ""gate_count"": 5, ""pass_count"": 5}",2026-07-10 18:11:08
151,2025-09-27T18:00:00,2026-07-10T18:11:08.832226+00:00,DK1,122.529999,914.539407,nordpool_via_energidataservice,1,"{""record_id"": ""nordpool_via_energidataservice_2025-09-27T18:00:00"", ""source"": ""nordpool_via_energidataservice"", ""passed"": true, ""warnings"": false, ""failed_gates"": [], ""gate_count"": 5, ""pass_count"": 5}",2026-07-10 18:11:08
152,2025-09-27T18:00:00,2026-07-10T18:11:08.832226+00:00,DK2,122.449997,913.942288,nordpool_via_energidataservice,1,"{""record_id"": ""nordpool_via_energidataservice_2025-09-27T18:00:00"", ""source"": ""nordpool_via_energidataservice"", ""passed"": true, ""warnings"": false, ""failed_gates"": [], ""gate_count"": 5, ""pass_count"": 5}",2026-07-10 18:11:08
149,2025-09-27T19:00:00,2026-07-10T18:11:08.832226+00:00,DK1,113.019997,843.558654,nordpool_via_energidataservice,1,"{""record_id"": ""nordpool_via_energidataservice_2025-09-27T19:00:00"", ""source"": ""nordpool_via_energidataservice"", ""passed"": true, ""warnings"": false, ""failed_gates"": [], ""gate_count"": 5, ""pass_count"": 5}",2026-07-10 18:11:08
150,2025-09-27T19:00:00,2026-07-10T18:11:08.832226+00:00,DK2,112.830002,842.140569,nordpool_via_energidataservice,1,"{""record_id"": ""nordpool_via_energidataservice_2025-09-27T19:00:00"", ""source"": ""nordpool_via_energidataservice"", ""passed"": true, ""warnings"": false, ""failed_gates"": [], ""gate_count"": 5, ""pass_count"": 5}",2026-07-10 18:11:08
147,2025-09-27T20:00:00,2026-07-10T18:11:08.832226+00:00,DK1,104.639999,781.012025,nordpool_via_energidataservice,1,"{""record_id"": ""nordpool_via_energidataservice_2025-09-27T20:00:00"", ""source"": ""nordpool_via_energidataservice"", ""passed"": true, ""warnings"": false, ""failed_gates"": [], ""gate_count"": 5, ""pass_count"": 5}",2026-07-10 18:11:08
148,2025-09-27T20:00:00,2026-07-10T18:11:08.832226+00:00,DK2,104.440002,779.519287,nordpool_via_energidataservice,1,"{""record_id"": ""nordpool_via_energidataservice_2025-09-27T20:00:00"", ""source"": ""nordpool_via_energidataservice"", ""passed"": true, ""warnings"": false, ""failed_gates"": [], ""gate_count"": 5, ""pass_count"": 5}",2026-07-10 18:11:08
145,2025-09-27T21:00:00,2026-07-10T18:11:08.832226+00:00,DK1,99.540001,742.946659,nordpool_via_energidataservice,1,"{""record_id"": ""nordpool_via_energidataservice_2025-09-27T21:00:00"", ""source"": ""nordpool_via_energidataservice"", ""passed"": true, ""warnings"": false, ""failed_gates"": [], ""gate_count"": 5, ""pass_count"": 5}",2026-07-10 18:11:08
146,2025-09-27T21:00:00,2026-07-10T18:11:08.832226+00:00,DK2,99.269997,740.931404,nordpool_via_energidataservice,1,"{""record_id"": ""nordpool_via_energidataservice_2025-09-27T21:00:00"", ""source"": ""nordpool_via_energidataservice"", ""passed"": true, ""warnings"": false, ""failed_gates"": [], ""gate_count"": 5, ""pass_count"": 5}",2026-07-10 18:11:08
143,2025-09-27T22:00:00,2026-07-10T18:11:08.832226+00:00,DK1,95.349998,711.673315,nordpool_via_energidataservice,1,"{""record_id"": ""nordpool_via_energidataservice_2025-09-27T22:00:00"", ""source"": ""nordpool_via_energidataservice"", ""passed"": true, ""warnings"": false, ""failed_gates"": [], ""gate_count"": 5, ""pass_count"": 5}",2026-07-10 18:11:08
144,2025-09-27T22:00:00,2026-07-10T18:11:08.832226+00:00,DK2,95.07,709.583466,nordpool_via_energidataservice,1,"{""record_id"": ""nordpool_via_energidataservice_2025-09-27T22:00:00"", ""source"": ""nordpool_via_energidataservice"", ""passed"": true, ""warnings"": false, ""failed_gates"": [], ""gate_count"": 5, ""pass_count"": 5}",2026-07-10 18:11:08
141,2025-09-27T23:00:00,2026-07-10T18:11:08.832226+00:00,DK1,92.330002,689.132669,nordpool_via_energidataservice,1,"{""record_id"": ""nordpool_via_energidataservice_2025-09-27T23:00:00"", ""source"": ""nordpool_via_energidataservice"", ""passed"": true, ""warnings"": false, ""failed_gates"": [], ""gate_count"": 5, ""pass_count"": 5}",2026-07-10 18:11:08
142,2025-09-27T23:00:00,2026-07-10T18:11:08.832226+00:00,DK2,95.07,709.583466,nordpool_via_energidataservice,1,"{""record_id"": ""nordpool_via_energidataservice_2025-09-27T23:00:00"", ""source"": ""nordpool_via_energidataservice"", ""passed"": true, ""warnings"": false, ""failed_gates"": [], ""gate_count"": 5, ""pass_count"": 5}",2026-07-10 18:11:08
639,2025-09-28 00:00:00,2025-09-28 00:00:00,DK1,91.970001,686.445693,energidataservice_csv,1,,2026-07-12 14:53:34
640,2025-09-28 00:00:00,2025-09-28 00:00:00,DK2,94.089996,702.268912,energidataservice_csv,1,,2026-07-12 14:53:34
637,2025-09-28 01:00:00,2025-09-28 01:00:00,DK1,91.470001,682.713793,energidataservice_csv,1,,2026-07-12 14:53:34
638,2025-09-28 01:00:00,2025-09-28 01:00:00,DK2,91.25,681.07175,energidataservice_csv,1,,2026-07-12 14:53:34
635,2025-09-28 02:00:00,2025-09-28 02:00:00,DK1,97.769997,729.735704,energidataservice_csv,1,,2026-07-12 14:53:34
636,2025-09-28 02:00:00,2025-09-28 02:00:00,DK2,97.519997,727.869754,energidataservice_csv,1,,2026-07-12 14:53:34
633,2025-09-28 03:00:00,2025-09-28 03:00:00,DK1,97.580002,728.317619,energidataservice_csv,1,,2026-07-12 14:53:34
634,2025-09-28 03:00:00,2025-09-28 03:00:00,DK2,97.32,726.377016,energidataservice_csv,1,,2026-07-12 14:53:34
631,2025-09-28 04:00:00,2025-09-28 04:00:00,DK1,100.910004,753.172088,energidataservice_csv,1,,2026-07-12 14:53:34
632,2025-09-28 04:00:00,2025-09-28 04:00:00,DK2,100.620003,751.007578,energidataservice_csv,1,,2026-07-12 14:53:34
629,2025-09-28 05:00:00,2025-09-28 05:00:00,DK1,105.790001,789.595409,energidataservice_csv,1,,2026-07-12 14:53:34
630,2025-09-28 05:00:00,2025-09-28 05:00:00,DK2,105.489998,787.356247,energidataservice_csv,1,,2026-07-12 14:53:34
627,2025-09-28 06:00:00,2025-09-28 06:00:00,DK1,98.769997,737.199504,energidataservice_csv,1,,2026-07-12 14:53:34
628,2025-09-28 06:00:00,2025-09-28 06:00:00,DK2,98.540001,735.482859,energidataservice_csv,1,,2026-07-12 14:53:34
625,2025-09-28 07:00:00,2025-09-28 07:00:00,DK1,95.040001,709.359559,energidataservice_csv,1,,2026-07-12 14:53:34
626,2025-09-28 07:00:00,2025-09-28 07:00:00,DK2,94.82,707.717516,energidataservice_csv,1,,2026-07-12 14:53:34
623,2025-09-28 08:00:00,2025-09-28 08:00:00,DK1,82.080002,612.628719,energidataservice_csv,1,,2026-07-12 14:53:34
624,2025-09-28 08:00:00,2025-09-28 08:00:00,DK2,81.889999,611.210575,energidataservice_csv,1,,2026-07-12 14:53:34
621,2025-09-28 09:00:00,2025-09-28 09:00:00,DK1,37.470001,279.668593,energidataservice_csv,1,,2026-07-12 14:53:34
622,2025-09-28 09:00:00,2025-09-28 09:00:00,DK2,34.529999,257.725007,energidataservice_csv,1,,2026-07-12 14:53:34
619,2025-09-28 10:00:00,2025-09-28 10:00:00,DK1,17.110001,127.705625,energidataservice_csv,1,,2026-07-12 14:53:34
620,2025-09-28 10:00:00,2025-09-28 10:00:00,DK2,20.030001,149.499921,energidataservice_csv,1,,2026-07-12 14:53:34
617,2025-09-28 11:00:00,2025-09-28 11:00:00,DK1,8.53,63.666214,energidataservice_csv,1,,2026-07-12 14:53:34
618,2025-09-28 11:00:00,2025-09-28 11:00:00,DK2,8.54,63.740852,energidataservice_csv,1,,2026-07-12 14:53:34
615,2025-09-28 12:00:00,2025-09-28 12:00:00,DK1,13.0,97.0294,energidataservice_csv,1,,2026-07-12 14:53:34
616,2025-09-28 12:00:00,2025-09-28 12:00:00,DK2,30.049999,224.287183,energidataservice_csv,1,,2026-07-12 14:53:34
613,2025-09-28 13:00:00,2025-09-28 13:00:00,DK1,61.330002,457.754869,energidataservice_csv,1,,2026-07-12 14:53:34
614,2025-09-28 13:00:00,2025-09-28 13:00:00,DK2,44.23,330.123874,energidataservice_csv,1,,2026-07-12 14:53:34
611,2025-09-28 14:00:00,2025-09-28 14:00:00,DK1,86.0,641.8868,energidataservice_csv,1,,2026-07-12 14:53:34
612,2025-09-28 14:00:00,2025-09-28 14:00:00,DK2,85.919998,641.289681,energidataservice_csv,1,,2026-07-12 14:53:34
609,2025-09-28 15:00:00,2025-09-28 15:00:00,DK1,105.889999,790.341775,energidataservice_csv,1,,2026-07-12 14:53:34
610,2025-09-28 15:00:00,2025-09-28 15:00:00,DK2,105.889999,790.341775,energidataservice_csv,1,,2026-07-12 14:53:34
607,2025-09-28 16:00:00,2025-09-28 16:00:00,DK1,131.020004,977.907106,energidataservice_csv,1,,2026-07-12 14:53:34
608,2025-09-28 16:00:00,2025-09-28 16:00:00,DK2,130.970001,977.533893,energidataservice_csv,1,,2026-07-12 14:53:34
605,2025-09-28 17:00:00,2025-09-28 17:00:00,DK1,137.970001,1029.780493,energidataservice_csv,1,,2026-07-12 14:53:34
606,2025-09-28 17:00:00,2025-09-28 17:00:00,DK2,137.789993,1028.43695,energidataservice_csv,1,,2026-07-12 14:53:34
603,2025-09-28 18:00:00,2025-09-28 18:00:00,DK1,125.93,939.916334,energidataservice_csv,1,,2026-07-12 14:53:34
604,2025-09-28 18:00:00,2025-09-28 18:00:00,DK2,125.650002,937.826485,energidataservice_csv,1,,2026-07-12 14:53:34
601,2025-09-28 19:00:00,2025-09-28 19:00:00,DK1,113.510002,847.215953,energidataservice_csv,1,,2026-07-12 14:53:34
602,2025-09-28 19:00:00,2025-09-28 19:00:00,DK2,113.169998,844.678231,energidataservice_csv,1,,2026-07-12 14:53:34
599,2025-09-28 20:00:00,2025-09-28 20:00:00,DK1,102.290001,763.472109,energidataservice_csv,1,,2026-07-12 14:53:34
600,2025-09-28 20:00:00,2025-09-28 20:00:00,DK2,101.989998,761.232947,energidataservice_csv,1,,2026-07-12 14:53:34
597,2025-09-28 21:00:00,2025-09-28 21:00:00,DK1,95.739998,714.584197,energidataservice_csv,1,,2026-07-12 14:53:34
598,2025-09-28 21:00:00,2025-09-28 21:00:00,DK2,95.470001,712.568993,energidataservice_csv,1,,2026-07-12 14:53:34
595,2025-09-28 22:00:00,2025-09-28 22:00:00,DK1,90.949997,678.832588,energidataservice_csv,1,,2026-07-12 14:53:34
596,2025-09-28 22:00:00,2025-09-28 22:00:00,DK2,90.709999,677.041291,energidataservice_csv,1,,2026-07-12 14:53:34
593,2025-09-28 23:00:00,2025-09-28 23:00:00,DK1,88.760002,662.486903,energidataservice_csv,1,,2026-07-12 14:53:34
594,2025-09-28 23:00:00,2025-09-28 23:00:00,DK2,88.519997,660.695554,energidataservice_csv,1,,2026-07-12 14:53:34
139,2025-09-28T00:00:00,2026-07-10T18:11:08.832226+00:00,DK1,91.970001,686.445693,nordpool_via_energidataservice,1,"{""record_id"": ""nordpool_via_energidataservice_2025-09-28T00:00:00"", ""source"": ""nordpool_via_energidataservice"", ""passed"": true, ""warnings"": false, ""failed_gates"": [], ""gate_count"": 5, ""pass_count"": 5}",2026-07-10 18:11:08
140,2025-09-28T00:00:00,2026-07-10T18:11:08.832226+00:00,DK2,94.089996,702.268912,nordpool_via_energidataservice,1,"{""record_id"": ""nordpool_via_energidataservice_2025-09-28T00:00:00"", ""source"": ""nordpool_via_energidataservice"", ""passed"": true, ""warnings"": false, ""failed_gates"": [], ""gate_count"": 5, ""pass_count"": 5}",2026-07-10 18:11:08
137,2025-09-28T01:00:00,2026-07-10T18:11:08.832226+00:00,DK1,91.470001,682.713793,nordpool_via_energidataservice,1,"{""record_id"": ""nordpool_via_energidataservice_2025-09-28T01:00:00"", ""source"": ""nordpool_via_energidataservice"", ""passed"": true, ""warnings"": false, ""failed_gates"": [], ""gate_count"": 5, ""pass_count"": 5}",2026-07-10 18:11:08
138,2025-09-28T01:00:00,2026-07-10T18:11:08.832226+00:00,DK2,91.25,681.07175,nordpool_via_energidataservice,1,"{""record_id"": ""nordpool_via_energidataservice_2025-09-28T01:00:00"", ""source"": ""nordpool_via_energidataservice"", ""passed"": true, ""warnings"": false, ""failed_gates"": [], ""gate_count"": 5, ""pass_count"": 5}",2026-07-10 18:11:08
135,2025-09-28T02:00:00,2026-07-10T18:11:08.832226+00:00,DK1,97.769997,729.735704,nordpool_via_energidataservice,1,"{""record_id"": ""nordpool_via_energidataservice_2025-09-28T02:00:00"", ""source"": ""nordpool_via_energidataservice"", ""passed"": true, ""warnings"": false, ""failed_gates"": [], ""gate_count"": 5, ""pass_count"": 5}",2026-07-10 18:11:08
136,2025-09-28T02:00:00,2026-07-10T18:11:08.832226+00:00,DK2,97.519997,727.869754,nordpool_via_energidataservice,1,"{""record_id"": ""nordpool_via_energidataservice_2025-09-28T02:00:00"", ""source"": ""nordpool_via_energidataservice"", ""passed"": true, ""warnings"": false, ""failed_gates"": [], ""gate_count"": 5, ""pass_count"": 5}",2026-07-10 18:11:08
133,2025-09-28T03:00:00,2026-07-10T18:11:08.832226+00:00,DK1,97.580002,728.317619,nordpool_via_energidataservice,1,"{""record_id"": ""nordpool_via_energidataservice_2025-09-28T03:00:00"", ""source"": ""nordpool_via_energidataservice"", ""passed"": true, ""warnings"": false, ""failed_gates"": [], ""gate_count"": 5, ""pass_count"": 5}",2026-07-10 18:11:08
134,2025-09-28T03:00:00,2026-07-10T18:11:08.832226+00:00,DK2,97.32,726.377016,nordpool_via_energidataservice,1,"{""record_id"": ""nordpool_via_energidataservice_2025-09-28T03:00:00"", ""source"": ""nordpool_via_energidataservice"", ""passed"": true, ""warnings"": false, ""failed_gates"": [], ""gate_count"": 5, ""pass_count"": 5}",2026-07-10 18:11:08
131,2025-09-28T04:00:00,2026-07-10T18:11:08.832226+00:00,DK1,100.910004,753.172088,nordpool_via_energidataservice,1,"{""record_id"": ""nordpool_via_energidataservice_2025-09-28T04:00:00"", ""source"": ""nordpool_via_energidataservice"", ""passed"": true, ""warnings"": false, ""failed_gates"": [], ""gate_count"": 5, ""pass_count"": 5}",2026-07-10 18:11:08
132,2025-09-28T04:00:00,2026-07-10T18:11:08.832226+00:00,DK2,100.620003,751.007578,nordpool_via_energidataservice,1,"{""record_id"": ""nordpool_via_energidataservice_2025-09-28T04:00:00"", ""source"": ""nordpool_via_energidataservice"", ""passed"": true, ""warnings"": false, ""failed_gates"": [], ""gate_count"": 5, ""pass_count"": 5}",2026-07-10 18:11:08
129,2025-09-28T05:00:00,2026-07-10T18:11:08.832226+00:00,DK1,105.790001,789.595409,nordpool_via_energidataservice,1,"{""record_id"": ""nordpool_via_energidataservice_2025-09-28T05:00:00"", ""source"": ""nordpool_via_energidataservice"", ""passed"": true, ""warnings"": false, ""failed_gates"": [], ""gate_count"": 5, ""pass_count"": 5}",2026-07-10 18:11:08
130,2025-09-28T05:00:00,2026-07-10T18:11:08.832226+00:00,DK2,105.489998,787.356247,nordpool_via_energidataservice,1,"{""record_id"": ""nordpool_via_energidataservice_2025-09-28T05:00:00"", ""source"": ""nordpool_via_energidataservice"", ""passed"": true, ""warnings"": false, ""failed_gates"": [], ""gate_count"": 5, ""pass_count"": 5}",2026-07-10 18:11:08
127,2025-09-28T06:00:00,2026-07-10T18:11:08.832226+00:00,DK1,98.769997,737.199504,nordpool_via_energidataservice,1,"{""record_id"": ""nordpool_via_energidataservice_2025-09-28T06:00:00"", ""source"": ""nordpool_via_energidataservice"", ""passed"": true, ""warnings"": false, ""failed_gates"": [], ""gate_count"": 5, ""pass_count"": 5}",2026-07-10 18:11:08
128,2025-09-28T06:00:00,2026-07-10T18:11:08.832226+00:00,DK2,98.540001,735.482859,nordpool_via_energidataservice,1,"{""record_id"": ""nordpool_via_energidataservice_2025-09-28T06:00:00"", ""source"": ""nordpool_via_energidataservice"", ""passed"": true, ""warnings"": false, ""failed_gates"": [], ""gate_count"": 5, ""pass_count"": 5}",2026-07-10 18:11:08
125,2025-09-28T07:00:00,2026-07-10T18:11:08.832226+00:00,DK1,95.040001,709.359559,nordpool_via_energidataservice,1,"{""record_id"": ""nordpool_via_energidataservice_2025-09-28T07:00:00"", ""source"": ""nordpool_via_energidataservice"", ""passed"": true, ""warnings"": false, ""failed_gates"": [], ""gate_count"": 5, ""pass_count"": 5}",2026-07-10 18:11:08
126,2025-09-28T07:00:00,2026-07-10T18:11:08.832226+00:00,DK2,94.82,707.717516,nordpool_via_energidataservice,1,"{""record_id"": ""nordpool_via_energidataservice_2025-09-28T07:00:00"", ""source"": ""nordpool_via_energidataservice"", ""passed"": true, ""warnings"": false, ""failed_gates"": [], ""gate_count"": 5, ""pass_count"": 5}",2026-07-10 18:11:08
123,2025-09-28T08:00:00,2026-07-10T18:11:08.832226+00:00,DK1,82.080002,612.628719,nordpool_via_energidataservice,1,"{""record_id"": ""nordpool_via_energidataservice_2025-09-28T08:00:00"", ""source"": ""nordpool_via_energidataservice"", ""passed"": true, ""warnings"": false, ""failed_gates"": [], ""gate_count"": 5, ""pass_count"": 5}",2026-07-10 18:11:08
124,2025-09-28T08:00:00,2026-07-10T18:11:08.832226+00:00,DK2,81.889999,611.210575,nordpool_via_energidataservice,1,"{""record_id"": ""nordpool_via_energidataservice_2025-09-28T08:00:00"", ""source"": ""nordpool_via_energidataservice"", ""passed"": true, ""warnings"": false, ""failed_gates"": [], ""gate_count"": 5, ""pass_count"": 5}",2026-07-10 18:11:08
121,2025-09-28T09:00:00,2026-07-10T18:11:08.832226+00:00,DK1,37.470001,279.668593,nordpool_via_energidataservice,1,"{""record_id"": ""nordpool_via_energidataservice_2025-09-28T09:00:00"", ""source"": ""nordpool_via_energidataservice"", ""passed"": true, ""warnings"": false, ""failed_gates"": [], ""gate_count"": 5, ""pass_count"": 5}",2026-07-10 18:11:08
122,2025-09-28T09:00:00,2026-07-10T18:11:08.832226+00:00,DK2,34.529999,257.725007,nordpool_via_energidataservice,1,"{""record_id"": ""nordpool_via_energidataservice_2025-09-28T09:00:00"", ""source"": ""nordpool_via_energidataservice"", ""passed"": true, ""warnings"": false, ""failed_gates"": [], ""gate_count"": 5, ""pass_count"": 5}",2026-07-10 18:11:08
119,2025-09-28T10:00:00,2026-07-10T18:11:08.832226+00:00,DK1,17.110001,127.705625,nordpool_via_energidataservice,1,"{""record_id"": ""nordpool_via_energidataservice_2025-09-28T10:00:00"", ""source"": ""nordpool_via_energidataservice"", ""passed"": true, ""warnings"": false, ""failed_gates"": [], ""gate_count"": 5, ""pass_count"": 5}",2026-07-10 18:11:08
120,2025-09-28T10:00:00,2026-07-10T18:11:08.832226+00:00,DK2,20.030001,149.499921,nordpool_via_energidataservice,1,"{""record_id"": ""nordpool_via_energidataservice_2025-09-28T10:00:00"", ""source"": ""nordpool_via_energidataservice"", ""passed"": true, ""warnings"": false, ""failed_gates"": [], ""gate_count"": 5, ""pass_count"": 5}",2026-07-10 18:11:08
117,2025-09-28T11:00:00,2026-07-10T18:11:08.832226+00:00,DK1,8.53,63.666214,nordpool_via_energidataservice,1,"{""record_id"": ""nordpool_via_energidataservice_2025-09-28T11:00:00"", ""source"": ""nordpool_via_energidataservice"", ""passed"": true, ""warnings"": false, ""failed_gates"": [], ""gate_count"": 5, ""pass_count"": 5}",2026-07-10 18:11:08
118,2025-09-28T11:00:00,2026-07-10T18:11:08.832226+00:00,DK2,8.54,63.740852,nordpool_via_energidataservice,1,"{""record_id"": ""nordpool_via_energidataservice_2025-09-28T11:00:00"", ""source"": ""nordpool_via_energidataservice"", ""passed"": true, ""warnings"": false, ""failed_gates"": [], ""gate_count"": 5, ""pass_count"": 5}",2026-07-10 18:11:08
115,2025-09-28T12:00:00,2026-07-10T18:11:08.832226+00:00,DK1,13.0,97.0294,nordpool_via_energidataservice,1,"{""record_id"": ""nordpool_via_energidataservice_2025-09-28T12:00:00"", ""source"": ""nordpool_via_energidataservice"", ""passed"": true, ""warnings"": false, ""failed_gates"": [], ""gate_count"": 5, ""pass_count"": 5}",2026-07-10 18:11:08
116,2025-09-28T12:00:00,2026-07-10T18:11:08.832226+00:00,DK2,30.049999,224.287183,nordpool_via_energidataservice,1,"{""record_id"": ""nordpool_via_energidataservice_2025-09-28T12:00:00"", ""source"": ""nordpool_via_energidataservice"", ""passed"": true, ""warnings"": false, ""failed_gates"": [], ""gate_count"": 5, ""pass_count"": 5}",2026-07-10 18:11:08
113,2025-09-28T13:00:00,2026-07-10T18:11:08.832226+00:00,DK1,61.330002,457.754869,nordpool_via_energidataservice,1,"{""record_id"": ""nordpool_via_energidataservice_2025-09-28T13:00:00"", ""source"": ""nordpool_via_energidataservice"", ""passed"": true, ""warnings"": false, ""failed_gates"": [], ""gate_count"": 5, ""pass_count"": 5}",2026-07-10 18:11:08
114,2025-09-28T13:00:00,2026-07-10T18:11:08.832226+00:00,DK2,44.23,330.123874,nordpool_via_energidataservice,1,"{""record_id"": ""nordpool_via_energidataservice_2025-09-28T13:00:00"", ""source"": ""nordpool_via_energidataservice"", ""passed"": true, ""warnings"": false, ""failed_gates"": [], ""gate_count"": 5, ""pass_count"": 5}",2026-07-10 18:11:08
111,2025-09-28T14:00:00,2026-07-10T18:11:08.832226+00:00,DK1,86.0,641.8868,nordpool_via_energidataservice,1,"{""record_id"": ""nordpool_via_energidataservice_2025-09-28T14:00:00"", ""source"": ""nordpool_via_energidataservice"", ""passed"": true, ""warnings"": false, ""failed_gates"": [], ""gate_count"": 5, ""pass_count"": 5}",2026-07-10 18:11:08
112,2025-09-28T14:00:00,2026-07-10T18:11:08.832226+00:00,DK2,85.919998,641.289681,nordpool_via_energidataservice,1,"{""record_id"": ""nordpool_via_energidataservice_2025-09-28T14:00:00"", ""source"": ""nordpool_via_energidataservice"", ""passed"": true, ""warnings"": false, ""failed_gates"": [], ""gate_count"": 5, ""pass_count"": 5}",2026-07-10 18:11:08
109,2025-09-28T15:00:00,2026-07-10T18:11:08.832226+00:00,DK1,105.889999,790.341775,nordpool_via_energidataservice,1,"{""record_id"": ""nordpool_via_energidataservice_2025-09-28T15:00:00"", ""source"": ""nordpool_via_energidataservice"", ""passed"": true, ""warnings"": false, ""failed_gates"": [], ""gate_count"": 5, ""pass_count"": 5}",2026-07-10 18:11:08
110,2025-09-28T15:00:00,2026-07-10T18:11:08.832226+00:00,DK2,105.889999,790.341775,nordpool_via_energidataservice,1,"{""record_id"": ""nordpool_via_energidataservice_2025-09-28T15:00:00"", ""source"": ""nordpool_via_energidataservice"", ""passed"": true, ""warnings"": false, ""failed_gates"": [], ""gate_count"": 5, ""pass_count"": 5}",2026-07-10 18:11:08
107,2025-09-28T16:00:00,2026-07-10T18:11:08.832226+00:00,DK1,131.020004,977.907106,nordpool_via_energidataservice,1,"{""record_id"": ""nordpool_via_energidataservice_2025-09-28T16:00:00"", ""source"": ""nordpool_via_energidataservice"", ""passed"": true, ""warnings"": false, ""failed_gates"": [], ""gate_count"": 5, ""pass_count"": 5}",2026-07-10 18:11:08
108,2025-09-28T16:00:00,2026-07-10T18:11:08.832226+00:00,DK2,130.970001,977.533893,nordpool_via_energidataservice,1,"{""record_id"": ""nordpool_via_energidataservice_2025-09-28T16:00:00"", ""source"": ""nordpool_via_energidataservice"", ""passed"": true, ""warnings"": false, ""failed_gates"": [], ""gate_count"": 5, ""pass_count"": 5}",2026-07-10 18:11:08
105,2025-09-28T17:00:00,2026-07-10T18:11:08.832226+00:00,DK1,137.970001,1029.780493,nordpool_via_energidataservice,1,"{""record_id"": ""nordpool_via_energidataservice_2025-09-28T17:00:00"", ""source"": ""nordpool_via_energidataservice"", ""passed"": true, ""warnings"": false, ""failed_gates"": [], ""gate_count"": 5, ""pass_count"": 5}",2026-07-10 18:11:08
106,2025-09-28T17:00:00,2026-07-10T18:11:08.832226+00:00,DK2,137.789993,1028.43695,nordpool_via_energidataservice,1,"{""record_id"": ""nordpool_via_energidataservice_2025-09-28T17:00:00"", ""source"": ""nordpool_via_energidataservice"", ""passed"": true, ""warnings"": false, ""failed_gates"": [], ""gate_count"": 5, ""pass_count"": 5}",2026-07-10 18:11:08
103,2025-09-28T18:00:00,2026-07-10T18:11:08.832226+00:00,DK1,125.93,939.916334,nordpool_via_energidataservice,1,"{""record_id"": ""nordpool_via_energidataservice_2025-09-28T18:00:00"", ""source"": ""nordpool_via_energidataservice"", ""passed"": true, ""warnings"": false, ""failed_gates"": [], ""gate_count"": 5, ""pass_count"": 5}",2026-07-10 18:11:08
104,2025-09-28T18:00:00,2026-07-10T18:11:08.832226+00:00,DK2,125.650002,937.826485,nordpool_via_energidataservice,1,"{""record_id"": ""nordpool_via_energidataservice_2025-09-28T18:00:00"", ""source"": ""nordpool_via_energidataservice"", ""passed"": true, ""warnings"": false, ""failed_gates"": [], ""gate_count"": 5, ""pass_count"": 5}",2026-07-10 18:11:08
101,2025-09-28T19:00:00,2026-07-10T18:11:08.832226+00:00,DK1,113.510002,847.215953,nordpool_via_energidataservice,1,"{""record_id"": ""nordpool_via_energidataservice_2025-09-28T19:00:00"", ""source"": ""nordpool_via_energidataservice"", ""passed"": true, ""warnings"": false, ""failed_gates"": [], ""gate_count"": 5, ""pass_count"": 5}",2026-07-10 18:11:08
102,2025-09-28T19:00:00,2026-07-10T18:11:08.832226+00:00,DK2,113.169998,844.678231,nordpool_via_energidataservice,1,"{""record_id"": ""nordpool_via_energidataservice_2025-09-28T19:00:00"", ""source"": ""nordpool_via_energidataservice"", ""passed"": true, ""warnings"": false, ""failed_gates"": [], ""gate_count"": 5, ""pass_count"": 5}",2026-07-10 18:11:08
99,2025-09-28T20:00:00,2026-07-10T18:11:08.832226+00:00,DK1,102.290001,763.472109,nordpool_via_energidataservice,1,"{""record_id"": ""nordpool_via_energidataservice_2025-09-28T20:00:00"", ""source"": ""nordpool_via_energidataservice"", ""passed"": true, ""warnings"": false, ""failed_gates"": [], ""gate_count"": 5, ""pass_count"": 5}",2026-07-10 18:11:08
100,2025-09-28T20:00:00,2026-07-10T18:11:08.832226+00:00,DK2,101.989998,761.232947,nordpool_via_energidataservice,1,"{""record_id"": ""nordpool_via_energidataservice_2025-09-28T20:00:00"", ""source"": ""nordpool_via_energidataservice"", ""passed"": true, ""warnings"": false, ""failed_gates"": [], ""gate_count"": 5, ""pass_count"": 5}",2026-07-10 18:11:08
97,2025-09-28T21:00:00,2026-07-10T18:11:08.832226+00:00,DK1,95.739998,714.584197,nordpool_via_energidataservice,1,"{""record_id"": ""nordpool_via_energidataservice_2025-09-28T21:00:00"", ""source"": ""nordpool_via_energidataservice"", ""passed"": true, ""warnings"": false, ""failed_gates"": [], ""gate_count"": 5, ""pass_count"": 5}",2026-07-10 18:11:08
98,2025-09-28T21:00:00,2026-07-10T18:11:08.832226+00:00,DK2,95.470001,712.568993,nordpool_via_energidataservice,1,"{""record_id"": ""nordpool_via_energidataservice_2025-09-28T21:00:00"", ""source"": ""nordpool_via_energidataservice"", ""passed"": true, ""warnings"": false, ""failed_gates"": [], ""gate_count"": 5, ""pass_count"": 5}",2026-07-10 18:11:08
95,2025-09-28T22:00:00,2026-07-10T18:11:08.832226+00:00,DK1,90.949997,678.832588,nordpool_via_energidataservice,1,"{""record_id"": ""nordpool_via_energidataservice_2025-09-28T22:00:00"", ""source"": ""nordpool_via_energidataservice"", ""passed"": true, ""warnings"": false, ""failed_gates"": [], ""gate_count"": 5, ""pass_count"": 5}",2026-07-10 18:11:08
96,2025-09-28T22:00:00,2026-07-10T18:11:08.832226+00:00,DK2,90.709999,677.041291,nordpool_via_energidataservice,1,"{""record_id"": ""nordpool_via_energidataservice_2025-09-28T22:00:00"", ""source"": ""nordpool_via_energidataservice"", ""passed"": true, ""warnings"": false, ""failed_gates"": [], ""gate_count"": 5, ""pass_count"": 5}",2026-07-10 18:11:08
93,2025-09-28T23:00:00,2026-07-10T18:11:08.832226+00:00,DK1,88.760002,662.486903,nordpool_via_energidataservice,1,"{""record_id"": ""nordpool_via_energidataservice_2025-09-28T23:00:00"", ""source"": ""nordpool_via_energidataservice"", ""passed"": true, ""warnings"": false, ""failed_gates"": [], ""gate_count"": 5, ""pass_count"": 5}",2026-07-10 18:11:08
94,2025-09-28T23:00:00,2026-07-10T18:11:08.832226+00:00,DK2,88.519997,660.695554,nordpool_via_energidataservice,1,"{""record_id"": ""nordpool_via_energidataservice_2025-09-28T23:00:00"", ""source"": ""nordpool_via_energidataservice"", ""passed"": true, ""warnings"": false, ""failed_gates"": [], ""gate_count"": 5, ""pass_count"": 5}",2026-07-10 18:11:08
591,2025-09-29 00:00:00,2025-09-29 00:00:00,DK1,87.879997,655.918722,energidataservice_csv,1,,2026-07-12 14:53:34
592,2025-09-29 00:00:00,2025-09-29 00:00:00,DK2,87.639999,654.127425,energidataservice_csv,1,,2026-07-12 14:53:34
589,2025-09-29 01:00:00,2025-09-29 01:00:00,DK1,87.940002,656.366587,energidataservice_csv,1,,2026-07-12 14:53:34
590,2025-09-29 01:00:00,2025-09-29 01:00:00,DK2,87.699997,654.575238,energidataservice_csv,1,,2026-07-12 14:53:34
587,2025-09-29 02:00:00,2025-09-29 02:00:00,DK1,88.309998,659.128163,energidataservice_csv,1,,2026-07-12 14:53:34
588,2025-09-29 02:00:00,2025-09-29 02:00:00,DK2,88.07,657.336866,energidataservice_csv,1,,2026-07-12 14:53:34
585,2025-09-29 03:00:00,2025-09-29 03:00:00,DK1,98.370003,734.214028,energidataservice_csv,1,,2026-07-12 14:53:34
586,2025-09-29 03:00:00,2025-09-29 03:00:00,DK2,98.07,731.974866,energidataservice_csv,1,,2026-07-12 14:53:34
583,2025-09-29 04:00:00,2025-09-29 04:00:00,DK1,127.93,954.843934,energidataservice_csv,1,,2026-07-12 14:53:34
584,2025-09-29 04:00:00,2025-09-29 04:00:00,DK2,131.649994,982.609225,energidataservice_csv,1,,2026-07-12 14:53:34
581,2025-09-29 05:00:00,2025-09-29 05:00:00,DK1,222.440002,1660.247687,energidataservice_csv,1,,2026-07-12 14:53:34
582,2025-09-29 05:00:00,2025-09-29 05:00:00,DK2,224.910004,1678.683288,energidataservice_csv,1,,2026-07-12 14:53:34
579,2025-09-29 06:00:00,2025-09-29 06:00:00,DK1,166.910004,1245.782888,energidataservice_csv,1,,2026-07-12 14:53:34
580,2025-09-29 06:00:00,2025-09-29 06:00:00,DK2,166.809998,1245.036463,energidataservice_csv,1,,2026-07-12 14:53:34
577,2025-09-29 07:00:00,2025-09-29 07:00:00,DK1,122.059998,911.031413,energidataservice_csv,1,,2026-07-12 14:53:34
578,2025-09-29 07:00:00,2025-09-29 07:00:00,DK2,121.919998,909.986481,energidataservice_csv,1,,2026-07-12 14:53:34
575,2025-09-29 08:00:00,2025-09-29 08:00:00,DK1,90.209999,673.309391,energidataservice_csv,1,,2026-07-12 14:53:34
576,2025-09-29 08:00:00,2025-09-29 08:00:00,DK2,90.089996,672.413712,energidataservice_csv,1,,2026-07-12 14:53:34
573,2025-09-29 09:00:00,2025-09-29 09:00:00,DK1,84.949997,634.049788,energidataservice_csv,1,,2026-07-12 14:53:34
574,2025-09-29 09:00:00,2025-09-29 09:00:00,DK2,84.809998,633.004863,energidataservice_csv,1,,2026-07-12 14:53:34
571,2025-09-29 10:00:00,2025-09-29 10:00:00,DK1,78.709999,587.475691,energidataservice_csv,1,,2026-07-12 14:53:34
572,2025-09-29 10:00:00,2025-09-29 10:00:00,DK2,78.540001,586.206859,energidataservice_csv,1,,2026-07-12 14:53:34
569,2025-09-29 11:00:00,2025-09-29 11:00:00,DK1,77.080002,575.309719,energidataservice_csv,1,,2026-07-12 14:53:34
570,2025-09-29 11:00:00,2025-09-29 11:00:00,DK2,76.93,574.190134,energidataservice_csv,1,,2026-07-12 14:53:34
567,2025-09-29 12:00:00,2025-09-29 12:00:00,DK1,83.330002,621.958469,energidataservice_csv,1,,2026-07-12 14:53:34
568,2025-09-29 12:00:00,2025-09-29 12:00:00,DK2,83.209999,621.062791,energidataservice_csv,1,,2026-07-12 14:53:34
565,2025-09-29 13:00:00,2025-09-29 13:00:00,DK1,87.400002,652.336135,energidataservice_csv,1,,2026-07-12 14:53:34
566,2025-09-29 13:00:00,2025-09-29 13:00:00,DK2,87.360001,652.037575,energidataservice_csv,1,,2026-07-12 14:53:34
563,2025-09-29 14:00:00,2025-09-29 14:00:00,DK1,99.980003,746.230746,energidataservice_csv,1,,2026-07-12 14:53:34
564,2025-09-29 14:00:00,2025-09-29 14:00:00,DK2,99.980003,746.230746,energidataservice_csv,1,,2026-07-12 14:53:34
561,2025-09-29 15:00:00,2025-09-29 15:00:00,DK1,140.789993,1050.82835,energidataservice_csv,1,,2026-07-12 14:53:34
562,2025-09-29 15:00:00,2025-09-29 15:00:00,DK2,140.809998,1050.977663,energidataservice_csv,1,,2026-07-12 14:53:34
559,2025-09-29 16:00:00,2025-09-29 16:00:00,DK1,302.649994,2258.919025,energidataservice_csv,1,,2026-07-12 14:53:34
560,2025-09-29 16:00:00,2025-09-29 16:00:00,DK2,302.600006,2258.545925,energidataservice_csv,1,,2026-07-12 14:53:34
557,2025-09-29 17:00:00,2025-09-29 17:00:00,DK1,406.779999,3036.124557,energidataservice_csv,1,,2026-07-12 14:53:34
558,2025-09-29 17:00:00,2025-09-29 17:00:00,DK2,406.309998,3032.616563,energidataservice_csv,1,,2026-07-12 14:53:34
555,2025-09-29 18:00:00,2025-09-29 18:00:00,DK1,167.600006,1250.932925,energidataservice_csv,1,,2026-07-12 14:53:34
556,2025-09-29 18:00:00,2025-09-29 18:00:00,DK2,167.470001,1249.962593,energidataservice_csv,1,,2026-07-12 14:53:34
553,2025-09-29 19:00:00,2025-09-29 19:00:00,DK1,123.849998,924.391615,energidataservice_csv,1,,2026-07-12 14:53:34
554,2025-09-29 19:00:00,2025-09-29 19:00:00,DK2,123.790001,923.943809,energidataservice_csv,1,,2026-07-12 14:53:34
551,2025-09-29 20:00:00,2025-09-29 20:00:00,DK1,108.300003,808.329562,energidataservice_csv,1,,2026-07-12 14:53:34
552,2025-09-29 20:00:00,2025-09-29 20:00:00,DK2,108.099998,806.836765,energidataservice_csv,1,,2026-07-12 14:53:34
549,2025-09-29 21:00:00,2025-09-29 21:00:00,DK1,93.68,699.208784,energidataservice_csv,1,,2026-07-12 14:53:34
550,2025-09-29 21:00:00,2025-09-29 21:00:00,DK2,93.459999,697.566741,energidataservice_csv,1,,2026-07-12 14:53:34
547,2025-09-29 22:00:00,2025-09-29 22:00:00,DK1,97.43,727.198034,energidataservice_csv,1,,2026-07-12 14:53:34
548,2025-09-29 22:00:00,2025-09-29 22:00:00,DK2,100.849998,752.724215,energidataservice_csv,1,,2026-07-12 14:53:34
545,2025-09-29 23:00:00,2025-09-29 23:00:00,DK1,91.449997,682.564488,energidataservice_csv,1,,2026-07-12 14:53:34
546,2025-09-29 23:00:00,2025-09-29 23:00:00,DK2,98.18,732.795884,energidataservice_csv,1,,2026-07-12 14:53:34
91,2025-09-29T00:00:00,2026-07-10T18:11:08.832226+00:00,DK1,87.879997,655.918722,nordpool_via_energidataservice,1,"{""record_id"": ""nordpool_via_energidataservice_2025-09-29T00:00:00"", ""source"": ""nordpool_via_energidataservice"", ""passed"": true, ""warnings"": false, ""failed_gates"": [], ""gate_count"": 5, ""pass_count"": 5}",2026-07-10 18:11:08
92,2025-09-29T00:00:00,2026-07-10T18:11:08.832226+00:00,DK2,87.639999,654.127425,nordpool_via_energidataservice,1,"{""record_id"": ""nordpool_via_energidataservice_2025-09-29T00:00:00"", ""source"": ""nordpool_via_energidataservice"", ""passed"": true, ""warnings"": false, ""failed_gates"": [], ""gate_count"": 5, ""pass_count"": 5}",2026-07-10 18:11:08
89,2025-09-29T01:00:00,2026-07-10T18:11:08.832226+00:00,DK1,87.940002,656.366587,nordpool_via_energidataservice,1,"{""record_id"": ""nordpool_via_energidataservice_2025-09-29T01:00:00"", ""source"": ""nordpool_via_energidataservice"", ""passed"": true, ""warnings"": false, ""failed_gates"": [], ""gate_count"": 5, ""pass_count"": 5}",2026-07-10 18:11:08
90,2025-09-29T01:00:00,2026-07-10T18:11:08.832226+00:00,DK2,87.699997,654.575238,nordpool_via_energidataservice,1,"{""record_id"": ""nordpool_via_energidataservice_2025-09-29T01:00:00"", ""source"": ""nordpool_via_energidataservice"", ""passed"": true, ""warnings"": false, ""failed_gates"": [], ""gate_count"": 5, ""pass_count"": 5}",2026-07-10 18:11:08
87,2025-09-29T02:00:00,2026-07-10T18:11:08.832226+00:00,DK1,88.309998,659.128163,nordpool_via_energidataservice,1,"{""record_id"": ""nordpool_via_energidataservice_2025-09-29T02:00:00"", ""source"": ""nordpool_via_energidataservice"", ""passed"": true, ""warnings"": false, ""failed_gates"": [], ""gate_count"": 5, ""pass_count"": 5}",2026-07-10 18:11:08
88,2025-09-29T02:00:00,2026-07-10T18:11:08.832226+00:00,DK2,88.07,657.336866,nordpool_via_energidataservice,1,"{""record_id"": ""nordpool_via_energidataservice_2025-09-29T02:00:00"", ""source"": ""nordpool_via_energidataservice"", ""passed"": true, ""warnings"": false, ""failed_gates"": [], ""gate_count"": 5, ""pass_count"": 5}",2026-07-10 18:11:08
85,2025-09-29T03:00:00,2026-07-10T18:11:08.832226+00:00,DK1,98.370003,734.214028,nordpool_via_energidataservice,1,"{""record_id"": ""nordpool_via_energidataservice_2025-09-29T03:00:00"", ""source"": ""nordpool_via_energidataservice"", ""passed"": true, ""warnings"": false, ""failed_gates"": [], ""gate_count"": 5, ""pass_count"": 5}",2026-07-10 18:11:08
86,2025-09-29T03:00:00,2026-07-10T18:11:08.832226+00:00,DK2,98.07,731.974866,nordpool_via_energidataservice,1,"{""record_id"": ""nordpool_via_energidataservice_2025-09-29T03:00:00"", ""source"": ""nordpool_via_energidataservice"", ""passed"": true, ""warnings"": false, ""failed_gates"": [], ""gate_count"": 5, ""pass_count"": 5}",2026-07-10 18:11:08
83,2025-09-29T04:00:00,2026-07-10T18:11:08.832226+00:00,DK1,127.93,954.843934,nordpool_via_energidataservice,1,"{""record_id"": ""nordpool_via_energidataservice_2025-09-29T04:00:00"", ""source"": ""nordpool_via_energidataservice"", ""passed"": true, ""warnings"": false, ""failed_gates"": [], ""gate_count"": 5, ""pass_count"": 5}",2026-07-10 18:11:08
84,2025-09-29T04:00:00,2026-07-10T18:11:08.832226+00:00,DK2,131.649994,982.609225,nordpool_via_energidataservice,1,"{""record_id"": ""nordpool_via_energidataservice_2025-09-29T04:00:00"", ""source"": ""nordpool_via_energidataservice"", ""passed"": true, ""warnings"": false, ""failed_gates"": [], ""gate_count"": 5, ""pass_count"": 5}",2026-07-10 18:11:08
81,2025-09-29T05:00:00,2026-07-10T18:11:08.832226+00:00,DK1,222.440002,1660.247687,nordpool_via_energidataservice,1,"{""record_id"": ""nordpool_via_energidataservice_2025-09-29T05:00:00"", ""source"": ""nordpool_via_energidataservice"", ""passed"": true, ""warnings"": false, ""failed_gates"": [], ""gate_count"": 5, ""pass_count"": 5}",2026-07-10 18:11:08
82,2025-09-29T05:00:00,2026-07-10T18:11:08.832226+00:00,DK2,224.910004,1678.683288,nordpool_via_energidataservice,1,"{""record_id"": ""nordpool_via_energidataservice_2025-09-29T05:00:00"", ""source"": ""nordpool_via_energidataservice"", ""passed"": true, ""warnings"": false, ""failed_gates"": [], ""gate_count"": 5, ""pass_count"": 5}",2026-07-10 18:11:08
79,2025-09-29T06:00:00,2026-07-10T18:11:08.832226+00:00,DK1,166.910004,1245.782888,nordpool_via_energidataservice,1,"{""record_id"": ""nordpool_via_energidataservice_2025-09-29T06:00:00"", ""source"": ""nordpool_via_energidataservice"", ""passed"": true, ""warnings"": false, ""failed_gates"": [], ""gate_count"": 5, ""pass_count"": 5}",2026-07-10 18:11:08
80,2025-09-29T06:00:00,2026-07-10T18:11:08.832226+00:00,DK2,166.809998,1245.036463,nordpool_via_energidataservice,1,"{""record_id"": ""nordpool_via_energidataservice_2025-09-29T06:00:00"", ""source"": ""nordpool_via_energidataservice"", ""passed"": true, ""warnings"": false, ""failed_gates"": [], ""gate_count"": 5, ""pass_count"": 5}",2026-07-10 18:11:08
77,2025-09-29T07:00:00,2026-07-10T18:11:08.832226+00:00,DK1,122.059998,911.031413,nordpool_via_energidataservice,1,"{""record_id"": ""nordpool_via_energidataservice_2025-09-29T07:00:00"", ""source"": ""nordpool_via_energidataservice"", ""passed"": true, ""warnings"": false, ""failed_gates"": [], ""gate_count"": 5, ""pass_count"": 5}",2026-07-10 18:11:08
78,2025-09-29T07:00:00,2026-07-10T18:11:08.832226+00:00,DK2,121.919998,909.986481,nordpool_via_energidataservice,1,"{""record_id"": ""nordpool_via_energidataservice_2025-09-29T07:00:00"", ""source"": ""nordpool_via_energidataservice"", ""passed"": true, ""warnings"": false, ""failed_gates"": [], ""gate_count"": 5, ""pass_count"": 5}",2026-07-10 18:11:08
75,2025-09-29T08:00:00,2026-07-10T18:11:08.832226+00:00,DK1,90.209999,673.309391,nordpool_via_energidataservice,1,"{""record_id"": ""nordpool_via_energidataservice_2025-09-29T08:00:00"", ""source"": ""nordpool_via_energidataservice"", ""passed"": true, ""warnings"": false, ""failed_gates"": [], ""gate_count"": 5, ""pass_count"": 5}",2026-07-10 18:11:08
76,2025-09-29T08:00:00,2026-07-10T18:11:08.832226+00:00,DK2,90.089996,672.413712,nordpool_via_energidataservice,1,"{""record_id"": ""nordpool_via_energidataservice_2025-09-29T08:00:00"", ""source"": ""nordpool_via_energidataservice"", ""passed"": true, ""warnings"": false, ""failed_gates"": [], ""gate_count"": 5, ""pass_count"": 5}",2026-07-10 18:11:08
73,2025-09-29T09:00:00,2026-07-10T18:11:08.832226+00:00,DK1,84.949997,634.049788,nordpool_via_energidataservice,1,"{""record_id"": ""nordpool_via_energidataservice_2025-09-29T09:00:00"", ""source"": ""nordpool_via_energidataservice"", ""passed"": true, ""warnings"": false, ""failed_gates"": [], ""gate_count"": 5, ""pass_count"": 5}",2026-07-10 18:11:08
74,2025-09-29T09:00:00,2026-07-10T18:11:08.832226+00:00,DK2,84.809998,633.004863,nordpool_via_energidataservice,1,"{""record_id"": ""nordpool_via_energidataservice_2025-09-29T09:00:00"", ""source"": ""nordpool_via_energidataservice"", ""passed"": true, ""warnings"": false, ""failed_gates"": [], ""gate_count"": 5, ""pass_count"": 5}",2026-07-10 18:11:08
71,2025-09-29T10:00:00,2026-07-10T18:11:08.832226+00:00,DK1,78.709999,587.475691,nordpool_via_energidataservice,1,"{""record_id"": ""nordpool_via_energidataservice_2025-09-29T10:00:00"", ""source"": ""nordpool_via_energidataservice"", ""passed"": true, ""warnings"": false, ""failed_gates"": [], ""gate_count"": 5, ""pass_count"": 5}",2026-07-10 18:11:08
72,2025-09-29T10:00:00,2026-07-10T18:11:08.832226+00:00,DK2,78.540001,586.206859,nordpool_via_energidataservice,1,"{""record_id"": ""nordpool_via_energidataservice_2025-09-29T10:00:00"", ""source"": ""nordpool_via_energidataservice"", ""passed"": true, ""warnings"": false, ""failed_gates"": [], ""gate_count"": 5, ""pass_count"": 5}",2026-07-10 18:11:08
69,2025-09-29T11:00:00,2026-07-10T18:11:08.832226+00:00,DK1,77.080002,575.309719,nordpool_via_energidataservice,1,"{""record_id"": ""nordpool_via_energidataservice_2025-09-29T11:00:00"", ""source"": ""nordpool_via_energidataservice"", ""passed"": true, ""warnings"": false, ""failed_gates"": [], ""gate_count"": 5, ""pass_count"": 5}",2026-07-10 18:11:08
70,2025-09-29T11:00:00,2026-07-10T18:11:08.832226+00:00,DK2,76.93,574.190134,nordpool_via_energidataservice,1,"{""record_id"": ""nordpool_via_energidataservice_2025-09-29T11:00:00"", ""source"": ""nordpool_via_energidataservice"", ""passed"": true, ""warnings"": false, ""failed_gates"": [], ""gate_count"": 5, ""pass_count"": 5}",2026-07-10 18:11:08
67,2025-09-29T12:00:00,2026-07-10T18:11:08.832226+00:00,DK1,83.330002,621.958469,nordpool_via_energidataservice,1,"{""record_id"": ""nordpool_via_energidataservice_2025-09-29T12:00:00"", ""source"": ""nordpool_via_energidataservice"", ""passed"": true, ""warnings"": false, ""failed_gates"": [], ""gate_count"": 5, ""pass_count"": 5}",2026-07-10 18:11:08
68,2025-09-29T12:00:00,2026-07-10T18:11:08.832226+00:00,DK2,83.209999,621.062791,nordpool_via_energidataservice,1,"{""record_id"": ""nordpool_via_energidataservice_2025-09-29T12:00:00"", ""source"": ""nordpool_via_energidataservice"", ""passed"": true, ""warnings"": false, ""failed_gates"": [], ""gate_count"": 5, ""pass_count"": 5}",2026-07-10 18:11:08
65,2025-09-29T13:00:00,2026-07-10T18:11:08.832226+00:00,DK1,87.400002,652.336135,nordpool_via_energidataservice,1,"{""record_id"": ""nordpool_via_energidataservice_2025-09-29T13:00:00"", ""source"": ""nordpool_via_energidataservice"", ""passed"": true, ""warnings"": false, ""failed_gates"": [], ""gate_count"": 5, ""pass_count"": 5}",2026-07-10 18:11:08
66,2025-09-29T13:00:00,2026-07-10T18:11:08.832226+00:00,DK2,87.360001,652.037575,nordpool_via_energidataservice,1,"{""record_id"": ""nordpool_via_energidataservice_2025-09-29T13:00:00"", ""source"": ""nordpool_via_energidataservice"", ""passed"": true, ""warnings"": false, ""failed_gates"": [], ""gate_count"": 5, ""pass_count"": 5}",2026-07-10 18:11:08
63,2025-09-29T14:00:00,2026-07-10T18:11:08.832226+00:00,DK1,99.980003,746.230746,nordpool_via_energidataservice,1,"{""record_id"": ""nordpool_via_energidataservice_2025-09-29T14:00:00"", ""source"": ""nordpool_via_energidataservice"", ""passed"": true, ""warnings"": false, ""failed_gates"": [], ""gate_count"": 5, ""pass_count"": 5}",2026-07-10 18:11:08
64,2025-09-29T14:00:00,2026-07-10T18:11:08.832226+00:00,DK2,99.980003,746.230746,nordpool_via_energidataservice,1,"{""record_id"": ""nordpool_via_energidataservice_2025-09-29T14:00:00"", ""source"": ""nordpool_via_energidataservice"", ""passed"": true, ""warnings"": false, ""failed_gates"": [], ""gate_count"": 5, ""pass_count"": 5}",2026-07-10 18:11:08
61,2025-09-29T15:00:00,2026-07-10T18:11:08.832226+00:00,DK1,140.789993,1050.82835,nordpool_via_energidataservice,1,"{""record_id"": ""nordpool_via_energidataservice_2025-09-29T15:00:00"", ""source"": ""nordpool_via_energidataservice"", ""passed"": true, ""warnings"": false, ""failed_gates"": [], ""gate_count"": 5, ""pass_count"": 5}",2026-07-10 18:11:08
62,2025-09-29T15:00:00,2026-07-10T18:11:08.832226+00:00,DK2,140.809998,1050.977663,nordpool_via_energidataservice,1,"{""record_id"": ""nordpool_via_energidataservice_2025-09-29T15:00:00"", ""source"": ""nordpool_via_energidataservice"", ""passed"": true, ""warnings"": false, ""failed_gates"": [], ""gate_count"": 5, ""pass_count"": 5}",2026-07-10 18:11:08
59,2025-09-29T16:00:00,2026-07-10T18:11:08.832226+00:00,DK1,302.649994,2258.919025,nordpool_via_energidataservice,1,"{""record_id"": ""nordpool_via_energidataservice_2025-09-29T16:00:00"", ""source"": ""nordpool_via_energidataservice"", ""passed"": true, ""warnings"": false, ""failed_gates"": [], ""gate_count"": 5, ""pass_count"": 5}",2026-07-10 18:11:08
60,2025-09-29T16:00:00,2026-07-10T18:11:08.832226+00:00,DK2,302.600006,2258.545925,nordpool_via_energidataservice,1,"{""record_id"": ""nordpool_via_energidataservice_2025-09-29T16:00:00"", ""source"": ""nordpool_via_energidataservice"", ""passed"": true, ""warnings"": false, ""failed_gates"": [], ""gate_count"": 5, ""pass_count"": 5}",2026-07-10 18:11:08
57,2025-09-29T17:00:00,2026-07-10T18:11:08.832226+00:00,DK1,406.779999,3036.124557,nordpool_via_energidataservice,1,"{""record_id"": ""nordpool_via_energidataservice_2025-09-29T17:00:00"", ""source"": ""nordpool_via_energidataservice"", ""passed"": true, ""warnings"": true, ""failed_gates"": [], ""gate_count"": 5, ""pass_count"": 4}",2026-07-10 18:11:08
58,2025-09-29T17:00:00,2026-07-10T18:11:08.832226+00:00,DK2,406.309998,3032.616563,nordpool_via_energidataservice,1,"{""record_id"": ""nordpool_via_energidataservice_2025-09-29T17:00:00"", ""source"": ""nordpool_via_energidataservice"", ""passed"": true, ""warnings"": true, ""failed_gates"": [], ""gate_count"": 5, ""pass_count"": 4}",2026-07-10 18:11:08
55,2025-09-29T18:00:00,2026-07-10T18:11:08.832226+00:00,DK1,167.600006,1250.932925,nordpool_via_energidataservice,1,"{""record_id"": ""nordpool_via_energidataservice_2025-09-29T18:00:00"", ""source"": ""nordpool_via_energidataservice"", ""passed"": true, ""warnings"": false, ""failed_gates"": [], ""gate_count"": 5, ""pass_count"": 5}",2026-07-10 18:11:08
56,2025-09-29T18:00:00,2026-07-10T18:11:08.832226+00:00,DK2,167.470001,1249.962593,nordpool_via_energidataservice,1,"{""record_id"": ""nordpool_via_energidataservice_2025-09-29T18:00:00"", ""source"": ""nordpool_via_energidataservice"", ""passed"": true, ""warnings"": false, ""failed_gates"": [], ""gate_count"": 5, ""pass_count"": 5}",2026-07-10 18:11:08
53,2025-09-29T19:00:00,2026-07-10T18:11:08.832226+00:00,DK1,123.849998,924.391615,nordpool_via_energidataservice,1,"{""record_id"": ""nordpool_via_energidataservice_2025-09-29T19:00:00"", ""source"": ""nordpool_via_energidataservice"", ""passed"": true, ""warnings"": false, ""failed_gates"": [], ""gate_count"": 5, ""pass_count"": 5}",2026-07-10 18:11:08
54,2025-09-29T19:00:00,2026-07-10T18:11:08.832226+00:00,DK2,123.790001,923.943809,nordpool_via_energidataservice,1,"{""record_id"": ""nordpool_via_energidataservice_2025-09-29T19:00:00"", ""source"": ""nordpool_via_energidataservice"", ""passed"": true, ""warnings"": false, ""failed_gates"": [], ""gate_count"": 5, ""pass_count"": 5}",2026-07-10 18:11:08
51,2025-09-29T20:00:00,2026-07-10T18:11:08.832226+00:00,DK1,108.300003,808.329562,nordpool_via_energidataservice,1,"{""record_id"": ""nordpool_via_energidataservice_2025-09-29T20:00:00"", ""source"": ""nordpool_via_energidataservice"", ""passed"": true, ""warnings"": false, ""failed_gates"": [], ""gate_count"": 5, ""pass_count"": 5}",2026-07-10 18:11:08
52,2025-09-29T20:00:00,2026-07-10T18:11:08.832226+00:00,DK2,108.099998,806.836765,nordpool_via_energidataservice,1,"{""record_id"": ""nordpool_via_energidataservice_2025-09-29T20:00:00"", ""source"": ""nordpool_via_energidataservice"", ""passed"": true, ""warnings"": false, ""failed_gates"": [], ""gate_count"": 5, ""pass_count"": 5}",2026-07-10 18:11:08
49,2025-09-29T21:00:00,2026-07-10T18:11:08.832226+00:00,DK1,93.68,699.208784,nordpool_via_energidataservice,1,"{""record_id"": ""nordpool_via_energidataservice_2025-09-29T21:00:00"", ""source"": ""nordpool_via_energidataservice"", ""passed"": true, ""warnings"": false, ""failed_gates"": [], ""gate_count"": 5, ""pass_count"": 5}",2026-07-10 18:11:08
50,2025-09-29T21:00:00,2026-07-10T18:11:08.832226+00:00,DK2,93.459999,697.566741,nordpool_via_energidataservice,1,"{""record_id"": ""nordpool_via_energidataservice_2025-09-29T21:00:00"", ""source"": ""nordpool_via_energidataservice"", ""passed"": true, ""warnings"": false, ""failed_gates"": [], ""gate_count"": 5, ""pass_count"": 5}",2026-07-10 18:11:08
47,2025-09-29T22:00:00,2026-07-10T18:11:08.832226+00:00,DK1,97.43,727.198034,nordpool_via_energidataservice,1,"{""record_id"": ""nordpool_via_energidataservice_2025-09-29T22:00:00"", ""source"": ""nordpool_via_energidataservice"", ""passed"": true, ""warnings"": false, ""failed_gates"": [], ""gate_count"": 5, ""pass_count"": 5}",2026-07-10 18:11:08
48,2025-09-29T22:00:00,2026-07-10T18:11:08.832226+00:00,DK2,100.849998,752.724215,nordpool_via_energidataservice,1,"{""record_id"": ""nordpool_via_energidataservice_2025-09-29T22:00:00"", ""source"": ""nordpool_via_energidataservice"", ""passed"": true, ""warnings"": false, ""failed_gates"": [], ""gate_count"": 5, ""pass_count"": 5}",2026-07-10 18:11:08
45,2025-09-29T23:00:00,2026-07-10T18:11:08.832226+00:00,DK1,91.449997,682.564488,nordpool_via_energidataservice,1,"{""record_id"": ""nordpool_via_energidataservice_2025-09-29T23:00:00"", ""source"": ""nordpool_via_energidataservice"", ""passed"": true, ""warnings"": false, ""failed_gates"": [], ""gate_count"": 5, ""pass_count"": 5}",2026-07-10 18:11:08
46,2025-09-29T23:00:00,2026-07-10T18:11:08.832226+00:00,DK2,98.18,732.795884,nordpool_via_energidataservice,1,"{""record_id"": ""nordpool_via_energidataservice_2025-09-29T23:00:00"", ""source"": ""nordpool_via_energidataservice"", ""passed"": true, ""warnings"": false, ""failed_gates"": [], ""gate_count"": 5, ""pass_count"": 5}",2026-07-10 18:11:08
543,2025-09-30 00:00:00,2025-09-30 00:00:00,DK1,98.480003,735.035046,energidataservice_csv,1,,2026-07-12 14:53:34
544,2025-09-30 00:00:00,2025-09-30 00:00:00,DK2,98.650002,736.303885,energidataservice_csv,1,,2026-07-12 14:53:34
541,2025-09-30 01:00:00,2025-09-30 01:00:00,DK1,92.220001,688.311643,energidataservice_csv,1,,2026-07-12 14:53:34
542,2025-09-30 01:00:00,2025-09-30 01:00:00,DK2,94.760002,707.269703,energidataservice_csv,1,,2026-07-12 14:53:34
539,2025-09-30 02:00:00,2025-09-30 02:00:00,DK1,98.459999,734.885741,energidataservice_csv,1,,2026-07-12 14:53:34
540,2025-09-30 02:00:00,2025-09-30 02:00:00,DK2,98.839996,737.721962,energidataservice_csv,1,,2026-07-12 14:53:34
537,2025-09-30 03:00:00,2025-09-30 03:00:00,DK1,107.989998,806.015747,energidataservice_csv,1,,2026-07-12 14:53:34
538,2025-09-30 03:00:00,2025-09-30 03:00:00,DK2,111.900002,835.199235,energidataservice_csv,1,,2026-07-12 14:53:34
535,2025-09-30 04:00:00,2025-09-30 04:00:00,DK1,141.860001,1058.814675,energidataservice_csv,1,,2026-07-12 14:53:34
536,2025-09-30 04:00:00,2025-09-30 04:00:00,DK2,141.699997,1057.620438,energidataservice_csv,1,,2026-07-12 14:53:34
533,2025-09-30 05:00:00,2025-09-30 05:00:00,DK1,244.0,1821.1672,energidataservice_csv,1,,2026-07-12 14:53:34
534,2025-09-30 05:00:00,2025-09-30 05:00:00,DK2,243.899994,1820.420775,energidataservice_csv,1,,2026-07-12 14:53:34
531,2025-09-30 06:00:00,2025-09-30 06:00:00,DK1,209.229996,1561.650844,energidataservice_csv,1,,2026-07-12 14:53:34
532,2025-09-30 06:00:00,2025-09-30 06:00:00,DK2,209.080002,1560.531319,energidataservice_csv,1,,2026-07-12 14:53:34
529,2025-09-30 07:00:00,2025-09-30 07:00:00,DK1,141.850006,1058.740075,energidataservice_csv,1,,2026-07-12 14:53:34
530,2025-09-30 07:00:00,2025-09-30 07:00:00,DK2,141.789993,1058.29215,energidataservice_csv,1,,2026-07-12 14:53:34
527,2025-09-30 08:00:00,2025-09-30 08:00:00,DK1,115.199997,859.829738,energidataservice_csv,1,,2026-07-12 14:53:34
528,2025-09-30 08:00:00,2025-09-30 08:00:00,DK2,115.150002,859.456585,energidataservice_csv,1,,2026-07-12 14:53:34
525,2025-09-30 09:00:00,2025-09-30 09:00:00,DK1,96.720001,721.898743,energidataservice_csv,1,,2026-07-12 14:53:34
526,2025-09-30 09:00:00,2025-09-30 09:00:00,DK2,96.699997,721.749438,energidataservice_csv,1,,2026-07-12 14:53:34
523,2025-09-30 10:00:00,2025-09-30 10:00:00,DK1,87.910004,656.142688,energidataservice_csv,1,,2026-07-12 14:53:34
524,2025-09-30 10:00:00,2025-09-30 10:00:00,DK2,87.910004,656.142688,energidataservice_csv,1,,2026-07-12 14:53:34
521,2025-09-30 11:00:00,2025-09-30 11:00:00,DK1,86.040001,642.185359,energidataservice_csv,1,,2026-07-12 14:53:34
522,2025-09-30 11:00:00,2025-09-30 11:00:00,DK2,86.040001,642.185359,energidataservice_csv,1,,2026-07-12 14:53:34
519,2025-09-30 12:00:00,2025-09-30 12:00:00,DK1,87.260002,651.291203,energidataservice_csv,1,,2026-07-12 14:53:34
520,2025-09-30 12:00:00,2025-09-30 12:00:00,DK2,87.269997,651.365804,energidataservice_csv,1,,2026-07-12 14:53:34
517,2025-09-30 13:00:00,2025-09-30 13:00:00,DK1,96.800003,722.495862,energidataservice_csv,1,,2026-07-12 14:53:34
518,2025-09-30 13:00:00,2025-09-30 13:00:00,DK2,96.800003,722.495862,energidataservice_csv,1,,2026-07-12 14:53:34
515,2025-09-30 14:00:00,2025-09-30 14:00:00,DK1,104.029999,776.459107,energidataservice_csv,1,,2026-07-12 14:53:34
516,2025-09-30 14:00:00,2025-09-30 14:00:00,DK2,104.050003,776.608412,energidataservice_csv,1,,2026-07-12 14:53:34
513,2025-09-30 15:00:00,2025-09-30 15:00:00,DK1,142.639999,1064.636425,energidataservice_csv,1,,2026-07-12 14:53:34
514,2025-09-30 15:00:00,2025-09-30 15:00:00,DK2,142.639999,1064.636425,energidataservice_csv,1,,2026-07-12 14:53:34
511,2025-09-30 16:00:00,2025-09-30 16:00:00,DK1,294.540009,2198.387719,energidataservice_csv,1,,2026-07-12 14:53:34
512,2025-09-30 16:00:00,2025-09-30 16:00:00,DK2,294.519989,2198.238294,energidataservice_csv,1,,2026-07-12 14:53:34
509,2025-09-30 17:00:00,2025-09-30 17:00:00,DK1,357.769989,2670.323644,energidataservice_csv,1,,2026-07-12 14:53:34
510,2025-09-30 17:00:00,2025-09-30 17:00:00,DK2,357.350006,2667.188975,energidataservice_csv,1,,2026-07-12 14:53:34
507,2025-09-30 18:00:00,2025-09-30 18:00:00,DK1,147.279999,1099.268457,energidataservice_csv,1,,2026-07-12 14:53:34
508,2025-09-30 18:00:00,2025-09-30 18:00:00,DK2,147.190002,1098.596737,energidataservice_csv,1,,2026-07-12 14:53:34
505,2025-09-30 19:00:00,2025-09-30 19:00:00,DK1,116.040001,866.099359,energidataservice_csv,1,,2026-07-12 14:53:34
506,2025-09-30 19:00:00,2025-09-30 19:00:00,DK2,116.010002,865.875453,energidataservice_csv,1,,2026-07-12 14:53:34
503,2025-09-30 20:00:00,2025-09-30 20:00:00,DK1,101.629997,758.545972,energidataservice_csv,1,,2026-07-12 14:53:34
504,2025-09-30 20:00:00,2025-09-30 20:00:00,DK2,101.610001,758.396725,energidataservice_csv,1,,2026-07-12 14:53:34
501,2025-09-30 21:00:00,2025-09-30 21:00:00,DK1,92.540001,690.700059,energidataservice_csv,1,,2026-07-12 14:53:34
502,2025-09-30 21:00:00,2025-09-30 21:00:00,DK2,92.480003,690.252246,energidataservice_csv,1,,2026-07-12 14:53:34
43,2025-09-30T00:00:00,2026-07-10T18:11:08.832226+00:00,DK1,98.480003,735.035046,nordpool_via_energidataservice,1,"{""record_id"": ""nordpool_via_energidataservice_2025-09-30T00:00:00"", ""source"": ""nordpool_via_energidataservice"", ""passed"": true, ""warnings"": false, ""failed_gates"": [], ""gate_count"": 5, ""pass_count"": 5}",2026-07-10 18:11:08
44,2025-09-30T00:00:00,2026-07-10T18:11:08.832226+00:00,DK2,98.650002,736.303885,nordpool_via_energidataservice,1,"{""record_id"": ""nordpool_via_energidataservice_2025-09-30T00:00:00"", ""source"": ""nordpool_via_energidataservice"", ""passed"": true, ""warnings"": false, ""failed_gates"": [], ""gate_count"": 5, ""pass_count"": 5}",2026-07-10 18:11:08
41,2025-09-30T01:00:00,2026-07-10T18:11:08.832226+00:00,DK1,92.220001,688.311643,nordpool_via_energidataservice,1,"{""record_id"": ""nordpool_via_energidataservice_2025-09-30T01:00:00"", ""source"": ""nordpool_via_energidataservice"", ""passed"": true, ""warnings"": false, ""failed_gates"": [], ""gate_count"": 5, ""pass_count"": 5}",2026-07-10 18:11:08
42,2025-09-30T01:00:00,2026-07-10T18:11:08.832226+00:00,DK2,94.760002,707.269703,nordpool_via_energidataservice,1,"{""record_id"": ""nordpool_via_energidataservice_2025-09-30T01:00:00"", ""source"": ""nordpool_via_energidataservice"", ""passed"": true, ""warnings"": false, ""failed_gates"": [], ""gate_count"": 5, ""pass_count"": 5}",2026-07-10 18:11:08
39,2025-09-30T02:00:00,2026-07-10T18:11:08.832226+00:00,DK1,98.459999,734.885741,nordpool_via_energidataservice,1,"{""record_id"": ""nordpool_via_energidataservice_2025-09-30T02:00:00"", ""source"": ""nordpool_via_energidataservice"", ""passed"": true, ""warnings"": false, ""failed_gates"": [], ""gate_count"": 5, ""pass_count"": 5}",2026-07-10 18:11:08
40,2025-09-30T02:00:00,2026-07-10T18:11:08.832226+00:00,DK2,98.839996,737.721962,nordpool_via_energidataservice,1,"{""record_id"": ""nordpool_via_energidataservice_2025-09-30T02:00:00"", ""source"": ""nordpool_via_energidataservice"", ""passed"": true, ""warnings"": false, ""failed_gates"": [], ""gate_count"": 5, ""pass_count"": 5}",2026-07-10 18:11:08
37,2025-09-30T03:00:00,2026-07-10T18:11:08.832226+00:00,DK1,107.989998,806.015747,nordpool_via_energidataservice,1,"{""record_id"": ""nordpool_via_energidataservice_2025-09-30T03:00:00"", ""source"": ""nordpool_via_energidataservice"", ""passed"": true, ""warnings"": false, ""failed_gates"": [], ""gate_count"": 5, ""pass_count"": 5}",2026-07-10 18:11:08
38,2025-09-30T03:00:00,2026-07-10T18:11:08.832226+00:00,DK2,111.900002,835.199235,nordpool_via_energidataservice,1,"{""record_id"": ""nordpool_via_energidataservice_2025-09-30T03:00:00"", ""source"": ""nordpool_via_energidataservice"", ""passed"": true, ""warnings"": false, ""failed_gates"": [], ""gate_count"": 5, ""pass_count"": 5}",2026-07-10 18:11:08
35,2025-09-30T04:00:00,2026-07-10T18:11:08.832226+00:00,DK1,141.860001,1058.814675,nordpool_via_energidataservice,1,"{""record_id"": ""nordpool_via_energidataservice_2025-09-30T04:00:00"", ""source"": ""nordpool_via_energidataservice"", ""passed"": true, ""warnings"": false, ""failed_gates"": [], ""gate_count"": 5, ""pass_count"": 5}",2026-07-10 18:11:08
36,2025-09-30T04:00:00,2026-07-10T18:11:08.832226+00:00,DK2,141.699997,1057.620438,nordpool_via_energidataservice,1,"{""record_id"": ""nordpool_via_energidataservice_2025-09-30T04:00:00"", ""source"": ""nordpool_via_energidataservice"", ""passed"": true, ""warnings"": false, ""failed_gates"": [], ""gate_count"": 5, ""pass_count"": 5}",2026-07-10 18:11:08
33,2025-09-30T05:00:00,2026-07-10T18:11:08.832226+00:00,DK1,244.0,1821.1672,nordpool_via_energidataservice,1,"{""record_id"": ""nordpool_via_energidataservice_2025-09-30T05:00:00"", ""source"": ""nordpool_via_energidataservice"", ""passed"": true, ""warnings"": false, ""failed_gates"": [], ""gate_count"": 5, ""pass_count"": 5}",2026-07-10 18:11:08
34,2025-09-30T05:00:00,2026-07-10T18:11:08.832226+00:00,DK2,243.899994,1820.420775,nordpool_via_energidataservice,1,"{""record_id"": ""nordpool_via_energidataservice_2025-09-30T05:00:00"", ""source"": ""nordpool_via_energidataservice"", ""passed"": true, ""warnings"": false, ""failed_gates"": [], ""gate_count"": 5, ""pass_count"": 5}",2026-07-10 18:11:08
31,2025-09-30T06:00:00,2026-07-10T18:11:08.832226+00:00,DK1,209.229996,1561.650844,nordpool_via_energidataservice,1,"{""record_id"": ""nordpool_via_energidataservice_2025-09-30T06:00:00"", ""source"": ""nordpool_via_energidataservice"", ""passed"": true, ""warnings"": false, ""failed_gates"": [], ""gate_count"": 5, ""pass_count"": 5}",2026-07-10 18:11:08
32,2025-09-30T06:00:00,2026-07-10T18:11:08.832226+00:00,DK2,209.080002,1560.531319,nordpool_via_energidataservice,1,"{""record_id"": ""nordpool_via_energidataservice_2025-09-30T06:00:00"", ""source"": ""nordpool_via_energidataservice"", ""passed"": true, ""warnings"": false, ""failed_gates"": [], ""gate_count"": 5, ""pass_count"": 5}",2026-07-10 18:11:08
29,2025-09-30T07:00:00,2026-07-10T18:11:08.832226+00:00,DK1,141.850006,1058.740075,nordpool_via_energidataservice,1,"{""record_id"": ""nordpool_via_energidataservice_2025-09-30T07:00:00"", ""source"": ""nordpool_via_energidataservice"", ""passed"": true, ""warnings"": false, ""failed_gates"": [], ""gate_count"": 5, ""pass_count"": 5}",2026-07-10 18:11:08
30,2025-09-30T07:00:00,2026-07-10T18:11:08.832226+00:00,DK2,141.789993,1058.29215,nordpool_via_energidataservice,1,"{""record_id"": ""nordpool_via_energidataservice_2025-09-30T07:00:00"", ""source"": ""nordpool_via_energidataservice"", ""passed"": true, ""warnings"": false, ""failed_gates"": [], ""gate_count"": 5, ""pass_count"": 5}",2026-07-10 18:11:08
27,2025-09-30T08:00:00,2026-07-10T18:11:08.832226+00:00,DK1,115.199997,859.829738,nordpool_via_energidataservice,1,"{""record_id"": ""nordpool_via_energidataservice_2025-09-30T08:00:00"", ""source"": ""nordpool_via_energidataservice"", ""passed"": true, ""warnings"": false, ""failed_gates"": [], ""gate_count"": 5, ""pass_count"": 5}",2026-07-10 18:11:08
28,2025-09-30T08:00:00,2026-07-10T18:11:08.832226+00:00,DK2,115.150002,859.456585,nordpool_via_energidataservice,1,"{""record_id"": ""nordpool_via_energidataservice_2025-09-30T08:00:00"", ""source"": ""nordpool_via_energidataservice"", ""passed"": true, ""warnings"": false, ""failed_gates"": [], ""gate_count"": 5, ""pass_count"": 5}",2026-07-10 18:11:08
25,2025-09-30T09:00:00,2026-07-10T18:11:08.832226+00:00,DK1,96.720001,721.898743,nordpool_via_energidataservice,1,"{""record_id"": ""nordpool_via_energidataservice_2025-09-30T09:00:00"", ""source"": ""nordpool_via_energidataservice"", ""passed"": true, ""warnings"": false, ""failed_gates"": [], ""gate_count"": 5, ""pass_count"": 5}",2026-07-10 18:11:08
26,2025-09-30T09:00:00,2026-07-10T18:11:08.832226+00:00,DK2,96.699997,721.749438,nordpool_via_energidataservice,1,"{""record_id"": ""nordpool_via_energidataservice_2025-09-30T09:00:00"", ""source"": ""nordpool_via_energidataservice"", ""passed"": true, ""warnings"": false, ""failed_gates"": [], ""gate_count"": 5, ""pass_count"": 5}",2026-07-10 18:11:08
23,2025-09-30T10:00:00,2026-07-10T18:11:08.832226+00:00,DK1,87.910004,656.142688,nordpool_via_energidataservice,1,"{""record_id"": ""nordpool_via_energidataservice_2025-09-30T10:00:00"", ""source"": ""nordpool_via_energidataservice"", ""passed"": true, ""warnings"": false, ""failed_gates"": [], ""gate_count"": 5, ""pass_count"": 5}",2026-07-10 18:11:08
24,2025-09-30T10:00:00,2026-07-10T18:11:08.832226+00:00,DK2,87.910004,656.142688,nordpool_via_energidataservice,1,"{""record_id"": ""nordpool_via_energidataservice_2025-09-30T10:00:00"", ""source"": ""nordpool_via_energidataservice"", ""passed"": true, ""warnings"": false, ""failed_gates"": [], ""gate_count"": 5, ""pass_count"": 5}",2026-07-10 18:11:08
21,2025-09-30T11:00:00,2026-07-10T18:11:08.832226+00:00,DK1,86.040001,642.185359,nordpool_via_energidataservice,1,"{""record_id"": ""nordpool_via_energidataservice_2025-09-30T11:00:00"", ""source"": ""nordpool_via_energidataservice"", ""passed"": true, ""warnings"": false, ""failed_gates"": [], ""gate_count"": 5, ""pass_count"": 5}",2026-07-10 18:11:08
22,2025-09-30T11:00:00,2026-07-10T18:11:08.832226+00:00,DK2,86.040001,642.185359,nordpool_via_energidataservice,1,"{""record_id"": ""nordpool_via_energidataservice_2025-09-30T11:00:00"", ""source"": ""nordpool_via_energidataservice"", ""passed"": true, ""warnings"": false, ""failed_gates"": [], ""gate_count"": 5, ""pass_count"": 5}",2026-07-10 18:11:08
19,2025-09-30T12:00:00,2026-07-10T18:11:08.832226+00:00,DK1,87.260002,651.291203,nordpool_via_energidataservice,1,"{""record_id"": ""nordpool_via_energidataservice_2025-09-30T12:00:00"", ""source"": ""nordpool_via_energidataservice"", ""passed"": true, ""warnings"": false, ""failed_gates"": [], ""gate_count"": 5, ""pass_count"": 5}",2026-07-10 18:11:08
20,2025-09-30T12:00:00,2026-07-10T18:11:08.832226+00:00,DK2,87.269997,651.365804,nordpool_via_energidataservice,1,"{""record_id"": ""nordpool_via_energidataservice_2025-09-30T12:00:00"", ""source"": ""nordpool_via_energidataservice"", ""passed"": true, ""warnings"": false, ""failed_gates"": [], ""gate_count"": 5, ""pass_count"": 5}",2026-07-10 18:11:08
17,2025-09-30T13:00:00,2026-07-10T18:11:08.832226+00:00,DK1,96.800003,722.495862,nordpool_via_energidataservice,1,"{""record_id"": ""nordpool_via_energidataservice_2025-09-30T13:00:00"", ""source"": ""nordpool_via_energidataservice"", ""passed"": true, ""warnings"": false, ""failed_gates"": [], ""gate_count"": 5, ""pass_count"": 5}",2026-07-10 18:11:08
18,2025-09-30T13:00:00,2026-07-10T18:11:08.832226+00:00,DK2,96.800003,722.495862,nordpool_via_energidataservice,1,"{""record_id"": ""nordpool_via_energidataservice_2025-09-30T13:00:00"", ""source"": ""nordpool_via_energidataservice"", ""passed"": true, ""warnings"": false, ""failed_gates"": [], ""gate_count"": 5, ""pass_count"": 5}",2026-07-10 18:11:08
15,2025-09-30T14:00:00,2026-07-10T18:11:08.832226+00:00,DK1,104.029999,776.459107,nordpool_via_energidataservice,1,"{""record_id"": ""nordpool_via_energidataservice_2025-09-30T14:00:00"", ""source"": ""nordpool_via_energidataservice"", ""passed"": true, ""warnings"": false, ""failed_gates"": [], ""gate_count"": 5, ""pass_count"": 5}",2026-07-10 18:11:08
16,2025-09-30T14:00:00,2026-07-10T18:11:08.832226+00:00,DK2,104.050003,776.608412,nordpool_via_energidataservice,1,"{""record_id"": ""nordpool_via_energidataservice_2025-09-30T14:00:00"", ""source"": ""nordpool_via_energidataservice"", ""passed"": true, ""warnings"": false, ""failed_gates"": [], ""gate_count"": 5, ""pass_count"": 5}",2026-07-10 18:11:08
13,2025-09-30T15:00:00,2026-07-10T18:11:08.832226+00:00,DK1,142.639999,1064.636425,nordpool_via_energidataservice,1,"{""record_id"": ""nordpool_via_energidataservice_2025-09-30T15:00:00"", ""source"": ""nordpool_via_energidataservice"", ""passed"": true, ""warnings"": false, ""failed_gates"": [], ""gate_count"": 5, ""pass_count"": 5}",2026-07-10 18:11:08
14,2025-09-30T15:00:00,2026-07-10T18:11:08.832226+00:00,DK2,142.639999,1064.636425,nordpool_via_energidataservice,1,"{""record_id"": ""nordpool_via_energidataservice_2025-09-30T15:00:00"", ""source"": ""nordpool_via_energidataservice"", ""passed"": true, ""warnings"": false, ""failed_gates"": [], ""gate_count"": 5, ""pass_count"": 5}",2026-07-10 18:11:08
11,2025-09-30T16:00:00,2026-07-10T18:11:08.832226+00:00,DK1,294.540009,2198.387719,nordpool_via_energidataservice,1,"{""record_id"": ""nordpool_via_energidataservice_2025-09-30T16:00:00"", ""source"": ""nordpool_via_energidataservice"", ""passed"": true, ""warnings"": false, ""failed_gates"": [], ""gate_count"": 5, ""pass_count"": 5}",2026-07-10 18:11:08
12,2025-09-30T16:00:00,2026-07-10T18:11:08.832226+00:00,DK2,294.519989,2198.238294,nordpool_via_energidataservice,1,"{""record_id"": ""nordpool_via_energidataservice_2025-09-30T16:00:00"", ""source"": ""nordpool_via_energidataservice"", ""passed"": true, ""warnings"": false, ""failed_gates"": [], ""gate_count"": 5, ""pass_count"": 5}",2026-07-10 18:11:08
9,2025-09-30T17:00:00,2026-07-10T18:11:08.832226+00:00,DK1,357.769989,2670.323644,nordpool_via_energidataservice,1,"{""record_id"": ""nordpool_via_energidataservice_2025-09-30T17:00:00"", ""source"": ""nordpool_via_energidataservice"", ""passed"": true, ""warnings"": false, ""failed_gates"": [], ""gate_count"": 5, ""pass_count"": 5}",2026-07-10 18:11:08
10,2025-09-30T17:00:00,2026-07-10T18:11:08.832226+00:00,DK2,357.350006,2667.188975,nordpool_via_energidataservice,1,"{""record_id"": ""nordpool_via_energidataservice_2025-09-30T17:00:00"", ""source"": ""nordpool_via_energidataservice"", ""passed"": true, ""warnings"": false, ""failed_gates"": [], ""gate_count"": 5, ""pass_count"": 5}",2026-07-10 18:11:08
7,2025-09-30T18:00:00,2026-07-10T18:11:08.832226+00:00,DK1,147.279999,1099.268457,nordpool_via_energidataservice,1,"{""record_id"": ""nordpool_via_energidataservice_2025-09-30T18:00:00"", ""source"": ""nordpool_via_energidataservice"", ""passed"": true, ""warnings"": false, ""failed_gates"": [], ""gate_count"": 5, ""pass_count"": 5}",2026-07-10 18:11:08
8,2025-09-30T18:00:00,2026-07-10T18:11:08.832226+00:00,DK2,147.190002,1098.596737,nordpool_via_energidataservice,1,"{""record_id"": ""nordpool_via_energidataservice_2025-09-30T18:00:00"", ""source"": ""nordpool_via_energidataservice"", ""passed"": true, ""warnings"": false, ""failed_gates"": [], ""gate_count"": 5, ""pass_count"": 5}",2026-07-10 18:11:08
5,2025-09-30T19:00:00,2026-07-10T18:11:08.832226+00:00,DK1,116.040001,866.099359,nordpool_via_energidataservice,1,"{""record_id"": ""nordpool_via_energidataservice_2025-09-30T19:00:00"", ""source"": ""nordpool_via_energidataservice"", ""passed"": true, ""warnings"": false, ""failed_gates"": [], ""gate_count"": 5, ""pass_count"": 5}",2026-07-10 18:11:08
6,2025-09-30T19:00:00,2026-07-10T18:11:08.832226+00:00,DK2,116.010002,865.875453,nordpool_via_energidataservice,1,"{""record_id"": ""nordpool_via_energidataservice_2025-09-30T19:00:00"", ""source"": ""nordpool_via_energidataservice"", ""passed"": true, ""warnings"": false, ""failed_gates"": [], ""gate_count"": 5, ""pass_count"": 5}",2026-07-10 18:11:08
3,2025-09-30T20:00:00,2026-07-10T18:11:08.832226+00:00,DK1,101.629997,758.545972,nordpool_via_energidataservice,1,"{""record_id"": ""nordpool_via_energidataservice_2025-09-30T20:00:00"", ""source"": ""nordpool_via_energidataservice"", ""passed"": true, ""warnings"": false, ""failed_gates"": [], ""gate_count"": 5, ""pass_count"": 5}",2026-07-10 18:11:08
4,2025-09-30T20:00:00,2026-07-10T18:11:08.832226+00:00,DK2,101.610001,758.396725,nordpool_via_energidataservice,1,"{""record_id"": ""nordpool_via_energidataservice_2025-09-30T20:00:00"", ""source"": ""nordpool_via_energidataservice"", ""passed"": true, ""warnings"": false, ""failed_gates"": [], ""gate_count"": 5, ""pass_count"": 5}",2026-07-10 18:11:08
1,2025-09-30T21:00:00,2026-07-10T18:11:08.832226+00:00,DK1,92.540001,690.700059,nordpool_via_energidataservice,1,"{""record_id"": ""nordpool_via_energidataservice_2025-09-30T21:00:00"", ""source"": ""nordpool_via_energidataservice"", ""passed"": true, ""warnings"": false, ""failed_gates"": [], ""gate_count"": 5, ""pass_count"": 5}",2026-07-10 18:11:08
2,2025-09-30T21:00:00,2026-07-10T18:11:08.832226+00:00,DK2,92.480003,690.252246,nordpool_via_energidataservice,1,"{""record_id"": ""nordpool_via_energidataservice_2025-09-30T21:00:00"", ""source"": ""nordpool_via_energidataservice"", ""passed"": true, ""warnings"": false, ""failed_gates"": [], ""gate_count"": 5, ""pass_count"": 5}",2026-07-10 18:11:08
5066,2026-07-05T14:15:00,2026-07-05T14:15:00,DK1,-0.01,-0.074746,energidataservice_auto,1,,2026-07-12 16:14:57
5065,2026-07-05T14:15:00,2026-07-05T14:15:00,DK2,2.16,16.145136,energidataservice_auto,1,,2026-07-12 16:14:57
5068,2026-07-05T14:30:00,2026-07-05T14:30:00,DK1,0.01,0.074746,energidataservice_auto,1,,2026-07-12 16:14:57
5067,2026-07-05T14:30:00,2026-07-05T14:30:00,DK2,2.19,16.369374,energidataservice_auto,1,,2026-07-12 16:14:57
5070,2026-07-05T14:45:00,2026-07-05T14:45:00,DK1,-0.04,-0.298984,energidataservice_auto,1,,2026-07-12 16:14:57
5069,2026-07-05T14:45:00,2026-07-05T14:45:00,DK2,2.59,19.359214,energidataservice_auto,1,,2026-07-12 16:14:57
5072,2026-07-05T15:00:00,2026-07-05T15:00:00,DK1,-0.01,-0.074746,energidataservice_auto,1,,2026-07-12 16:14:57
5071,2026-07-05T15:00:00,2026-07-05T15:00:00,DK2,3.1,23.17126,energidataservice_auto,1,,2026-07-12 16:14:57
5074,2026-07-05T15:15:00,2026-07-05T15:15:00,DK1,-0.03,-0.224238,energidataservice_auto,1,,2026-07-12 16:14:57
5073,2026-07-05T15:15:00,2026-07-05T15:15:00,DK2,3.9,29.15094,energidataservice_auto,1,,2026-07-12 16:14:57
5076,2026-07-05T15:30:00,2026-07-05T15:30:00,DK1,2.1,15.69666,energidataservice_auto,1,,2026-07-12 16:14:57
5075,2026-07-05T15:30:00,2026-07-05T15:30:00,DK2,4.97,37.148762,energidataservice_auto,1,,2026-07-12 16:14:57
5078,2026-07-05T15:45:00,2026-07-05T15:45:00,DK1,6.64,49.631344,energidataservice_auto,1,,2026-07-12 16:14:57
5077,2026-07-05T15:45:00,2026-07-05T15:45:00,DK2,8.11,60.619006,energidataservice_auto,1,,2026-07-12 16:14:57
5080,2026-07-05T16:00:00,2026-07-05T16:00:00,DK1,6.02,44.997092,energidataservice_auto,1,,2026-07-12 16:14:57
5079,2026-07-05T16:00:00,2026-07-05T16:00:00,DK2,7.99,59.722054,energidataservice_auto,1,,2026-07-12 16:14:57
5082,2026-07-05T16:15:00,2026-07-05T16:15:00,DK1,9.49,70.933954,energidataservice_auto,1,,2026-07-12 16:14:57
5081,2026-07-05T16:15:00,2026-07-05T16:15:00,DK2,20.379999,152.332341,energidataservice_auto,1,,2026-07-12 16:14:57
5084,2026-07-05T16:30:00,2026-07-05T16:30:00,DK1,15.0,112.119,energidataservice_auto,1,,2026-07-12 16:14:57
5083,2026-07-05T16:30:00,2026-07-05T16:30:00,DK2,20.07,150.015222,energidataservice_auto,1,,2026-07-12 16:14:57
5086,2026-07-05T16:45:00,2026-07-05T16:45:00,DK1,18.450001,137.906377,energidataservice_auto,1,,2026-07-12 16:14:57
5085,2026-07-05T16:45:00,2026-07-05T16:45:00,DK2,40.580002,303.319283,energidataservice_auto,1,,2026-07-12 16:14:57
5088,2026-07-05T17:00:00,2026-07-05T17:00:00,DK1,9.1,68.01886,energidataservice_auto,1,,2026-07-12 16:14:57
5087,2026-07-05T17:00:00,2026-07-05T17:00:00,DK2,35.790001,267.515941,energidataservice_auto,1,,2026-07-12 16:14:57
5090,2026-07-05T17:15:00,2026-07-05T17:15:00,DK1,21.370001,159.732209,energidataservice_auto,1,,2026-07-12 16:14:57
5089,2026-07-05T17:15:00,2026-07-05T17:15:00,DK2,54.48,407.216208,energidataservice_auto,1,,2026-07-12 16:14:57
5092,2026-07-05T17:30:00,2026-07-05T17:30:00,DK1,43.400002,324.397655,energidataservice_auto,1,,2026-07-12 16:14:57
5091,2026-07-05T17:30:00,2026-07-05T17:30:00,DK2,83.519997,624.27857,energidataservice_auto,1,,2026-07-12 16:14:57
5094,2026-07-05T17:45:00,2026-07-05T17:45:00,DK1,63.419998,474.039117,energidataservice_auto,1,,2026-07-12 16:14:57
5093,2026-07-05T17:45:00,2026-07-05T17:45:00,DK2,97.68,730.118928,energidataservice_auto,1,,2026-07-12 16:14:57
5096,2026-07-05T18:00:00,2026-07-05T18:00:00,DK1,77.0,575.5442,energidataservice_auto,1,,2026-07-12 16:14:57
5095,2026-07-05T18:00:00,2026-07-05T18:00:00,DK2,96.910004,724.363516,energidataservice_auto,1,,2026-07-12 16:14:57
5098,2026-07-05T18:15:00,2026-07-05T18:15:00,DK1,76.389999,570.984687,energidataservice_auto,1,,2026-07-12 16:14:57
5097,2026-07-05T18:15:00,2026-07-05T18:15:00,DK2,97.730003,730.49268,energidataservice_auto,1,,2026-07-12 16:14:57
5100,2026-07-05T18:30:00,2026-07-05T18:30:00,DK1,82.919998,619.793817,energidataservice_auto,1,,2026-07-12 16:14:57
5099,2026-07-05T18:30:00,2026-07-05T18:30:00,DK2,106.5,796.0449,energidataservice_auto,1,,2026-07-12 16:14:57
5102,2026-07-05T18:45:00,2026-07-05T18:45:00,DK1,80.279999,600.060881,energidataservice_auto,1,,2026-07-12 16:14:57
5101,2026-07-05T18:45:00,2026-07-05T18:45:00,DK2,109.57,818.991922,energidataservice_auto,1,,2026-07-12 16:14:57
5104,2026-07-05T19:00:00,2026-07-05T19:00:00,DK1,106.32,794.699472,energidataservice_auto,1,,2026-07-12 16:14:57
5103,2026-07-05T19:00:00,2026-07-05T19:00:00,DK2,113.809998,850.684211,energidataservice_auto,1,,2026-07-12 16:14:57
5106,2026-07-05T19:15:00,2026-07-05T19:15:00,DK1,102.32,764.801072,energidataservice_auto,1,,2026-07-12 16:14:57
5105,2026-07-05T19:15:00,2026-07-05T19:15:00,DK2,114.510002,855.916461,energidataservice_auto,1,,2026-07-12 16:14:57
5108,2026-07-05T19:30:00,2026-07-05T19:30:00,DK1,89.169998,666.510067,energidataservice_auto,1,,2026-07-12 16:14:57
5107,2026-07-05T19:30:00,2026-07-05T19:30:00,DK2,108.040001,807.555791,energidataservice_auto,1,,2026-07-12 16:14:57
5110,2026-07-05T19:45:00,2026-07-05T19:45:00,DK1,82.190002,614.337389,energidataservice_auto,1,,2026-07-12 16:14:57
5109,2026-07-05T19:45:00,2026-07-05T19:45:00,DK2,109.910004,821.533316,energidataservice_auto,1,,2026-07-12 16:14:57
5112,2026-07-05T20:00:00,2026-07-05T20:00:00,DK1,101.599998,759.419345,energidataservice_auto,1,,2026-07-12 16:14:57
5111,2026-07-05T20:00:00,2026-07-05T20:00:00,DK2,117.160004,875.724166,energidataservice_auto,1,,2026-07-12 16:14:57
5114,2026-07-05T20:15:00,2026-07-05T20:15:00,DK1,96.839996,723.840234,energidataservice_auto,1,,2026-07-12 16:14:57
5113,2026-07-05T20:15:00,2026-07-05T20:15:00,DK2,115.529999,863.540531,energidataservice_auto,1,,2026-07-12 16:14:57
5116,2026-07-05T20:30:00,2026-07-05T20:30:00,DK1,103.93,776.835178,energidataservice_auto,1,,2026-07-12 16:14:57
5115,2026-07-05T20:30:00,2026-07-05T20:30:00,DK2,115.480003,863.16683,energidataservice_auto,1,,2026-07-12 16:14:57
5118,2026-07-05T20:45:00,2026-07-05T20:45:00,DK1,101.199997,756.429498,energidataservice_auto,1,,2026-07-12 16:14:57
5117,2026-07-05T20:45:00,2026-07-05T20:45:00,DK2,113.720001,850.011519,energidataservice_auto,1,,2026-07-12 16:14:57
5120,2026-07-05T21:00:00,2026-07-05T21:00:00,DK1,102.400002,765.399055,energidataservice_auto,1,,2026-07-12 16:14:57
5119,2026-07-05T21:00:00,2026-07-05T21:00:00,DK2,113.220001,846.274219,energidataservice_auto,1,,2026-07-12 16:14:57
5122,2026-07-05T21:15:00,2026-07-05T21:15:00,DK1,107.209999,801.351859,energidataservice_auto,1,,2026-07-12 16:14:57
5121,2026-07-05T21:15:00,2026-07-05T21:15:00,DK2,112.949997,844.256048,energidataservice_auto,1,,2026-07-12 16:14:57
5124,2026-07-05T21:30:00,2026-07-05T21:30:00,DK1,97.449997,728.399748,energidataservice_auto,1,,2026-07-12 16:14:57
5123,2026-07-05T21:30:00,2026-07-05T21:30:00,DK2,109.349998,817.347495,energidataservice_auto,1,,2026-07-12 16:14:57
5126,2026-07-05T21:45:00,2026-07-05T21:45:00,DK1,101.620003,759.568874,energidataservice_auto,1,,2026-07-12 16:14:57
5125,2026-07-05T21:45:00,2026-07-05T21:45:00,DK2,109.160004,815.927366,energidataservice_auto,1,,2026-07-12 16:14:57
5128,2026-07-05T22:00:00,2026-07-05T22:00:00,DK1,148.800003,1112.250262,energidataservice_auto,1,,2026-07-12 16:14:57
5127,2026-07-05T22:00:00,2026-07-05T22:00:00,DK2,104.379997,780.219602,energidataservice_auto,1,,2026-07-12 16:14:57
5130,2026-07-05T22:15:00,2026-07-05T22:15:00,DK1,129.179993,965.594612,energidataservice_auto,1,,2026-07-12 16:14:57
5129,2026-07-05T22:15:00,2026-07-05T22:15:00,DK2,99.650002,744.863835,energidataservice_auto,1,,2026-07-12 16:14:57
5132,2026-07-05T22:30:00,2026-07-05T22:30:00,DK1,128.990005,964.174489,energidataservice_auto,1,,2026-07-12 16:14:57
5131,2026-07-05T22:30:00,2026-07-05T22:30:00,DK2,97.410004,728.120298,energidataservice_auto,1,,2026-07-12 16:14:57
5134,2026-07-05T22:45:00,2026-07-05T22:45:00,DK1,123.900002,926.127735,energidataservice_auto,1,,2026-07-12 16:14:57
5133,2026-07-05T22:45:00,2026-07-05T22:45:00,DK2,97.230003,726.774826,energidataservice_auto,1,,2026-07-12 16:14:57
5136,2026-07-05T23:00:00,2026-07-05T23:00:00,DK1,127.459999,952.738001,energidataservice_auto,1,,2026-07-12 16:14:57
5135,2026-07-05T23:00:00,2026-07-05T23:00:00,DK2,95.949997,717.207038,energidataservice_auto,1,,2026-07-12 16:14:57
5138,2026-07-05T23:15:00,2026-07-05T23:15:00,DK1,124.870003,933.378298,energidataservice_auto,1,,2026-07-12 16:14:57
5137,2026-07-05T23:15:00,2026-07-05T23:15:00,DK2,96.459999,721.019201,energidataservice_auto,1,,2026-07-12 16:14:57
5140,2026-07-05T23:30:00,2026-07-05T23:30:00,DK1,122.900002,918.652935,energidataservice_auto,1,,2026-07-12 16:14:57
5139,2026-07-05T23:30:00,2026-07-05T23:30:00,DK2,96.769997,723.336374,energidataservice_auto,1,,2026-07-12 16:14:57
5142,2026-07-05T23:45:00,2026-07-05T23:45:00,DK1,119.93,896.452764,energidataservice_auto,1,,2026-07-12 16:14:57
5141,2026-07-05T23:45:00,2026-07-05T23:45:00,DK2,97.610001,729.615235,energidataservice_auto,1,,2026-07-12 16:14:57
5144,2026-07-06T00:00:00,2026-07-06T00:00:00,DK1,124.660004,931.808598,energidataservice_auto,1,,2026-07-12 16:14:57
5143,2026-07-06T00:00:00,2026-07-06T00:00:00,DK2,98.290001,734.698099,energidataservice_auto,1,,2026-07-12 16:14:57
5146,2026-07-06T00:15:00,2026-07-06T00:15:00,DK1,119.059998,889.949673,energidataservice_auto,1,,2026-07-12 16:14:57
5145,2026-07-06T00:15:00,2026-07-06T00:15:00,DK2,99.139999,741.051665,energidataservice_auto,1,,2026-07-12 16:14:57
5148,2026-07-06T00:30:00,2026-07-06T00:30:00,DK1,117.279999,876.644537,energidataservice_auto,1,,2026-07-12 16:14:57
5147,2026-07-06T00:30:00,2026-07-06T00:30:00,DK2,99.739998,745.536537,energidataservice_auto,1,,2026-07-12 16:14:57
5150,2026-07-06T00:45:00,2026-07-06T00:45:00,DK1,113.809998,850.706973,energidataservice_auto,1,,2026-07-12 16:14:57
5149,2026-07-06T00:45:00,2026-07-06T00:45:00,DK2,100.82,753.609336,energidataservice_auto,1,,2026-07-12 16:14:57
5152,2026-07-06T01:00:00,2026-07-06T01:00:00,DK1,114.239998,853.921137,energidataservice_auto,1,,2026-07-12 16:14:57
5151,2026-07-06T01:00:00,2026-07-06T01:00:00,DK2,99.93,746.956764,energidataservice_auto,1,,2026-07-12 16:14:57
5154,2026-07-06T01:15:00,2026-07-06T01:15:00,DK1,113.099998,845.399865,energidataservice_auto,1,,2026-07-12 16:14:57
5153,2026-07-06T01:15:00,2026-07-06T01:15:00,DK2,100.089996,748.152702,energidataservice_auto,1,,2026-07-12 16:14:57
5156,2026-07-06T01:30:00,2026-07-06T01:30:00,DK1,114.470001,855.640363,energidataservice_auto,1,,2026-07-12 16:14:57
5155,2026-07-06T01:30:00,2026-07-06T01:30:00,DK2,99.449997,743.368838,energidataservice_auto,1,,2026-07-12 16:14:57
5158,2026-07-06T01:45:00,2026-07-06T01:45:00,DK1,114.559998,856.313073,energidataservice_auto,1,,2026-07-12 16:14:57
5157,2026-07-06T01:45:00,2026-07-06T01:45:00,DK2,98.989998,739.930437,energidataservice_auto,1,,2026-07-12 16:14:57
5160,2026-07-06T02:00:00,2026-07-06T02:00:00,DK1,112.730003,842.634226,energidataservice_auto,1,,2026-07-12 16:14:57
5159,2026-07-06T02:00:00,2026-07-06T02:00:00,DK2,100.709999,752.787101,energidataservice_auto,1,,2026-07-12 16:14:57
5162,2026-07-06T02:15:00,2026-07-06T02:15:00,DK1,112.860001,843.605935,energidataservice_auto,1,,2026-07-12 16:14:57
5161,2026-07-06T02:15:00,2026-07-06T02:15:00,DK2,100.0,747.48,energidataservice_auto,1,,2026-07-12 16:14:57
5164,2026-07-06T02:30:00,2026-07-06T02:30:00,DK1,115.559998,863.787873,energidataservice_auto,1,,2026-07-12 16:14:57
5163,2026-07-06T02:30:00,2026-07-06T02:30:00,DK2,98.529999,736.492037,energidataservice_auto,1,,2026-07-12 16:14:57
5166,2026-07-06T02:45:00,2026-07-06T02:45:00,DK1,115.849998,865.955565,energidataservice_auto,1,,2026-07-12 16:14:57
5165,2026-07-06T02:45:00,2026-07-06T02:45:00,DK2,98.169998,733.801101,energidataservice_auto,1,,2026-07-12 16:14:57
5168,2026-07-06T03:00:00,2026-07-06T03:00:00,DK1,115.080002,860.199999,energidataservice_auto,1,,2026-07-12 16:14:57
5167,2026-07-06T03:00:00,2026-07-06T03:00:00,DK2,95.239998,711.899937,energidataservice_auto,1,,2026-07-12 16:14:57
5170,2026-07-06T03:15:00,2026-07-06T03:15:00,DK1,116.199997,868.571738,energidataservice_auto,1,,2026-07-12 16:14:57
5169,2026-07-06T03:15:00,2026-07-06T03:15:00,DK2,97.099998,725.803065,energidataservice_auto,1,,2026-07-12 16:14:57
5172,2026-07-06T03:30:00,2026-07-06T03:30:00,DK1,119.43,892.715364,energidataservice_auto,1,,2026-07-12 16:14:57
5171,2026-07-06T03:30:00,2026-07-06T03:30:00,DK2,103.07,770.427636,energidataservice_auto,1,,2026-07-12 16:14:57
5174,2026-07-06T03:45:00,2026-07-06T03:45:00,DK1,129.470001,967.762363,energidataservice_auto,1,,2026-07-12 16:14:57
5173,2026-07-06T03:45:00,2026-07-06T03:45:00,DK2,125.480003,937.937926,energidataservice_auto,1,,2026-07-12 16:14:57
5176,2026-07-06T04:00:00,2026-07-06T04:00:00,DK1,129.139999,965.295665,energidataservice_auto,1,,2026-07-12 16:14:57
5175,2026-07-06T04:00:00,2026-07-06T04:00:00,DK2,128.5,960.5118,energidataservice_auto,1,,2026-07-12 16:14:57
5178,2026-07-06T04:15:00,2026-07-06T04:15:00,DK1,138.490005,1035.185089,energidataservice_auto,1,,2026-07-12 16:14:57
5177,2026-07-06T04:15:00,2026-07-06T04:15:00,DK2,136.009995,1016.647511,energidataservice_auto,1,,2026-07-12 16:14:57
5180,2026-07-06T04:30:00,2026-07-06T04:30:00,DK1,138.929993,1038.473912,energidataservice_auto,1,,2026-07-12 16:14:57
5179,2026-07-06T04:30:00,2026-07-06T04:30:00,DK2,136.440002,1019.861727,energidataservice_auto,1,,2026-07-12 16:14:57
5182,2026-07-06T04:45:00,2026-07-06T04:45:00,DK1,136.630005,1021.281961,energidataservice_auto,1,,2026-07-12 16:14:57
5181,2026-07-06T04:45:00,2026-07-06T04:45:00,DK2,132.199997,988.168538,energidataservice_auto,1,,2026-07-12 16:14:57
5184,2026-07-06T05:00:00,2026-07-06T05:00:00,DK1,148.929993,1113.221912,energidataservice_auto,1,,2026-07-12 16:14:57
5183,2026-07-06T05:00:00,2026-07-06T05:00:00,DK2,153.529999,1147.606037,energidataservice_auto,1,,2026-07-12 16:14:57
5186,2026-07-06T05:15:00,2026-07-06T05:15:00,DK1,144.429993,1079.585312,energidataservice_auto,1,,2026-07-12 16:14:57
5185,2026-07-06T05:15:00,2026-07-06T05:15:00,DK2,143.979996,1076.221674,energidataservice_auto,1,,2026-07-12 16:14:57
5188,2026-07-06T05:30:00,2026-07-06T05:30:00,DK1,134.289993,1003.79084,energidataservice_auto,1,,2026-07-12 16:14:57
5187,2026-07-06T05:30:00,2026-07-06T05:30:00,DK2,133.970001,1001.398963,energidataservice_auto,1,,2026-07-12 16:14:57
5190,2026-07-06T05:45:00,2026-07-06T05:45:00,DK1,133.929993,1001.099912,energidataservice_auto,1,,2026-07-12 16:14:57
5189,2026-07-06T05:45:00,2026-07-06T05:45:00,DK2,132.5,990.411,energidataservice_auto,1,,2026-07-12 16:14:57
5192,2026-07-06T06:00:00,2026-07-06T06:00:00,DK1,157.600006,1178.028525,energidataservice_auto,1,,2026-07-12 16:14:57
5191,2026-07-06T06:00:00,2026-07-06T06:00:00,DK2,154.770004,1156.874826,energidataservice_auto,1,,2026-07-12 16:14:57
5194,2026-07-06T06:15:00,2026-07-06T06:15:00,DK1,136.759995,1022.253611,energidataservice_auto,1,,2026-07-12 16:14:57
5193,2026-07-06T06:15:00,2026-07-06T06:15:00,DK2,133.229996,995.867574,energidataservice_auto,1,,2026-07-12 16:14:57
5196,2026-07-06T06:30:00,2026-07-06T06:30:00,DK1,129.559998,968.435073,energidataservice_auto,1,,2026-07-12 16:14:57
5195,2026-07-06T06:30:00,2026-07-06T06:30:00,DK2,131.320007,981.590788,energidataservice_auto,1,,2026-07-12 16:14:57
5198,2026-07-06T06:45:00,2026-07-06T06:45:00,DK1,119.739998,895.032537,energidataservice_auto,1,,2026-07-12 16:14:57
5197,2026-07-06T06:45:00,2026-07-06T06:45:00,DK2,126.760002,947.505663,energidataservice_auto,1,,2026-07-12 16:14:57
5200,2026-07-06T07:00:00,2026-07-06T07:00:00,DK1,129.240005,966.043189,energidataservice_auto,1,,2026-07-12 16:14:57
5199,2026-07-06T07:00:00,2026-07-06T07:00:00,DK2,128.020004,956.923926,energidataservice_auto,1,,2026-07-12 16:14:57
5202,2026-07-06T07:15:00,2026-07-06T07:15:00,DK1,117.779999,880.381937,energidataservice_auto,1,,2026-07-12 16:14:57
5201,2026-07-06T07:15:00,2026-07-06T07:15:00,DK2,119.949997,896.602238,energidataservice_auto,1,,2026-07-12 16:14:57
5204,2026-07-06T07:30:00,2026-07-06T07:30:00,DK1,107.050003,800.177362,energidataservice_auto,1,,2026-07-12 16:14:57
5203,2026-07-06T07:30:00,2026-07-06T07:30:00,DK2,109.019997,814.902674,energidataservice_auto,1,,2026-07-12 16:14:57
5206,2026-07-06T07:45:00,2026-07-06T07:45:00,DK1,95.889999,716.758565,energidataservice_auto,1,,2026-07-12 16:14:57
5205,2026-07-06T07:45:00,2026-07-06T07:45:00,DK2,97.660004,729.988998,energidataservice_auto,1,,2026-07-12 16:14:57
5208,2026-07-06T08:00:00,2026-07-06T08:00:00,DK1,118.220001,883.670863,energidataservice_auto,1,,2026-07-12 16:14:57
5207,2026-07-06T08:00:00,2026-07-06T08:00:00,DK2,116.099998,867.824265,energidataservice_auto,1,,2026-07-12 16:14:57
5210,2026-07-06T08:15:00,2026-07-06T08:15:00,DK1,97.339996,727.597002,energidataservice_auto,1,,2026-07-12 16:14:57
5209,2026-07-06T08:15:00,2026-07-06T08:15:00,DK2,96.720001,722.962663,energidataservice_auto,1,,2026-07-12 16:14:57
5212,2026-07-06T08:30:00,2026-07-06T08:30:00,DK1,84.019997,628.032674,energidataservice_auto,1,,2026-07-12 16:14:57
5211,2026-07-06T08:30:00,2026-07-06T08:30:00,DK2,82.510002,616.745763,energidataservice_auto,1,,2026-07-12 16:14:57
5214,2026-07-06T08:45:00,2026-07-06T08:45:00,DK1,72.360001,540.876535,energidataservice_auto,1,,2026-07-12 16:14:57
5213,2026-07-06T08:45:00,2026-07-06T08:45:00,DK2,71.059998,531.159273,energidataservice_auto,1,,2026-07-12 16:14:57
5216,2026-07-06T09:00:00,2026-07-06T09:00:00,DK1,90.709999,678.039101,energidataservice_auto,1,,2026-07-12 16:14:57
5215,2026-07-06T09:00:00,2026-07-06T09:00:00,DK2,89.089996,665.929902,energidataservice_auto,1,,2026-07-12 16:14:57
5218,2026-07-06T09:15:00,2026-07-06T09:15:00,DK1,82.239998,614.727537,energidataservice_auto,1,,2026-07-12 16:14:57
5217,2026-07-06T09:15:00,2026-07-06T09:15:00,DK2,80.769997,603.739574,energidataservice_auto,1,,2026-07-12 16:14:57
5220,2026-07-06T09:30:00,2026-07-06T09:30:00,DK1,64.709999,483.694301,energidataservice_auto,1,,2026-07-12 16:14:57
5219,2026-07-06T09:30:00,2026-07-06T09:30:00,DK2,64.779999,484.217537,energidataservice_auto,1,,2026-07-12 16:14:57
5222,2026-07-06T09:45:00,2026-07-06T09:45:00,DK1,58.490002,437.201067,energidataservice_auto,1,,2026-07-12 16:14:57
5221,2026-07-06T09:45:00,2026-07-06T09:45:00,DK2,57.439999,429.352505,energidataservice_auto,1,,2026-07-12 16:14:57
5224,2026-07-06T10:00:00,2026-07-06T10:00:00,DK1,61.990002,463.362867,energidataservice_auto,1,,2026-07-12 16:14:57
5223,2026-07-06T10:00:00,2026-07-06T10:00:00,DK2,60.880001,455.065831,energidataservice_auto,1,,2026-07-12 16:14:57
5226,2026-07-06T10:15:00,2026-07-06T10:15:00,DK1,46.799999,349.820633,energidataservice_auto,1,,2026-07-12 16:14:57
5225,2026-07-06T10:15:00,2026-07-06T10:15:00,DK2,47.139999,352.362065,energidataservice_auto,1,,2026-07-12 16:14:57
5228,2026-07-06T10:30:00,2026-07-06T10:30:00,DK1,38.099998,284.789865,energidataservice_auto,1,,2026-07-12 16:14:57
5227,2026-07-06T10:30:00,2026-07-06T10:30:00,DK2,38.27,286.060596,energidataservice_auto,1,,2026-07-12 16:14:57
5230,2026-07-06T10:45:00,2026-07-06T10:45:00,DK1,26.67,199.352916,energidataservice_auto,1,,2026-07-12 16:14:57
5229,2026-07-06T10:45:00,2026-07-06T10:45:00,DK2,26.51,198.156948,energidataservice_auto,1,,2026-07-12 16:14:57
5232,2026-07-06T11:00:00,2026-07-06T11:00:00,DK1,40.279999,301.084937,energidataservice_auto,1,,2026-07-12 16:14:57
5231,2026-07-06T11:00:00,2026-07-06T11:00:00,DK2,40.130001,299.963731,energidataservice_auto,1,,2026-07-12 16:14:57
5234,2026-07-06T11:15:00,2026-07-06T11:15:00,DK1,28.200001,210.789367,energidataservice_auto,1,,2026-07-12 16:14:57
5233,2026-07-06T11:15:00,2026-07-06T11:15:00,DK2,27.690001,206.977219,energidataservice_auto,1,,2026-07-12 16:14:57
5236,2026-07-06T11:30:00,2026-07-06T11:30:00,DK1,24.389999,182.310365,energidataservice_auto,1,,2026-07-12 16:14:57
5235,2026-07-06T11:30:00,2026-07-06T11:30:00,DK2,26.040001,194.643799,energidataservice_auto,1,,2026-07-12 16:14:57
5238,2026-07-06T11:45:00,2026-07-06T11:45:00,DK1,19.25,143.8899,energidataservice_auto,1,,2026-07-12 16:14:57
5237,2026-07-06T11:45:00,2026-07-06T11:45:00,DK2,18.969999,141.796949,energidataservice_auto,1,,2026-07-12 16:14:57
5240,2026-07-06T12:00:00,2026-07-06T12:00:00,DK1,19.360001,144.712135,energidataservice_auto,1,,2026-07-12 16:14:57
5239,2026-07-06T12:00:00,2026-07-06T12:00:00,DK2,19.58,146.356584,energidataservice_auto,1,,2026-07-12 16:14:57
5242,2026-07-06T12:15:00,2026-07-06T12:15:00,DK1,19.440001,145.310119,energidataservice_auto,1,,2026-07-12 16:14:57
5241,2026-07-06T12:15:00,2026-07-06T12:15:00,DK2,19.790001,147.926299,energidataservice_auto,1,,2026-07-12 16:14:57
5244,2026-07-06T12:30:00,2026-07-06T12:30:00,DK1,24.799999,185.375033,energidataservice_auto,1,,2026-07-12 16:14:57
5243,2026-07-06T12:30:00,2026-07-06T12:30:00,DK2,24.549999,183.506333,energidataservice_auto,1,,2026-07-12 16:14:57
5246,2026-07-06T12:45:00,2026-07-06T12:45:00,DK1,25.4,189.85992,energidataservice_auto,1,,2026-07-12 16:14:57
5245,2026-07-06T12:45:00,2026-07-06T12:45:00,DK2,25.870001,193.373083,energidataservice_auto,1,,2026-07-12 16:14:57
5248,2026-07-06T13:00:00,2026-07-06T13:00:00,DK1,9.49,70.935852,energidataservice_auto,1,,2026-07-12 16:14:57
5247,2026-07-06T13:00:00,2026-07-06T13:00:00,DK2,10.52,78.634896,energidataservice_auto,1,,2026-07-12 16:14:57
5250,2026-07-06T13:15:00,2026-07-06T13:15:00,DK1,15.81,118.176588,energidataservice_auto,1,,2026-07-12 16:14:57
5249,2026-07-06T13:15:00,2026-07-06T13:15:00,DK2,15.52,116.008896,energidataservice_auto,1,,2026-07-12 16:14:57
5252,2026-07-06T13:30:00,2026-07-06T13:30:00,DK1,11.15,83.34402,energidataservice_auto,1,,2026-07-12 16:14:57
5251,2026-07-06T13:30:00,2026-07-06T13:30:00,DK2,10.95,81.84906,energidataservice_auto,1,,2026-07-12 16:14:57
5254,2026-07-06T13:45:00,2026-07-06T13:45:00,DK1,29.139999,217.815665,energidataservice_auto,1,,2026-07-12 16:14:57
5253,2026-07-06T13:45:00,2026-07-06T13:45:00,DK2,28.610001,213.854035,energidataservice_auto,1,,2026-07-12 16:14:57
5256,2026-07-06T14:00:00,2026-07-06T14:00:00,DK1,9.1,68.02068,energidataservice_auto,1,,2026-07-12 16:14:57
5255,2026-07-06T14:00:00,2026-07-06T14:00:00,DK2,9.26,69.216648,energidataservice_auto,1,,2026-07-12 16:14:57
5258,2026-07-06T14:15:00,2026-07-06T14:15:00,DK1,28.99,216.694452,energidataservice_auto,1,,2026-07-12 16:14:57
5257,2026-07-06T14:15:00,2026-07-06T14:15:00,DK2,29.52,220.656096,energidataservice_auto,1,,2026-07-12 16:14:57
5260,2026-07-06T14:30:00,2026-07-06T14:30:00,DK1,38.950001,291.143467,energidataservice_auto,1,,2026-07-12 16:14:57
5259,2026-07-06T14:30:00,2026-07-06T14:30:00,DK2,39.66,296.450568,energidataservice_auto,1,,2026-07-12 16:14:57
5262,2026-07-06T14:45:00,2026-07-06T14:45:00,DK1,51.880001,387.792631,energidataservice_auto,1,,2026-07-12 16:14:57
5261,2026-07-06T14:45:00,2026-07-06T14:45:00,DK2,52.830002,394.893699,energidataservice_auto,1,,2026-07-12 16:14:57
5264,2026-07-06T15:00:00,2026-07-06T15:00:00,DK1,30.67,229.252116,energidataservice_auto,1,,2026-07-12 16:14:57
5263,2026-07-06T15:00:00,2026-07-06T15:00:00,DK2,31.23,233.438004,energidataservice_auto,1,,2026-07-12 16:14:57
5266,2026-07-06T15:15:00,2026-07-06T15:15:00,DK1,65.550003,489.973162,energidataservice_auto,1,,2026-07-12 16:14:57
5265,2026-07-06T15:15:00,2026-07-06T15:15:00,DK2,66.75,498.9429,energidataservice_auto,1,,2026-07-12 16:14:57
5268,2026-07-06T15:30:00,2026-07-06T15:30:00,DK1,82.650002,617.792235,energidataservice_auto,1,,2026-07-12 16:14:57
5267,2026-07-06T15:30:00,2026-07-06T15:30:00,DK2,84.169998,629.153901,energidataservice_auto,1,,2026-07-12 16:14:57
5270,2026-07-06T15:45:00,2026-07-06T15:45:00,DK1,94.57,706.891836,energidataservice_auto,1,,2026-07-12 16:14:57
5269,2026-07-06T15:45:00,2026-07-06T15:45:00,DK2,100.07,748.003236,energidataservice_auto,1,,2026-07-12 16:14:57
5272,2026-07-06T16:00:00,2026-07-06T16:00:00,DK1,80.870003,604.487098,energidataservice_auto,1,,2026-07-12 16:14:57
5271,2026-07-06T16:00:00,2026-07-06T16:00:00,DK2,82.360001,615.624535,energidataservice_auto,1,,2026-07-12 16:14:57
5274,2026-07-06T16:15:00,2026-07-06T16:15:00,DK1,94.779999,708.461537,energidataservice_auto,1,,2026-07-12 16:14:57
5273,2026-07-06T16:15:00,2026-07-06T16:15:00,DK2,102.870003,768.932698,energidataservice_auto,1,,2026-07-12 16:14:57
5276,2026-07-06T16:30:00,2026-07-06T16:30:00,DK1,110.809998,828.282573,energidataservice_auto,1,,2026-07-12 16:14:57
5275,2026-07-06T16:30:00,2026-07-06T16:30:00,DK2,115.019997,859.751474,energidataservice_auto,1,,2026-07-12 16:14:57
5278,2026-07-06T16:45:00,2026-07-06T16:45:00,DK1,118.559998,886.212273,energidataservice_auto,1,,2026-07-12 16:14:57
5277,2026-07-06T16:45:00,2026-07-06T16:45:00,DK2,119.379997,892.341602,energidataservice_auto,1,,2026-07-12 16:14:57
5280,2026-07-06T17:00:00,2026-07-06T17:00:00,DK1,101.690002,760.112427,energidataservice_auto,1,,2026-07-12 16:14:57
5279,2026-07-06T17:00:00,2026-07-06T17:00:00,DK2,110.550003,826.339162,energidataservice_auto,1,,2026-07-12 16:14:57
5282,2026-07-06T17:15:00,2026-07-06T17:15:00,DK1,110.379997,825.068402,energidataservice_auto,1,,2026-07-12 16:14:57
5281,2026-07-06T17:15:00,2026-07-06T17:15:00,DK2,122.269997,913.943774,energidataservice_auto,1,,2026-07-12 16:14:57
5284,2026-07-06T17:30:00,2026-07-06T17:30:00,DK1,126.139999,942.871265,energidataservice_auto,1,,2026-07-12 16:14:57
5283,2026-07-06T17:30:00,2026-07-06T17:30:00,DK2,128.460007,960.21286,energidataservice_auto,1,,2026-07-12 16:14:57
5286,2026-07-06T17:45:00,2026-07-06T17:45:00,DK1,128.509995,960.586511,energidataservice_auto,1,,2026-07-12 16:14:57
5285,2026-07-06T17:45:00,2026-07-06T17:45:00,DK2,130.880005,978.301861,energidataservice_auto,1,,2026-07-12 16:14:57
5288,2026-07-06T18:00:00,2026-07-06T18:00:00,DK1,124.050003,927.248962,energidataservice_auto,1,,2026-07-12 16:14:57
5287,2026-07-06T18:00:00,2026-07-06T18:00:00,DK2,131.25,981.0675,energidataservice_auto,1,,2026-07-12 16:14:57
5290,2026-07-06T18:15:00,2026-07-06T18:15:00,DK1,132.110001,987.495835,energidataservice_auto,1,,2026-07-12 16:14:57
5289,2026-07-06T18:15:00,2026-07-06T18:15:00,DK2,134.539993,1005.65954,energidataservice_auto,1,,2026-07-12 16:14:57
5292,2026-07-06T18:30:00,2026-07-06T18:30:00,DK1,135.100006,1009.845525,energidataservice_auto,1,,2026-07-12 16:14:57
5291,2026-07-06T18:30:00,2026-07-06T18:30:00,DK2,137.229996,1025.766774,energidataservice_auto,1,,2026-07-12 16:14:57
5294,2026-07-06T18:45:00,2026-07-06T18:45:00,DK1,137.080002,1024.645599,energidataservice_auto,1,,2026-07-12 16:14:57
5293,2026-07-06T18:45:00,2026-07-06T18:45:00,DK2,139.600006,1043.482125,energidataservice_auto,1,,2026-07-12 16:14:57
5296,2026-07-06T19:00:00,2026-07-06T19:00:00,DK1,134.429993,1004.837312,energidataservice_auto,1,,2026-07-12 16:14:57
5295,2026-07-06T19:00:00,2026-07-06T19:00:00,DK2,136.899994,1023.300075,energidataservice_auto,1,,2026-07-12 16:14:57
5298,2026-07-06T19:15:00,2026-07-06T19:15:00,DK1,132.199997,988.168538,energidataservice_auto,1,,2026-07-12 16:14:57
5297,2026-07-06T19:15:00,2026-07-06T19:15:00,DK2,134.639999,1006.407065,energidataservice_auto,1,,2026-07-12 16:14:57
5300,2026-07-06T19:30:00,2026-07-06T19:30:00,DK1,132.179993,988.019012,energidataservice_auto,1,,2026-07-12 16:14:57
5299,2026-07-06T19:30:00,2026-07-06T19:30:00,DK2,134.610001,1006.182835,energidataservice_auto,1,,2026-07-12 16:14:57
5302,2026-07-06T19:45:00,2026-07-06T19:45:00,DK1,132.059998,987.122073,energidataservice_auto,1,,2026-07-12 16:14:57
5301,2026-07-06T19:45:00,2026-07-06T19:45:00,DK2,134.5,1005.3606,energidataservice_auto,1,,2026-07-12 16:14:57
5304,2026-07-06T20:00:00,2026-07-06T20:00:00,DK1,132.160004,987.869598,energidataservice_auto,1,,2026-07-12 16:14:57
5303,2026-07-06T20:00:00,2026-07-06T20:00:00,DK2,134.600006,1006.108125,energidataservice_auto,1,,2026-07-12 16:14:57
5306,2026-07-06T20:15:00,2026-07-06T20:15:00,DK1,130.039993,972.02294,energidataservice_auto,1,,2026-07-12 16:14:57
5305,2026-07-06T20:15:00,2026-07-06T20:15:00,DK2,132.440002,989.962527,energidataservice_auto,1,,2026-07-12 16:14:57
5308,2026-07-06T20:30:00,2026-07-06T20:30:00,DK1,129.679993,969.332012,energidataservice_auto,1,,2026-07-12 16:14:57
5307,2026-07-06T20:30:00,2026-07-06T20:30:00,DK2,132.070007,987.196888,energidataservice_auto,1,,2026-07-12 16:14:57
5310,2026-07-06T20:45:00,2026-07-06T20:45:00,DK1,125.120003,935.246998,energidataservice_auto,1,,2026-07-12 16:14:57
5309,2026-07-06T20:45:00,2026-07-06T20:45:00,DK2,131.369995,981.964439,energidataservice_auto,1,,2026-07-12 16:14:57
5312,2026-07-06T21:00:00,2026-07-06T21:00:00,DK1,124.660004,931.808598,energidataservice_auto,1,,2026-07-12 16:14:57
5311,2026-07-06T21:00:00,2026-07-06T21:00:00,DK2,128.940002,963.800727,energidataservice_auto,1,,2026-07-12 16:14:57
5314,2026-07-06T21:15:00,2026-07-06T21:15:00,DK1,122.68,917.008464,energidataservice_auto,1,,2026-07-12 16:14:57
5313,2026-07-06T21:15:00,2026-07-06T21:15:00,DK2,128.059998,957.222873,energidataservice_auto,1,,2026-07-12 16:14:57
5316,2026-07-06T21:30:00,2026-07-06T21:30:00,DK1,119.879997,896.079002,energidataservice_auto,1,,2026-07-12 16:14:57
5315,2026-07-06T21:30:00,2026-07-06T21:30:00,DK2,125.620003,938.984398,energidataservice_auto,1,,2026-07-12 16:14:57
5318,2026-07-06T21:45:00,2026-07-06T21:45:00,DK1,119.25,891.3699,energidataservice_auto,1,,2026-07-12 16:14:57
5317,2026-07-06T21:45:00,2026-07-06T21:45:00,DK2,121.449997,907.814438,energidataservice_auto,1,,2026-07-12 16:14:57
5320,2026-07-06T22:00:00,2026-07-06T22:00:00,DK1,99.669998,744.993367,energidataservice_auto,1,,2026-07-12 16:14:57
5319,2026-07-06T22:00:00,2026-07-06T22:00:00,DK2,114.0,852.1044,energidataservice_auto,1,,2026-07-12 16:14:57
5322,2026-07-06T22:15:00,2026-07-06T22:15:00,DK1,103.050003,770.257552,energidataservice_auto,1,,2026-07-12 16:14:57
5321,2026-07-06T22:15:00,2026-07-06T22:15:00,DK2,114.07,852.627622,energidataservice_auto,1,,2026-07-12 16:14:57
5324,2026-07-06T22:30:00,2026-07-06T22:30:00,DK1,110.269997,824.22412,energidataservice_auto,1,,2026-07-12 16:14:57
5323,2026-07-06T22:30:00,2026-07-06T22:30:00,DK2,114.809998,858.158811,energidataservice_auto,1,,2026-07-12 16:14:57
5326,2026-07-06T22:45:00,2026-07-06T22:45:00,DK1,107.010002,799.856961,energidataservice_auto,1,,2026-07-12 16:14:57
5325,2026-07-06T22:45:00,2026-07-06T22:45:00,DK2,110.93,829.157378,energidataservice_auto,1,,2026-07-12 16:14:57
5328,2026-07-06T23:00:00,2026-07-06T23:00:00,DK1,109.68,819.814128,energidataservice_auto,1,,2026-07-12 16:14:57
5327,2026-07-06T23:00:00,2026-07-06T23:00:00,DK2,113.199997,846.124698,energidataservice_auto,1,,2026-07-12 16:14:57
5330,2026-07-06T23:15:00,2026-07-06T23:15:00,DK1,108.279999,809.349681,energidataservice_auto,1,,2026-07-12 16:14:57
5329,2026-07-06T23:15:00,2026-07-06T23:15:00,DK2,110.980003,829.53113,energidataservice_auto,1,,2026-07-12 16:14:57
5332,2026-07-06T23:30:00,2026-07-06T23:30:00,DK1,107.059998,800.230661,energidataservice_auto,1,,2026-07-12 16:14:57
5331,2026-07-06T23:30:00,2026-07-06T23:30:00,DK2,109.730003,820.18788,energidataservice_auto,1,,2026-07-12 16:14:57
5334,2026-07-06T23:45:00,2026-07-06T23:45:00,DK1,106.75,797.91355,energidataservice_auto,1,,2026-07-12 16:14:57
5333,2026-07-06T23:45:00,2026-07-06T23:45:00,DK2,109.099998,815.478845,energidataservice_auto,1,,2026-07-12 16:14:57
5336,2026-07-07T00:00:00,2026-07-07T00:00:00,DK1,105.199997,786.327898,energidataservice_auto,1,,2026-07-12 16:14:57
5335,2026-07-07T00:00:00,2026-07-07T00:00:00,DK2,108.07,807.780022,energidataservice_auto,1,,2026-07-12 16:14:57
5338,2026-07-07T00:15:00,2026-07-07T00:15:00,DK1,105.309998,787.150111,energidataservice_auto,1,,2026-07-12 16:14:57
5337,2026-07-07T00:15:00,2026-07-07T00:15:00,DK2,107.709999,805.089159,energidataservice_auto,1,,2026-07-12 16:14:57
5340,2026-07-07T00:30:00,2026-07-07T00:30:00,DK1,101.940002,761.960739,energidataservice_auto,1,,2026-07-12 16:14:57
5339,2026-07-07T00:30:00,2026-07-07T00:30:00,DK2,105.629997,789.541976,energidataservice_auto,1,,2026-07-12 16:14:57
5342,2026-07-07T00:45:00,2026-07-07T00:45:00,DK1,95.220001,711.731419,energidataservice_auto,1,,2026-07-12 16:14:57
5341,2026-07-07T00:45:00,2026-07-07T00:45:00,DK2,101.870003,761.437524,energidataservice_auto,1,,2026-07-12 16:14:57
5344,2026-07-07T01:00:00,2026-07-07T01:00:00,DK1,97.519997,728.92297,energidataservice_auto,1,,2026-07-12 16:14:57
5343,2026-07-07T01:00:00,2026-07-07T01:00:00,DK2,103.660004,774.817066,energidataservice_auto,1,,2026-07-12 16:14:57
5346,2026-07-07T01:15:00,2026-07-07T01:15:00,DK1,98.410004,735.575416,energidataservice_auto,1,,2026-07-12 16:14:57
5345,2026-07-07T01:15:00,2026-07-07T01:15:00,DK2,100.220001,749.104419,energidataservice_auto,1,,2026-07-12 16:14:57
5348,2026-07-07T01:30:00,2026-07-07T01:30:00,DK1,98.599998,736.995545,energidataservice_auto,1,,2026-07-12 16:14:57
5347,2026-07-07T01:30:00,2026-07-07T01:30:00,DK2,100.620003,752.094274,energidataservice_auto,1,,2026-07-12 16:14:57
5350,2026-07-07T01:45:00,2026-07-07T01:45:00,DK1,97.440002,728.325039,energidataservice_auto,1,,2026-07-12 16:14:57
5349,2026-07-07T01:45:00,2026-07-07T01:45:00,DK2,99.230003,741.70458,energidataservice_auto,1,,2026-07-12 16:14:57
5352,2026-07-07T02:00:00,2026-07-07T02:00:00,DK1,96.739998,723.092789,energidataservice_auto,1,,2026-07-12 16:14:57
5351,2026-07-07T02:00:00,2026-07-07T02:00:00,DK2,98.540001,736.547091,energidataservice_auto,1,,2026-07-12 16:14:57
5354,2026-07-07T02:15:00,2026-07-07T02:15:00,DK1,94.68,707.695128,energidataservice_auto,1,,2026-07-12 16:14:57
5353,2026-07-07T02:15:00,2026-07-07T02:15:00,DK2,97.07,725.559422,energidataservice_auto,1,,2026-07-12 16:14:57
5356,2026-07-07T02:30:00,2026-07-07T02:30:00,DK1,94.279999,704.705281,energidataservice_auto,1,,2026-07-12 16:14:57
5355,2026-07-07T02:30:00,2026-07-07T02:30:00,DK2,97.900002,731.763355,energidataservice_auto,1,,2026-07-12 16:14:57
5358,2026-07-07T02:45:00,2026-07-07T02:45:00,DK1,92.279999,689.756081,energidataservice_auto,1,,2026-07-12 16:14:57
5357,2026-07-07T02:45:00,2026-07-07T02:45:00,DK2,98.599998,736.995545,energidataservice_auto,1,,2026-07-12 16:14:57
5360,2026-07-07T03:00:00,2026-07-07T03:00:00,DK1,98.07,733.034022,energidataservice_auto,1,,2026-07-12 16:14:57
5359,2026-07-07T03:00:00,2026-07-07T03:00:00,DK2,100.160004,748.655966,energidataservice_auto,1,,2026-07-12 16:14:57
5362,2026-07-07T03:15:00,2026-07-07T03:15:00,DK1,96.690002,722.719089,energidataservice_auto,1,,2026-07-12 16:14:57
5361,2026-07-07T03:15:00,2026-07-07T03:15:00,DK2,100.360001,750.150863,energidataservice_auto,1,,2026-07-12 16:14:57
5364,2026-07-07T03:30:00,2026-07-07T03:30:00,DK1,95.730003,715.54348,energidataservice_auto,1,,2026-07-12 16:14:57
5363,2026-07-07T03:30:00,2026-07-07T03:30:00,DK2,102.010002,762.483961,energidataservice_auto,1,,2026-07-12 16:14:57
5366,2026-07-07T03:45:00,2026-07-07T03:45:00,DK1,94.980003,709.93753,energidataservice_auto,1,,2026-07-12 16:14:57
5365,2026-07-07T03:45:00,2026-07-07T03:45:00,DK2,105.160004,786.028966,energidataservice_auto,1,,2026-07-12 16:14:57
5368,2026-07-07T04:00:00,2026-07-07T04:00:00,DK1,98.559998,736.696561,energidataservice_auto,1,,2026-07-12 16:14:57
5367,2026-07-07T04:00:00,2026-07-07T04:00:00,DK2,110.599998,826.690745,energidataservice_auto,1,,2026-07-12 16:14:57
5370,2026-07-07T04:15:00,2026-07-07T04:15:00,DK1,99.43,743.199478,energidataservice_auto,1,,2026-07-12 16:14:57
5369,2026-07-07T04:15:00,2026-07-07T04:15:00,DK2,110.650002,827.064505,energidataservice_auto,1,,2026-07-12 16:14:57
5372,2026-07-07T04:30:00,2026-07-07T04:30:00,DK1,104.089996,778.031084,energidataservice_auto,1,,2026-07-12 16:14:57
5371,2026-07-07T04:30:00,2026-07-07T04:30:00,DK2,112.709999,842.462159,energidataservice_auto,1,,2026-07-12 16:14:57
5374,2026-07-07T04:45:00,2026-07-07T04:45:00,DK1,103.529999,773.845331,energidataservice_auto,1,,2026-07-12 16:14:57
5373,2026-07-07T04:45:00,2026-07-07T04:45:00,DK2,112.129997,838.126876,energidataservice_auto,1,,2026-07-12 16:14:57
5376,2026-07-07T05:00:00,2026-07-07T05:00:00,DK1,111.010002,829.755361,energidataservice_auto,1,,2026-07-12 16:14:57
5375,2026-07-07T05:00:00,2026-07-07T05:00:00,DK2,113.050003,845.003552,energidataservice_auto,1,,2026-07-12 16:14:57
5378,2026-07-07T05:15:00,2026-07-07T05:15:00,DK1,110.870003,828.708924,energidataservice_auto,1,,2026-07-12 16:14:57
5377,2026-07-07T05:15:00,2026-07-07T05:15:00,DK2,114.199997,853.599298,energidataservice_auto,1,,2026-07-12 16:14:57
5380,2026-07-07T05:30:00,2026-07-07T05:30:00,DK1,111.580002,834.015883,energidataservice_auto,1,,2026-07-12 16:14:57
5379,2026-07-07T05:30:00,2026-07-07T05:30:00,DK2,116.209999,868.623259,energidataservice_auto,1,,2026-07-12 16:14:57
5382,2026-07-07T05:45:00,2026-07-07T05:45:00,DK1,107.699997,805.014398,energidataservice_auto,1,,2026-07-12 16:14:57
5381,2026-07-07T05:45:00,2026-07-07T05:45:00,DK2,112.300003,839.397602,energidataservice_auto,1,,2026-07-12 16:14:57
5384,2026-07-07T06:00:00,2026-07-07T06:00:00,DK1,99.290001,742.153041,energidataservice_auto,1,,2026-07-12 16:14:57
5383,2026-07-07T06:00:00,2026-07-07T06:00:00,DK2,124.129997,927.822076,energidataservice_auto,1,,2026-07-12 16:14:57
5386,2026-07-07T06:15:00,2026-07-07T06:15:00,DK1,102.160004,763.605166,energidataservice_auto,1,,2026-07-12 16:14:57
5385,2026-07-07T06:15:00,2026-07-07T06:15:00,DK2,113.540001,848.666091,energidataservice_auto,1,,2026-07-12 16:14:57
5388,2026-07-07T06:30:00,2026-07-07T06:30:00,DK1,98.57,736.771322,energidataservice_auto,1,,2026-07-12 16:14:57
5387,2026-07-07T06:30:00,2026-07-07T06:30:00,DK2,110.860001,828.634163,energidataservice_auto,1,,2026-07-12 16:14:57
5390,2026-07-07T06:45:00,2026-07-07T06:45:00,DK1,95.209999,711.656659,energidataservice_auto,1,,2026-07-12 16:14:57
5389,2026-07-07T06:45:00,2026-07-07T06:45:00,DK2,106.919998,799.184217,energidataservice_auto,1,,2026-07-12 16:14:57
5392,2026-07-07T07:00:00,2026-07-07T07:00:00,DK1,121.989998,911.826439,energidataservice_auto,1,,2026-07-12 16:14:57
5391,2026-07-07T07:00:00,2026-07-07T07:00:00,DK2,118.610001,886.562313,energidataservice_auto,1,,2026-07-12 16:14:57
5394,2026-07-07T07:15:00,2026-07-07T07:15:00,DK1,107.709999,805.089159,energidataservice_auto,1,,2026-07-12 16:14:57
5393,2026-07-07T07:15:00,2026-07-07T07:15:00,DK2,106.519997,796.19437,energidataservice_auto,1,,2026-07-12 16:14:57
5396,2026-07-07T07:30:00,2026-07-07T07:30:00,DK1,94.300003,704.854802,energidataservice_auto,1,,2026-07-12 16:14:57
5395,2026-07-07T07:30:00,2026-07-07T07:30:00,DK2,96.029999,717.785831,energidataservice_auto,1,,2026-07-12 16:14:57
5398,2026-07-07T07:45:00,2026-07-07T07:45:00,DK1,63.27,472.917942,energidataservice_auto,1,,2026-07-12 16:14:57
5397,2026-07-07T07:45:00,2026-07-07T07:45:00,DK2,62.889999,470.077587,energidataservice_auto,1,,2026-07-12 16:14:57
5400,2026-07-07T08:00:00,2026-07-07T08:00:00,DK1,86.370003,645.581224,energidataservice_auto,1,,2026-07-12 16:14:57
5399,2026-07-07T08:00:00,2026-07-07T08:00:00,DK2,84.82,633.995572,energidataservice_auto,1,,2026-07-12 16:14:57
5402,2026-07-07T08:15:00,2026-07-07T08:15:00,DK1,57.93,433.003578,energidataservice_auto,1,,2026-07-12 16:14:57
5401,2026-07-07T08:15:00,2026-07-07T08:15:00,DK2,57.389999,428.967287,energidataservice_auto,1,,2026-07-12 16:14:57
5404,2026-07-07T08:30:00,2026-07-07T08:30:00,DK1,35.169998,262.881667,energidataservice_auto,1,,2026-07-12 16:14:57
5403,2026-07-07T08:30:00,2026-07-07T08:30:00,DK2,35.470001,265.124069,energidataservice_auto,1,,2026-07-12 16:14:57
5406,2026-07-07T08:45:00,2026-07-07T08:45:00,DK1,5.14,38.419444,energidataservice_auto,1,,2026-07-12 16:14:57
5405,2026-07-07T08:45:00,2026-07-07T08:45:00,DK2,7.58,56.657468,energidataservice_auto,1,,2026-07-12 16:14:57
5408,2026-07-07T09:00:00,2026-07-07T09:00:00,DK1,20.74,155.023204,energidataservice_auto,1,,2026-07-12 16:14:57
5407,2026-07-07T09:00:00,2026-07-07T09:00:00,DK2,22.709999,169.748159,energidataservice_auto,1,,2026-07-12 16:14:57
5410,2026-07-07T09:15:00,2026-07-07T09:15:00,DK1,2.48,18.537008,energidataservice_auto,1,,2026-07-12 16:14:57
5409,2026-07-07T09:15:00,2026-07-07T09:15:00,DK2,4.97,37.148762,energidataservice_auto,1,,2026-07-12 16:14:57
5412,2026-07-07T09:30:00,2026-07-07T09:30:00,DK1,1.34,10.015964,energidataservice_auto,1,,2026-07-12 16:14:57
5411,2026-07-07T09:30:00,2026-07-07T09:30:00,DK2,4.95,36.99927,energidataservice_auto,1,,2026-07-12 16:14:57
5414,2026-07-07T09:45:00,2026-07-07T09:45:00,DK1,1.3,9.71698,energidataservice_auto,1,,2026-07-12 16:14:57
5413,2026-07-07T09:45:00,2026-07-07T09:45:00,DK2,4.95,36.99927,energidataservice_auto,1,,2026-07-12 16:14:57
5416,2026-07-07T10:00:00,2026-07-07T10:00:00,DK1,1.71,12.781566,energidataservice_auto,1,,2026-07-12 16:14:57
5415,2026-07-07T10:00:00,2026-07-07T10:00:00,DK2,4.99,37.298254,energidataservice_auto,1,,2026-07-12 16:14:57
5418,2026-07-07T10:15:00,2026-07-07T10:15:00,DK1,1.32,9.866472,energidataservice_auto,1,,2026-07-12 16:14:57
5417,2026-07-07T10:15:00,2026-07-07T10:15:00,DK2,5.01,37.447746,energidataservice_auto,1,,2026-07-12 16:14:57
5420,2026-07-07T10:30:00,2026-07-07T10:30:00,DK1,1.25,9.34325,energidataservice_auto,1,,2026-07-12 16:14:57
5419,2026-07-07T10:30:00,2026-07-07T10:30:00,DK2,4.99,37.298254,energidataservice_auto,1,,2026-07-12 16:14:57
5422,2026-07-07T10:45:00,2026-07-07T10:45:00,DK1,0.0,0.0,energidataservice_auto,1,,2026-07-12 16:14:57
5421,2026-07-07T10:45:00,2026-07-07T10:45:00,DK2,6.69,50.005074,energidataservice_auto,1,,2026-07-12 16:14:57
5424,2026-07-07T11:00:00,2026-07-07T11:00:00,DK1,1.36,10.165456,energidataservice_auto,1,,2026-07-12 16:14:57
5423,2026-07-07T11:00:00,2026-07-07T11:00:00,DK2,4.95,36.99927,energidataservice_auto,1,,2026-07-12 16:14:57
5426,2026-07-07T11:15:00,2026-07-07T11:15:00,DK1,1.34,10.015964,energidataservice_auto,1,,2026-07-12 16:14:57
5425,2026-07-07T11:15:00,2026-07-07T11:15:00,DK2,4.95,36.99927,energidataservice_auto,1,,2026-07-12 16:14:57
5428,2026-07-07T11:30:00,2026-07-07T11:30:00,DK1,1.33,9.941218,energidataservice_auto,1,,2026-07-12 16:14:57
5427,2026-07-07T11:30:00,2026-07-07T11:30:00,DK2,4.95,36.99927,energidataservice_auto,1,,2026-07-12 16:14:57
5430,2026-07-07T11:45:00,2026-07-07T11:45:00,DK1,0.0,0.0,energidataservice_auto,1,,2026-07-12 16:14:57
5429,2026-07-07T11:45:00,2026-07-07T11:45:00,DK2,4.97,37.148762,energidataservice_auto,1,,2026-07-12 16:14:57
5432,2026-07-07T12:00:00,2026-07-07T12:00:00,DK1,-0.01,-0.074746,energidataservice_auto,1,,2026-07-12 16:14:57
5431,2026-07-07T12:00:00,2026-07-07T12:00:00,DK2,4.96,37.074016,energidataservice_auto,1,,2026-07-12 16:14:57
5434,2026-07-07T12:15:00,2026-07-07T12:15:00,DK1,-0.01,-0.074746,energidataservice_auto,1,,2026-07-12 16:14:57
5433,2026-07-07T12:15:00,2026-07-07T12:15:00,DK2,4.95,36.99927,energidataservice_auto,1,,2026-07-12 16:14:57
5436,2026-07-07T12:30:00,2026-07-07T12:30:00,DK1,-0.01,-0.074746,energidataservice_auto,1,,2026-07-12 16:14:57
5435,2026-07-07T12:30:00,2026-07-07T12:30:00,DK2,4.95,36.99927,energidataservice_auto,1,,2026-07-12 16:14:57
5438,2026-07-07T12:45:00,2026-07-07T12:45:00,DK1,-0.02,-0.149492,energidataservice_auto,1,,2026-07-12 16:14:57
5437,2026-07-07T12:45:00,2026-07-07T12:45:00,DK2,4.95,36.99927,energidataservice_auto,1,,2026-07-12 16:14:57
5440,2026-07-07T13:00:00,2026-07-07T13:00:00,DK1,-0.02,-0.149492,energidataservice_auto,1,,2026-07-12 16:14:57
5439,2026-07-07T13:00:00,2026-07-07T13:00:00,DK2,4.91,36.700286,energidataservice_auto,1,,2026-07-12 16:14:57
5442,2026-07-07T13:15:00,2026-07-07T13:15:00,DK1,-0.01,-0.074746,energidataservice_auto,1,,2026-07-12 16:14:57
5441,2026-07-07T13:15:00,2026-07-07T13:15:00,DK2,4.68,34.981128,energidataservice_auto,1,,2026-07-12 16:14:57
5444,2026-07-07T13:30:00,2026-07-07T13:30:00,DK1,0.66,4.933236,energidataservice_auto,1,,2026-07-12 16:14:57
5443,2026-07-07T13:30:00,2026-07-07T13:30:00,DK2,3.99,29.823654,energidataservice_auto,1,,2026-07-12 16:14:57
5446,2026-07-07T13:45:00,2026-07-07T13:45:00,DK1,2.14,15.995644,energidataservice_auto,1,,2026-07-12 16:14:57
5445,2026-07-07T13:45:00,2026-07-07T13:45:00,DK2,4.15,31.01959,energidataservice_auto,1,,2026-07-12 16:14:57
5448,2026-07-07T14:00:00,2026-07-07T14:00:00,DK1,1.67,12.482582,energidataservice_auto,1,,2026-07-12 16:14:57
5447,2026-07-07T14:00:00,2026-07-07T14:00:00,DK2,24.52,183.277192,energidataservice_auto,1,,2026-07-12 16:14:57
5450,2026-07-07T14:15:00,2026-07-07T14:15:00,DK1,2.93,21.900578,energidataservice_auto,1,,2026-07-12 16:14:57
5449,2026-07-07T14:15:00,2026-07-07T14:15:00,DK2,34.650002,258.994905,energidataservice_auto,1,,2026-07-12 16:14:57
5452,2026-07-07T14:30:00,2026-07-07T14:30:00,DK1,4.09,30.571114,energidataservice_auto,1,,2026-07-12 16:14:57
5451,2026-07-07T14:30:00,2026-07-07T14:30:00,DK2,29.209999,218.333059,energidataservice_auto,1,,2026-07-12 16:14:57
5454,2026-07-07T14:45:00,2026-07-07T14:45:00,DK1,5.12,38.269952,energidataservice_auto,1,,2026-07-12 16:14:57
5453,2026-07-07T14:45:00,2026-07-07T14:45:00,DK2,26.82,200.468772,energidataservice_auto,1,,2026-07-12 16:14:57
5456,2026-07-07T15:00:00,2026-07-07T15:00:00,DK1,2.1,15.69666,energidataservice_auto,1,,2026-07-12 16:14:57
5455,2026-07-07T15:00:00,2026-07-07T15:00:00,DK2,23.290001,174.083441,energidataservice_auto,1,,2026-07-12 16:14:57
5458,2026-07-07T15:15:00,2026-07-07T15:15:00,DK1,1.61,12.034106,energidataservice_auto,1,,2026-07-12 16:14:57
5457,2026-07-07T15:15:00,2026-07-07T15:15:00,DK2,25.889999,193.517387,energidataservice_auto,1,,2026-07-12 16:14:57
5460,2026-07-07T15:30:00,2026-07-07T15:30:00,DK1,3.44,25.712624,energidataservice_auto,1,,2026-07-12 16:14:57
5459,2026-07-07T15:30:00,2026-07-07T15:30:00,DK2,20.969999,156.742355,energidataservice_auto,1,,2026-07-12 16:14:57
5462,2026-07-07T15:45:00,2026-07-07T15:45:00,DK1,6.32,47.239472,energidataservice_auto,1,,2026-07-12 16:14:57
5461,2026-07-07T15:45:00,2026-07-07T15:45:00,DK2,21.370001,159.732209,energidataservice_auto,1,,2026-07-12 16:14:57
5464,2026-07-07T16:00:00,2026-07-07T16:00:00,DK1,15.0,112.119,energidataservice_auto,1,,2026-07-12 16:14:57
5463,2026-07-07T16:00:00,2026-07-07T16:00:00,DK2,15.8,118.09868,energidataservice_auto,1,,2026-07-12 16:14:57
5466,2026-07-07T16:15:00,2026-07-07T16:15:00,DK1,46.599998,348.316345,energidataservice_auto,1,,2026-07-12 16:14:57
5465,2026-07-07T16:15:00,2026-07-07T16:15:00,DK2,45.610001,340.916513,energidataservice_auto,1,,2026-07-12 16:14:57
5468,2026-07-07T16:30:00,2026-07-07T16:30:00,DK1,60.59,452.886014,energidataservice_auto,1,,2026-07-12 16:14:57
5467,2026-07-07T16:30:00,2026-07-07T16:30:00,DK2,63.009998,470.974531,energidataservice_auto,1,,2026-07-12 16:14:57
5470,2026-07-07T16:45:00,2026-07-07T16:45:00,DK1,75.93,567.546378,energidataservice_auto,1,,2026-07-12 16:14:57
5469,2026-07-07T16:45:00,2026-07-07T16:45:00,DK2,80.07,598.491222,energidataservice_auto,1,,2026-07-12 16:14:57
5472,2026-07-07T17:00:00,2026-07-07T17:00:00,DK1,67.059998,501.246661,energidataservice_auto,1,,2026-07-12 16:14:57
5471,2026-07-07T17:00:00,2026-07-07T17:00:00,DK2,68.760002,513.953511,energidataservice_auto,1,,2026-07-12 16:14:57
5474,2026-07-07T17:15:00,2026-07-07T17:15:00,DK1,80.790001,603.872941,energidataservice_auto,1,,2026-07-12 16:14:57
5473,2026-07-07T17:15:00,2026-07-07T17:15:00,DK2,82.269997,614.93532,energidataservice_auto,1,,2026-07-12 16:14:57
5476,2026-07-07T17:30:00,2026-07-07T17:30:00,DK1,85.75,640.94695,energidataservice_auto,1,,2026-07-12 16:14:57
5475,2026-07-07T17:30:00,2026-07-07T17:30:00,DK2,88.900002,664.491955,energidataservice_auto,1,,2026-07-12 16:14:57
5478,2026-07-07T17:45:00,2026-07-07T17:45:00,DK1,95.18,711.432428,energidataservice_auto,1,,2026-07-12 16:14:57
5477,2026-07-07T17:45:00,2026-07-07T17:45:00,DK2,100.540001,751.496291,energidataservice_auto,1,,2026-07-12 16:14:57
5480,2026-07-07T18:00:00,2026-07-07T18:00:00,DK1,73.720001,551.027519,energidataservice_auto,1,,2026-07-12 16:14:57
5479,2026-07-07T18:00:00,2026-07-07T18:00:00,DK2,94.730003,708.06888,energidataservice_auto,1,,2026-07-12 16:14:57
5482,2026-07-07T18:15:00,2026-07-07T18:15:00,DK1,83.830002,626.595733,energidataservice_auto,1,,2026-07-12 16:14:57
5481,2026-07-07T18:15:00,2026-07-07T18:15:00,DK2,94.470001,706.125469,energidataservice_auto,1,,2026-07-12 16:14:57
5484,2026-07-07T18:30:00,2026-07-07T18:30:00,DK1,91.599998,684.673345,energidataservice_auto,1,,2026-07-12 16:14:57
5483,2026-07-07T18:30:00,2026-07-07T18:30:00,DK2,101.279999,757.027481,energidataservice_auto,1,,2026-07-12 16:14:57
5486,2026-07-07T18:45:00,2026-07-07T18:45:00,DK1,88.599998,662.249545,energidataservice_auto,1,,2026-07-12 16:14:57
5485,2026-07-07T18:45:00,2026-07-07T18:45:00,DK2,98.470001,736.023869,energidataservice_auto,1,,2026-07-12 16:14:57
5488,2026-07-07T19:00:00,2026-07-07T19:00:00,DK1,85.730003,640.79748,energidataservice_auto,1,,2026-07-12 16:14:57
5487,2026-07-07T19:00:00,2026-07-07T19:00:00,DK2,98.599998,736.995545,energidataservice_auto,1,,2026-07-12 16:14:57
5490,2026-07-07T19:15:00,2026-07-07T19:15:00,DK1,86.120003,643.712574,energidataservice_auto,1,,2026-07-12 16:14:57
5489,2026-07-07T19:15:00,2026-07-07T19:15:00,DK2,96.459999,720.999909,energidataservice_auto,1,,2026-07-12 16:14:57
5492,2026-07-07T19:30:00,2026-07-07T19:30:00,DK1,86.589996,647.225584,energidataservice_auto,1,,2026-07-12 16:14:57
5491,2026-07-07T19:30:00,2026-07-07T19:30:00,DK2,96.910004,724.363516,energidataservice_auto,1,,2026-07-12 16:14:57
5494,2026-07-07T19:45:00,2026-07-07T19:45:00,DK1,97.0,725.0362,energidataservice_auto,1,,2026-07-12 16:14:57
5493,2026-07-07T19:45:00,2026-07-07T19:45:00,DK2,102.169998,763.679867,energidataservice_auto,1,,2026-07-12 16:14:57
5496,2026-07-07T20:00:00,2026-07-07T20:00:00,DK1,93.050003,695.511552,energidataservice_auto,1,,2026-07-12 16:14:57
5495,2026-07-07T20:00:00,2026-07-07T20:00:00,DK2,101.230003,756.65378,energidataservice_auto,1,,2026-07-12 16:14:57
5498,2026-07-07T20:15:00,2026-07-07T20:15:00,DK1,89.18,666.584828,energidataservice_auto,1,,2026-07-12 16:14:57
5497,2026-07-07T20:15:00,2026-07-07T20:15:00,DK2,97.760002,730.716911,energidataservice_auto,1,,2026-07-12 16:14:57
5500,2026-07-07T20:30:00,2026-07-07T20:30:00,DK1,81.559998,609.628361,energidataservice_auto,1,,2026-07-12 16:14:57
5499,2026-07-07T20:30:00,2026-07-07T20:30:00,DK2,88.620003,662.399074,energidataservice_auto,1,,2026-07-12 16:14:57
5502,2026-07-07T20:45:00,2026-07-07T20:45:00,DK1,80.0,597.968,energidataservice_auto,1,,2026-07-12 16:14:57
5501,2026-07-07T20:45:00,2026-07-07T20:45:00,DK2,86.75,648.42155,energidataservice_auto,1,,2026-07-12 16:14:57
5504,2026-07-07T21:00:00,2026-07-07T21:00:00,DK1,81.339996,607.983934,energidataservice_auto,1,,2026-07-12 16:14:57
5503,2026-07-07T21:00:00,2026-07-07T21:00:00,DK2,88.839996,664.043434,energidataservice_auto,1,,2026-07-12 16:14:57
5506,2026-07-07T21:15:00,2026-07-07T21:15:00,DK1,79.290001,592.661041,energidataservice_auto,1,,2026-07-12 16:14:57
5505,2026-07-07T21:15:00,2026-07-07T21:15:00,DK2,86.669998,647.823567,energidataservice_auto,1,,2026-07-12 16:14:57
5508,2026-07-07T21:30:00,2026-07-07T21:30:00,DK1,79.410004,593.558016,energidataservice_auto,1,,2026-07-12 16:14:57
5507,2026-07-07T21:30:00,2026-07-07T21:30:00,DK2,86.300003,645.058002,energidataservice_auto,1,,2026-07-12 16:14:57
5510,2026-07-07T21:45:00,2026-07-07T21:45:00,DK1,79.989998,597.893239,energidataservice_auto,1,,2026-07-12 16:14:57
5509,2026-07-07T21:45:00,2026-07-07T21:45:00,DK2,86.639999,647.599337,energidataservice_auto,1,,2026-07-12 16:14:57
5512,2026-07-07T22:00:00,2026-07-07T22:00:00,DK1,96.190002,719.058741,energidataservice_auto,1,,2026-07-12 16:14:57
5511,2026-07-07T22:00:00,2026-07-07T22:00:00,DK2,113.559998,848.906409,energidataservice_auto,1,,2026-07-12 16:14:57
5514,2026-07-07T22:15:00,2026-07-07T22:15:00,DK1,100.599998,752.025225,energidataservice_auto,1,,2026-07-12 16:14:57
5513,2026-07-07T22:15:00,2026-07-07T22:15:00,DK2,102.449997,765.854708,energidataservice_auto,1,,2026-07-12 16:14:57
5516,2026-07-07T22:30:00,2026-07-07T22:30:00,DK1,102.629997,767.20028,energidataservice_auto,1,,2026-07-12 16:14:57
5515,2026-07-07T22:30:00,2026-07-07T22:30:00,DK2,105.800003,790.897342,energidataservice_auto,1,,2026-07-12 16:14:57
5518,2026-07-07T22:45:00,2026-07-07T22:45:00,DK1,102.889999,769.143899,energidataservice_auto,1,,2026-07-12 16:14:57
5517,2026-07-07T22:45:00,2026-07-07T22:45:00,DK2,105.870003,791.42062,energidataservice_auto,1,,2026-07-12 16:14:57
5520,2026-07-07T23:00:00,2026-07-07T23:00:00,DK1,98.690002,737.747241,energidataservice_auto,1,,2026-07-12 16:14:57
5519,2026-07-07T23:00:00,2026-07-07T23:00:00,DK2,100.5,751.2777,energidataservice_auto,1,,2026-07-12 16:14:57
5522,2026-07-07T23:15:00,2026-07-07T23:15:00,DK1,99.480003,743.652814,energidataservice_auto,1,,2026-07-12 16:14:57
5521,2026-07-07T23:15:00,2026-07-07T23:15:00,DK2,104.470001,780.955045,energidataservice_auto,1,,2026-07-12 16:14:57
5524,2026-07-07T23:30:00,2026-07-07T23:30:00,DK1,97.959999,732.290177,energidataservice_auto,1,,2026-07-12 16:14:57
5523,2026-07-07T23:30:00,2026-07-07T23:30:00,DK2,102.910004,769.293444,energidataservice_auto,1,,2026-07-12 16:14:57
5526,2026-07-07T23:45:00,2026-07-07T23:45:00,DK1,103.879997,776.54453,energidataservice_auto,1,,2026-07-12 16:14:57
5525,2026-07-07T23:45:00,2026-07-07T23:45:00,DK2,107.050003,800.241592,energidataservice_auto,1,,2026-07-12 16:14:57
5528,2026-07-08T00:00:00,2026-07-08T00:00:00,DK1,98.5,736.3269,energidataservice_auto,1,,2026-07-12 16:14:57
5527,2026-07-08T00:00:00,2026-07-08T00:00:00,DK2,100.300003,749.782642,energidataservice_auto,1,,2026-07-12 16:14:57
5530,2026-07-08T00:15:00,2026-07-08T00:15:00,DK1,99.470001,743.578045,energidataservice_auto,1,,2026-07-12 16:14:57
5529,2026-07-08T00:15:00,2026-07-08T00:15:00,DK2,101.300003,757.258042,energidataservice_auto,1,,2026-07-12 16:14:57
5532,2026-07-08T00:30:00,2026-07-08T00:30:00,DK1,99.68,745.147872,energidataservice_auto,1,,2026-07-12 16:14:57
5531,2026-07-08T00:30:00,2026-07-08T00:30:00,DK2,101.510002,758.827869,energidataservice_auto,1,,2026-07-12 16:14:57
5534,2026-07-08T00:45:00,2026-07-08T00:45:00,DK1,102.349998,765.107175,energidataservice_auto,1,,2026-07-12 16:14:57
5533,2026-07-08T00:45:00,2026-07-08T00:45:00,DK2,104.220001,779.086195,energidataservice_auto,1,,2026-07-12 16:14:57
5536,2026-07-08T01:00:00,2026-07-08T01:00:00,DK1,102.699997,767.723558,energidataservice_auto,1,,2026-07-12 16:14:57
5535,2026-07-08T01:00:00,2026-07-08T01:00:00,DK2,104.580002,781.777347,energidataservice_auto,1,,2026-07-12 16:14:57
5538,2026-07-08T01:15:00,2026-07-08T01:15:00,DK1,102.199997,763.985858,energidataservice_auto,1,,2026-07-12 16:14:57
5537,2026-07-08T01:15:00,2026-07-08T01:15:00,DK2,104.07,777.964878,energidataservice_auto,1,,2026-07-12 16:14:57
5540,2026-07-08T01:30:00,2026-07-08T01:30:00,DK1,101.080002,755.613447,energidataservice_auto,1,,2026-07-12 16:14:57
5539,2026-07-08T01:30:00,2026-07-08T01:30:00,DK2,102.93,769.442922,energidataservice_auto,1,,2026-07-12 16:14:57
5542,2026-07-08T01:45:00,2026-07-08T01:45:00,DK1,106.029999,792.616655,energidataservice_auto,1,,2026-07-12 16:14:57
5541,2026-07-08T01:45:00,2026-07-08T01:45:00,DK2,106.639999,797.176649,energidataservice_auto,1,,2026-07-12 16:14:57
5544,2026-07-08T02:00:00,2026-07-08T02:00:00,DK1,107.43,803.082222,energidataservice_auto,1,,2026-07-12 16:14:57
5543,2026-07-08T02:00:00,2026-07-08T02:00:00,DK2,106.730003,797.849464,energidataservice_auto,1,,2026-07-12 16:14:57
5546,2026-07-08T02:15:00,2026-07-08T02:15:00,DK1,107.279999,801.960905,energidataservice_auto,1,,2026-07-12 16:14:57
5545,2026-07-08T02:15:00,2026-07-08T02:15:00,DK2,109.25,816.68745,energidataservice_auto,1,,2026-07-12 16:14:57
5548,2026-07-08T02:30:00,2026-07-08T02:30:00,DK1,108.389999,810.258599,energidataservice_auto,1,,2026-07-12 16:14:57
5547,2026-07-08T02:30:00,2026-07-08T02:30:00,DK2,110.0,822.294,energidataservice_auto,1,,2026-07-12 16:14:57
5550,2026-07-08T02:45:00,2026-07-08T02:45:00,DK1,104.900002,784.169475,energidataservice_auto,1,,2026-07-12 16:14:57
5549,2026-07-08T02:45:00,2026-07-08T02:45:00,DK2,106.830002,798.596997,energidataservice_auto,1,,2026-07-12 16:14:57
5552,2026-07-08T03:00:00,2026-07-08T03:00:00,DK1,104.760002,783.122919,energidataservice_auto,1,,2026-07-12 16:14:57
5551,2026-07-08T03:00:00,2026-07-08T03:00:00,DK2,108.550003,811.454692,energidataservice_auto,1,,2026-07-12 16:14:57
5554,2026-07-08T03:15:00,2026-07-08T03:15:00,DK1,109.440002,818.107791,energidataservice_auto,1,,2026-07-12 16:14:57
5553,2026-07-08T03:15:00,2026-07-08T03:15:00,DK2,109.269997,816.836936,energidataservice_auto,1,,2026-07-12 16:14:57
5556,2026-07-08T03:30:00,2026-07-08T03:30:00,DK1,105.470001,788.430445,energidataservice_auto,1,,2026-07-12 16:14:57
5555,2026-07-08T03:30:00,2026-07-08T03:30:00,DK2,107.330002,802.334697,energidataservice_auto,1,,2026-07-12 16:14:57
5558,2026-07-08T03:45:00,2026-07-08T03:45:00,DK1,99.639999,744.848849,energidataservice_auto,1,,2026-07-12 16:14:57
5557,2026-07-08T03:45:00,2026-07-08T03:45:00,DK2,104.540001,781.478323,energidataservice_auto,1,,2026-07-12 16:14:57
5560,2026-07-08T04:00:00,2026-07-08T04:00:00,DK1,117.589996,879.032256,energidataservice_auto,1,,2026-07-12 16:14:57
5559,2026-07-08T04:00:00,2026-07-08T04:00:00,DK2,119.75,895.17915,energidataservice_auto,1,,2026-07-12 16:14:57
5562,2026-07-08T04:15:00,2026-07-08T04:15:00,DK1,113.330002,847.187097,energidataservice_auto,1,,2026-07-12 16:14:57
5561,2026-07-08T04:15:00,2026-07-08T04:15:00,DK2,116.449997,870.510308,energidataservice_auto,1,,2026-07-12 16:14:57
5564,2026-07-08T04:30:00,2026-07-08T04:30:00,DK1,111.639999,834.553649,energidataservice_auto,1,,2026-07-12 16:14:57
5563,2026-07-08T04:30:00,2026-07-08T04:30:00,DK2,116.269997,869.164736,energidataservice_auto,1,,2026-07-12 16:14:57
5566,2026-07-08T04:45:00,2026-07-08T04:45:00,DK1,95.830002,716.367597,energidataservice_auto,1,,2026-07-12 16:14:57
5565,2026-07-08T04:45:00,2026-07-08T04:45:00,DK2,109.809998,820.873659,energidataservice_auto,1,,2026-07-12 16:14:57
5568,2026-07-08T05:00:00,2026-07-08T05:00:00,DK1,116.010002,867.221169,energidataservice_auto,1,,2026-07-12 16:14:57
5567,2026-07-08T05:00:00,2026-07-08T05:00:00,DK2,118.139999,883.143749,energidataservice_auto,1,,2026-07-12 16:14:57
5570,2026-07-08T05:15:00,2026-07-08T05:15:00,DK1,116.18,868.491972,energidataservice_auto,1,,2026-07-12 16:14:57
5569,2026-07-08T05:15:00,2026-07-08T05:15:00,DK2,118.32,884.489328,energidataservice_auto,1,,2026-07-12 16:14:57
5572,2026-07-08T05:30:00,2026-07-08T05:30:00,DK1,106.580002,796.728147,energidataservice_auto,1,,2026-07-12 16:14:57
5571,2026-07-08T05:30:00,2026-07-08T05:30:00,DK2,112.18,838.590372,energidataservice_auto,1,,2026-07-12 16:14:57
5574,2026-07-08T05:45:00,2026-07-08T05:45:00,DK1,103.470001,773.479645,energidataservice_auto,1,,2026-07-12 16:14:57
5573,2026-07-08T05:45:00,2026-07-08T05:45:00,DK2,109.690002,819.976641,energidataservice_auto,1,,2026-07-12 16:14:57
5576,2026-07-08T06:00:00,2026-07-08T06:00:00,DK1,109.919998,821.695953,energidataservice_auto,1,,2026-07-12 16:14:57
5575,2026-07-08T06:00:00,2026-07-08T06:00:00,DK2,111.940002,836.796291,energidataservice_auto,1,,2026-07-12 16:14:57
5578,2026-07-08T06:15:00,2026-07-08T06:15:00,DK1,103.25,771.83505,energidataservice_auto,1,,2026-07-12 16:14:57
5577,2026-07-08T06:15:00,2026-07-08T06:15:00,DK2,105.139999,785.963549,energidataservice_auto,1,,2026-07-12 16:14:57
5580,2026-07-08T06:30:00,2026-07-08T06:30:00,DK1,93.860001,701.641051,energidataservice_auto,1,,2026-07-12 16:14:57
5579,2026-07-08T06:30:00,2026-07-08T06:30:00,DK2,101.449997,758.379308,energidataservice_auto,1,,2026-07-12 16:14:57
5582,2026-07-08T06:45:00,2026-07-08T06:45:00,DK1,85.019997,635.558486,energidataservice_auto,1,,2026-07-12 16:14:57
5581,2026-07-08T06:45:00,2026-07-08T06:45:00,DK2,95.93,717.115122,energidataservice_auto,1,,2026-07-12 16:14:57
5584,2026-07-08T07:00:00,2026-07-08T07:00:00,DK1,101.349998,757.631775,energidataservice_auto,1,,2026-07-12 16:14:57
5583,2026-07-08T07:00:00,2026-07-08T07:00:00,DK2,103.220001,771.610795,energidataservice_auto,1,,2026-07-12 16:14:57
5586,2026-07-08T07:15:00,2026-07-08T07:15:00,DK1,84.279999,630.026705,energidataservice_auto,1,,2026-07-12 16:14:57
5585,2026-07-08T07:15:00,2026-07-08T07:15:00,DK2,93.059998,695.660709,energidataservice_auto,1,,2026-07-12 16:14:57
5588,2026-07-08T07:30:00,2026-07-08T07:30:00,DK1,75.339996,563.196606,energidataservice_auto,1,,2026-07-12 16:14:57
5587,2026-07-08T07:30:00,2026-07-08T07:30:00,DK2,81.050003,605.881192,energidataservice_auto,1,,2026-07-12 16:14:57
5590,2026-07-08T07:45:00,2026-07-08T07:45:00,DK1,59.02,441.198108,energidataservice_auto,1,,2026-07-12 16:14:57
5589,2026-07-08T07:45:00,2026-07-08T07:45:00,DK2,70.610001,527.838001,energidataservice_auto,1,,2026-07-12 16:14:57
5592,2026-07-08T08:00:00,2026-07-08T08:00:00,DK1,80.959999,605.208377,energidataservice_auto,1,,2026-07-12 16:14:57
5591,2026-07-08T08:00:00,2026-07-08T08:00:00,DK2,78.639999,587.865449,energidataservice_auto,1,,2026-07-12 16:14:57
5594,2026-07-08T08:15:00,2026-07-08T08:15:00,DK1,74.540001,557.216323,energidataservice_auto,1,,2026-07-12 16:14:57
5593,2026-07-08T08:15:00,2026-07-08T08:15:00,DK2,71.650002,535.612425,energidataservice_auto,1,,2026-07-12 16:14:57
5596,2026-07-08T08:30:00,2026-07-08T08:30:00,DK1,75.43,563.869422,energidataservice_auto,1,,2026-07-12 16:14:57
5595,2026-07-08T08:30:00,2026-07-08T08:30:00,DK2,72.129997,539.20058,energidataservice_auto,1,,2026-07-12 16:14:57
5598,2026-07-08T08:45:00,2026-07-08T08:45:00,DK1,67.610001,505.411801,energidataservice_auto,1,,2026-07-12 16:14:57
5597,2026-07-08T08:45:00,2026-07-08T08:45:00,DK2,64.330002,480.892497,energidataservice_auto,1,,2026-07-12 16:14:57
5600,2026-07-08T09:00:00,2026-07-08T09:00:00,DK1,80.720001,603.414295,energidataservice_auto,1,,2026-07-12 16:14:57
5599,2026-07-08T09:00:00,2026-07-08T09:00:00,DK2,77.290001,577.773673,energidataservice_auto,1,,2026-07-12 16:14:57
5602,2026-07-08T09:15:00,2026-07-08T09:15:00,DK1,71.010002,530.828169,energidataservice_auto,1,,2026-07-12 16:14:57
5601,2026-07-08T09:15:00,2026-07-08T09:15:00,DK2,67.82,506.981628,energidataservice_auto,1,,2026-07-12 16:14:57
5604,2026-07-08T09:30:00,2026-07-08T09:30:00,DK1,67.809998,506.906859,energidataservice_auto,1,,2026-07-12 16:14:57
5603,2026-07-08T09:30:00,2026-07-08T09:30:00,DK2,64.57,482.686578,energidataservice_auto,1,,2026-07-12 16:14:57
5606,2026-07-08T09:45:00,2026-07-08T09:45:00,DK1,52.849998,395.074875,energidataservice_auto,1,,2026-07-12 16:14:57
5605,2026-07-08T09:45:00,2026-07-08T09:45:00,DK2,50.220001,375.414595,energidataservice_auto,1,,2026-07-12 16:14:57
5608,2026-07-08T10:00:00,2026-07-08T10:00:00,DK1,54.259998,405.615189,energidataservice_auto,1,,2026-07-12 16:14:57
5607,2026-07-08T10:00:00,2026-07-08T10:00:00,DK2,51.860001,387.674251,energidataservice_auto,1,,2026-07-12 16:14:57
5610,2026-07-08T10:15:00,2026-07-08T10:15:00,DK1,55.41,414.211914,energidataservice_auto,1,,2026-07-12 16:14:57
5609,2026-07-08T10:15:00,2026-07-08T10:15:00,DK2,52.66,393.654564,energidataservice_auto,1,,2026-07-12 16:14:57
5612,2026-07-08T10:30:00,2026-07-08T10:30:00,DK1,46.18,345.213972,energidataservice_auto,1,,2026-07-12 16:14:57
5611,2026-07-08T10:30:00,2026-07-08T10:30:00,DK2,43.48,325.030392,energidataservice_auto,1,,2026-07-12 16:14:57
5614,2026-07-08T10:45:00,2026-07-08T10:45:00,DK1,35.779999,267.469805,energidataservice_auto,1,,2026-07-12 16:14:57
5613,2026-07-08T10:45:00,2026-07-08T10:45:00,DK2,33.900002,253.416075,energidataservice_auto,1,,2026-07-12 16:14:57
5616,2026-07-08T11:00:00,2026-07-08T11:00:00,DK1,35.560001,265.825231,energidataservice_auto,1,,2026-07-12 16:14:57
5615,2026-07-08T11:00:00,2026-07-08T11:00:00,DK2,30.809999,230.317067,energidataservice_auto,1,,2026-07-12 16:14:57
5618,2026-07-08T11:15:00,2026-07-08T11:15:00,DK1,24.059999,179.858117,energidataservice_auto,1,,2026-07-12 16:14:57
5617,2026-07-08T11:15:00,2026-07-08T11:15:00,DK2,18.530001,138.519169,energidataservice_auto,1,,2026-07-12 16:14:57
5620,2026-07-08T11:30:00,2026-07-08T11:30:00,DK1,14.54,108.692316,energidataservice_auto,1,,2026-07-12 16:14:57
5619,2026-07-08T11:30:00,2026-07-08T11:30:00,DK2,13.37,99.946098,energidataservice_auto,1,,2026-07-12 16:14:57
5622,2026-07-08T11:45:00,2026-07-08T11:45:00,DK1,12.32,92.096928,energidataservice_auto,1,,2026-07-12 16:14:57
5621,2026-07-08T11:45:00,2026-07-08T11:45:00,DK2,9.49,70.941546,energidataservice_auto,1,,2026-07-12 16:14:57
5624,2026-07-08T12:00:00,2026-07-08T12:00:00,DK1,11.91,89.032014,energidataservice_auto,1,,2026-07-12 16:14:57
5623,2026-07-08T12:00:00,2026-07-08T12:00:00,DK2,5.88,43.955352,energidataservice_auto,1,,2026-07-12 16:14:57
5626,2026-07-08T12:15:00,2026-07-08T12:15:00,DK1,13.11,98.002494,energidataservice_auto,1,,2026-07-12 16:14:57
5625,2026-07-08T12:15:00,2026-07-08T12:15:00,DK2,6.63,49.561902,energidataservice_auto,1,,2026-07-12 16:14:57
5628,2026-07-08T12:30:00,2026-07-08T12:30:00,DK1,13.5,100.9179,energidataservice_auto,1,,2026-07-12 16:14:57
5627,2026-07-08T12:30:00,2026-07-08T12:30:00,DK2,6.64,49.636656,energidataservice_auto,1,,2026-07-12 16:14:57
5630,2026-07-08T12:45:00,2026-07-08T12:45:00,DK1,12.33,92.171682,energidataservice_auto,1,,2026-07-12 16:14:57
5629,2026-07-08T12:45:00,2026-07-08T12:45:00,DK2,6.7,50.08518,energidataservice_auto,1,,2026-07-12 16:14:57
5632,2026-07-08T13:00:00,2026-07-08T13:00:00,DK1,9.05,67.65237,energidataservice_auto,1,,2026-07-12 16:14:57
5631,2026-07-08T13:00:00,2026-07-08T13:00:00,DK2,4.99,37.302246,energidataservice_auto,1,,2026-07-12 16:14:57
5634,2026-07-08T13:15:00,2026-07-08T13:15:00,DK1,9.14,68.325156,energidataservice_auto,1,,2026-07-12 16:14:57
5633,2026-07-08T13:15:00,2026-07-08T13:15:00,DK2,5.2,38.87208,energidataservice_auto,1,,2026-07-12 16:14:57
5636,2026-07-08T13:30:00,2026-07-08T13:30:00,DK1,15.07,112.654278,energidataservice_auto,1,,2026-07-12 16:14:57
5635,2026-07-08T13:30:00,2026-07-08T13:30:00,DK2,7.4,55.31796,energidataservice_auto,1,,2026-07-12 16:14:57
5638,2026-07-08T13:45:00,2026-07-08T13:45:00,DK1,23.91,178.736814,energidataservice_auto,1,,2026-07-12 16:14:57
5637,2026-07-08T13:45:00,2026-07-08T13:45:00,DK2,22.42,167.598468,energidataservice_auto,1,,2026-07-12 16:14:57
5640,2026-07-08T14:00:00,2026-07-08T14:00:00,DK1,13.15,98.30151,energidataservice_auto,1,,2026-07-12 16:14:57
5639,2026-07-08T14:00:00,2026-07-08T14:00:00,DK2,9.99,74.679246,energidataservice_auto,1,,2026-07-12 16:14:57
5642,2026-07-08T14:15:00,2026-07-08T14:15:00,DK1,20.889999,156.161099,energidataservice_auto,1,,2026-07-12 16:14:57
5641,2026-07-08T14:15:00,2026-07-08T14:15:00,DK2,19.18,143.378172,energidataservice_auto,1,,2026-07-12 16:14:57
5644,2026-07-08T14:30:00,2026-07-08T14:30:00,DK1,52.529999,392.682755,energidataservice_auto,1,,2026-07-12 16:14:57
5643,2026-07-08T14:30:00,2026-07-08T14:30:00,DK2,48.990002,366.219861,energidataservice_auto,1,,2026-07-12 16:14:57
5646,2026-07-08T14:45:00,2026-07-08T14:45:00,DK1,72.620003,542.86357,energidataservice_auto,1,,2026-07-12 16:14:57
5645,2026-07-08T14:45:00,2026-07-08T14:45:00,DK2,70.449997,526.641908,energidataservice_auto,1,,2026-07-12 16:14:57
5648,2026-07-08T15:00:00,2026-07-08T15:00:00,DK1,61.150002,457.120725,energidataservice_auto,1,,2026-07-12 16:14:57
5647,2026-07-08T15:00:00,2026-07-08T15:00:00,DK2,59.810001,447.103681,energidataservice_auto,1,,2026-07-12 16:14:57
5650,2026-07-08T15:15:00,2026-07-08T15:15:00,DK1,80.139999,599.078549,energidataservice_auto,1,,2026-07-12 16:14:57
5649,2026-07-08T15:15:00,2026-07-08T15:15:00,DK2,79.110001,591.378901,energidataservice_auto,1,,2026-07-12 16:14:57
5652,2026-07-08T15:30:00,2026-07-08T15:30:00,DK1,83.199997,621.953258,energidataservice_auto,1,,2026-07-12 16:14:57
5651,2026-07-08T15:30:00,2026-07-08T15:30:00,DK2,83.849998,626.812275,energidataservice_auto,1,,2026-07-12 16:14:57
5654,2026-07-08T15:45:00,2026-07-08T15:45:00,DK1,87.739998,655.891581,energidataservice_auto,1,,2026-07-12 16:14:57
5653,2026-07-08T15:45:00,2026-07-08T15:45:00,DK2,87.82,656.489628,energidataservice_auto,1,,2026-07-12 16:14:57
5656,2026-07-08T16:00:00,2026-07-08T16:00:00,DK1,79.360001,593.247751,energidataservice_auto,1,,2026-07-12 16:14:57
5655,2026-07-08T16:00:00,2026-07-08T16:00:00,DK2,83.690002,625.616241,energidataservice_auto,1,,2026-07-12 16:14:57
5658,2026-07-08T16:15:00,2026-07-08T16:15:00,DK1,88.010002,657.909969,energidataservice_auto,1,,2026-07-12 16:14:57
5657,2026-07-08T16:15:00,2026-07-08T16:15:00,DK2,90.809998,678.841059,energidataservice_auto,1,,2026-07-12 16:14:57
5660,2026-07-08T16:30:00,2026-07-08T16:30:00,DK1,110.269997,824.312336,energidataservice_auto,1,,2026-07-12 16:14:57
5659,2026-07-08T16:30:00,2026-07-08T16:30:00,DK2,112.949997,844.346408,energidataservice_auto,1,,2026-07-12 16:14:57
5662,2026-07-08T16:45:00,2026-07-08T16:45:00,DK1,107.93,806.819922,energidataservice_auto,1,,2026-07-12 16:14:57
5661,2026-07-08T16:45:00,2026-07-08T16:45:00,DK2,121.57,908.784378,energidataservice_auto,1,,2026-07-12 16:14:57
5664,2026-07-08T17:00:00,2026-07-08T17:00:00,DK1,120.129997,898.01978,energidataservice_auto,1,,2026-07-12 16:14:57
5663,2026-07-08T17:00:00,2026-07-08T17:00:00,DK2,122.339996,914.540406,energidataservice_auto,1,,2026-07-12 16:14:57
5666,2026-07-08T17:15:00,2026-07-08T17:15:00,DK1,121.519997,908.410586,energidataservice_auto,1,,2026-07-12 16:14:57
5665,2026-07-08T17:15:00,2026-07-08T17:15:00,DK2,131.070007,979.80073,energidataservice_auto,1,,2026-07-12 16:14:57
5668,2026-07-08T17:30:00,2026-07-08T17:30:00,DK1,125.940002,941.451891,energidataservice_auto,1,,2026-07-12 16:14:57
5667,2026-07-08T17:30:00,2026-07-08T17:30:00,DK2,135.190002,1010.599341,energidataservice_auto,1,,2026-07-12 16:14:57
5670,2026-07-08T17:45:00,2026-07-08T17:45:00,DK1,132.410004,989.817744,energidataservice_auto,1,,2026-07-12 16:14:57
5669,2026-07-08T17:45:00,2026-07-08T17:45:00,DK2,147.009995,1098.958517,energidataservice_auto,1,,2026-07-12 16:14:57
5672,2026-07-08T18:00:00,2026-07-08T18:00:00,DK1,130.419998,974.941653,energidataservice_auto,1,,2026-07-12 16:14:57
5671,2026-07-08T18:00:00,2026-07-08T18:00:00,DK2,132.820007,992.88268,energidataservice_auto,1,,2026-07-12 16:14:57
5674,2026-07-08T18:15:00,2026-07-08T18:15:00,DK1,143.190002,1070.402541,energidataservice_auto,1,,2026-07-12 16:14:57
5673,2026-07-08T18:15:00,2026-07-08T18:15:00,DK2,145.820007,1090.06288,energidataservice_auto,1,,2026-07-12 16:14:57
5676,2026-07-08T18:30:00,2026-07-08T18:30:00,DK1,151.979996,1136.111262,energidataservice_auto,1,,2026-07-12 16:14:57
5675,2026-07-08T18:30:00,2026-07-08T18:30:00,DK2,154.770004,1156.967688,energidataservice_auto,1,,2026-07-12 16:14:57
5678,2026-07-08T18:45:00,2026-07-08T18:45:00,DK1,165.75,1239.04755,energidataservice_auto,1,,2026-07-12 16:14:57
5677,2026-07-08T18:45:00,2026-07-08T18:45:00,DK2,168.800003,1261.847542,energidataservice_auto,1,,2026-07-12 16:14:57
5680,2026-07-08T19:00:00,2026-07-08T19:00:00,DK1,158.220001,1182.757795,energidataservice_auto,1,,2026-07-12 16:14:57
5679,2026-07-08T19:00:00,2026-07-08T19:00:00,DK2,160.800003,1202.044342,energidataservice_auto,1,,2026-07-12 16:14:57
5682,2026-07-08T19:15:00,2026-07-08T19:15:00,DK1,160.979996,1203.389862,energidataservice_auto,1,,2026-07-12 16:14:57
5681,2026-07-08T19:15:00,2026-07-08T19:15:00,DK2,161.050003,1203.913192,energidataservice_auto,1,,2026-07-12 16:14:57
5684,2026-07-08T19:30:00,2026-07-08T19:30:00,DK1,163.0,1218.4902,energidataservice_auto,1,,2026-07-12 16:14:57
5683,2026-07-08T19:30:00,2026-07-08T19:30:00,DK2,163.119995,1219.387211,energidataservice_auto,1,,2026-07-12 16:14:57
5686,2026-07-08T19:45:00,2026-07-08T19:45:00,DK1,157.800003,1179.618142,energidataservice_auto,1,,2026-07-12 16:14:57
5685,2026-07-08T19:45:00,2026-07-08T19:45:00,DK2,157.410004,1176.702744,energidataservice_auto,1,,2026-07-12 16:14:57
5688,2026-07-08T20:00:00,2026-07-08T20:00:00,DK1,167.110001,1249.214101,energidataservice_auto,1,,2026-07-12 16:14:57
5687,2026-07-08T20:00:00,2026-07-08T20:00:00,DK2,167.119995,1249.288811,energidataservice_auto,1,,2026-07-12 16:14:57
5690,2026-07-08T20:15:00,2026-07-08T20:15:00,DK1,163.149994,1219.611465,energidataservice_auto,1,,2026-07-12 16:14:57
5689,2026-07-08T20:15:00,2026-07-08T20:15:00,DK2,163.160004,1219.686294,energidataservice_auto,1,,2026-07-12 16:14:57
5692,2026-07-08T20:30:00,2026-07-08T20:30:00,DK1,158.110001,1181.935501,energidataservice_auto,1,,2026-07-12 16:14:57
5691,2026-07-08T20:30:00,2026-07-08T20:30:00,DK2,159.179993,1189.93412,energidataservice_auto,1,,2026-07-12 16:14:57
5694,2026-07-08T20:45:00,2026-07-08T20:45:00,DK1,147.100006,1099.631385,energidataservice_auto,1,,2026-07-12 16:14:57
5693,2026-07-08T20:45:00,2026-07-08T20:45:00,DK2,147.100006,1099.631385,energidataservice_auto,1,,2026-07-12 16:14:57
5696,2026-07-08T21:00:00,2026-07-08T21:00:00,DK1,150.190002,1122.730341,energidataservice_auto,1,,2026-07-12 16:14:57
5695,2026-07-08T21:00:00,2026-07-08T21:00:00,DK2,152.949997,1143.362408,energidataservice_auto,1,,2026-07-12 16:14:57
5698,2026-07-08T21:15:00,2026-07-08T21:15:00,DK1,141.729996,1059.488412,energidataservice_auto,1,,2026-07-12 16:14:57
5697,2026-07-08T21:15:00,2026-07-08T21:15:00,DK2,144.330002,1078.924497,energidataservice_auto,1,,2026-07-12 16:14:57
5700,2026-07-08T21:30:00,2026-07-08T21:30:00,DK1,140.770004,1052.312088,energidataservice_auto,1,,2026-07-12 16:14:57
5699,2026-07-08T21:30:00,2026-07-08T21:30:00,DK2,143.360001,1071.673351,energidataservice_auto,1,,2026-07-12 16:14:57
5702,2026-07-08T21:45:00,2026-07-08T21:45:00,DK1,135.320007,1011.57118,energidataservice_auto,1,,2026-07-12 16:14:57
5701,2026-07-08T21:45:00,2026-07-08T21:45:00,DK2,137.089996,1024.802556,energidataservice_auto,1,,2026-07-12 16:14:57
5704,2026-07-08T22:00:00,2026-07-08T22:00:00,DK1,137.679993,1029.199252,energidataservice_auto,1,,2026-07-12 16:14:57
5703,2026-07-08T22:00:00,2026-07-08T22:00:00,DK2,135.210007,1010.735365,energidataservice_auto,1,,2026-07-12 16:14:57
5706,2026-07-08T22:15:00,2026-07-08T22:15:00,DK1,138.229996,1033.310689,energidataservice_auto,1,,2026-07-12 16:14:57
5705,2026-07-08T22:15:00,2026-07-08T22:15:00,DK2,135.75,1014.771975,energidataservice_auto,1,,2026-07-12 16:14:57
5708,2026-07-08T22:30:00,2026-07-08T22:30:00,DK1,136.75,1022.247275,energidataservice_auto,1,,2026-07-12 16:14:57
5707,2026-07-08T22:30:00,2026-07-08T22:30:00,DK2,134.600006,1006.175425,energidataservice_auto,1,,2026-07-12 16:14:57
5710,2026-07-08T22:45:00,2026-07-08T22:45:00,DK1,130.470001,975.302398,energidataservice_auto,1,,2026-07-12 16:14:57
5709,2026-07-08T22:45:00,2026-07-08T22:45:00,DK2,130.059998,972.237503,energidataservice_auto,1,,2026-07-12 16:14:57
5712,2026-07-08T23:00:00,2026-07-08T23:00:00,DK1,136.080002,1017.238839,energidataservice_auto,1,,2026-07-12 16:14:57
5711,2026-07-08T23:00:00,2026-07-08T23:00:00,DK2,133.639999,998.999085,energidataservice_auto,1,,2026-07-12 16:14:57
5714,2026-07-08T23:15:00,2026-07-08T23:15:00,DK1,133.25,996.083725,energidataservice_auto,1,,2026-07-12 16:14:57
5713,2026-07-08T23:15:00,2026-07-08T23:15:00,DK2,132.880005,993.317901,energidataservice_auto,1,,2026-07-12 16:14:57
5716,2026-07-08T23:30:00,2026-07-08T23:30:00,DK1,130.789993,977.694435,energidataservice_auto,1,,2026-07-12 16:14:57
5715,2026-07-08T23:30:00,2026-07-08T23:30:00,DK2,130.610001,976.34894,energidataservice_auto,1,,2026-07-12 16:14:57
5718,2026-07-08T23:45:00,2026-07-08T23:45:00,DK1,128.470001,960.351798,energidataservice_auto,1,,2026-07-12 16:14:57
5717,2026-07-08T23:45:00,2026-07-08T23:45:00,DK2,128.179993,958.183902,energidataservice_auto,1,,2026-07-12 16:14:57
5720,2026-07-09T00:00:00,2026-07-09T00:00:00,DK1,128.339996,959.379972,energidataservice_auto,1,,2026-07-12 16:14:57
5719,2026-07-09T00:00:00,2026-07-09T00:00:00,DK2,126.040001,942.186819,energidataservice_auto,1,,2026-07-12 16:14:57
5722,2026-07-09T00:15:00,2026-07-09T00:15:00,DK1,127.389999,952.27846,energidataservice_auto,1,,2026-07-12 16:14:57
5721,2026-07-09T00:15:00,2026-07-09T00:15:00,DK2,125.099998,935.160015,energidataservice_auto,1,,2026-07-12 16:14:57
5724,2026-07-09T00:30:00,2026-07-09T00:30:00,DK1,126.93,948.839829,energidataservice_auto,1,,2026-07-12 16:14:57
5723,2026-07-09T00:30:00,2026-07-09T00:30:00,DK2,125.919998,941.289761,energidataservice_auto,1,,2026-07-12 16:14:57
5726,2026-07-09T00:45:00,2026-07-09T00:45:00,DK1,126.610001,946.44774,energidataservice_auto,1,,2026-07-12 16:14:57
5725,2026-07-09T00:45:00,2026-07-09T00:45:00,DK2,126.32,944.279896,energidataservice_auto,1,,2026-07-12 16:14:57
5728,2026-07-09T01:00:00,2026-07-09T01:00:00,DK1,124.650002,931.79616,energidataservice_auto,1,,2026-07-12 16:14:57
5727,2026-07-09T01:00:00,2026-07-09T01:00:00,DK2,123.440002,922.751047,energidataservice_auto,1,,2026-07-12 16:14:57
5730,2026-07-09T01:15:00,2026-07-09T01:15:00,DK1,124.0,926.9372,energidataservice_auto,1,,2026-07-12 16:14:57
5729,2026-07-09T01:15:00,2026-07-09T01:15:00,DK2,122.940002,919.013397,energidataservice_auto,1,,2026-07-12 16:14:57
5732,2026-07-09T01:30:00,2026-07-09T01:30:00,DK1,124.610001,931.49714,energidataservice_auto,1,,2026-07-12 16:14:57
5731,2026-07-09T01:30:00,2026-07-09T01:30:00,DK2,122.669998,916.995036,energidataservice_auto,1,,2026-07-12 16:14:57
5734,2026-07-09T01:45:00,2026-07-09T01:45:00,DK1,124.970001,934.188248,energidataservice_auto,1,,2026-07-12 16:14:57
5733,2026-07-09T01:45:00,2026-07-09T01:45:00,DK2,124.989998,934.337732,energidataservice_auto,1,,2026-07-12 16:14:57
5736,2026-07-09T02:00:00,2026-07-09T02:00:00,DK1,120.120003,897.933058,energidataservice_auto,1,,2026-07-12 16:14:57
5735,2026-07-09T02:00:00,2026-07-09T02:00:00,DK2,120.959999,904.212281,energidataservice_auto,1,,2026-07-12 16:14:57
5738,2026-07-09T02:15:00,2026-07-09T02:15:00,DK1,123.639999,924.246085,energidataservice_auto,1,,2026-07-12 16:14:57
5737,2026-07-09T02:15:00,2026-07-09T02:15:00,DK2,122.919998,918.863861,energidataservice_auto,1,,2026-07-12 16:14:57
5740,2026-07-09T02:30:00,2026-07-09T02:30:00,DK1,126.199997,943.382838,energidataservice_auto,1,,2026-07-12 16:14:57
5739,2026-07-09T02:30:00,2026-07-09T02:30:00,DK2,126.370003,944.653683,energidataservice_auto,1,,2026-07-12 16:14:57
5742,2026-07-09T02:45:00,2026-07-09T02:45:00,DK1,129.770004,970.069711,energidataservice_auto,1,,2026-07-12 16:14:57
5741,2026-07-09T02:45:00,2026-07-09T02:45:00,DK2,129.470001,967.827098,energidataservice_auto,1,,2026-07-12 16:14:57
5744,2026-07-09T03:00:00,2026-07-09T03:00:00,DK1,127.599998,953.848265,energidataservice_auto,1,,2026-07-12 16:14:57
5743,2026-07-09T03:00:00,2026-07-09T03:00:00,DK2,127.75,954.969575,energidataservice_auto,1,,2026-07-12 16:14:57
5746,2026-07-09T03:15:00,2026-07-09T03:15:00,DK1,131.660004,984.198028,energidataservice_auto,1,,2026-07-12 16:14:57
5745,2026-07-09T03:15:00,2026-07-09T03:15:00,DK2,131.669998,984.272736,energidataservice_auto,1,,2026-07-12 16:14:57
5748,2026-07-09T03:30:00,2026-07-09T03:30:00,DK1,135.0,1009.1655,energidataservice_auto,1,,2026-07-12 16:14:57
5747,2026-07-09T03:30:00,2026-07-09T03:30:00,DK2,132.580002,991.075289,energidataservice_auto,1,,2026-07-12 16:14:57
5750,2026-07-09T03:45:00,2026-07-09T03:45:00,DK1,141.300003,1056.259912,energidataservice_auto,1,,2026-07-12 16:14:57
5749,2026-07-09T03:45:00,2026-07-09T03:45:00,DK2,139.839996,1045.345922,energidataservice_auto,1,,2026-07-12 16:14:57
5752,2026-07-09T04:00:00,2026-07-09T04:00:00,DK1,139.5,1042.80435,energidataservice_auto,1,,2026-07-12 16:14:57
5751,2026-07-09T04:00:00,2026-07-09T04:00:00,DK2,142.059998,1061.941103,energidataservice_auto,1,,2026-07-12 16:14:57
5754,2026-07-09T04:15:00,2026-07-09T04:15:00,DK1,145.660004,1088.852228,energidataservice_auto,1,,2026-07-12 16:14:57
5753,2026-07-09T04:15:00,2026-07-09T04:15:00,DK2,148.330002,1108.811264,energidataservice_auto,1,,2026-07-12 16:14:57
5756,2026-07-09T04:30:00,2026-07-09T04:30:00,DK1,150.550003,1125.406437,energidataservice_auto,1,,2026-07-12 16:14:57
5755,2026-07-09T04:30:00,2026-07-09T04:30:00,DK2,153.309998,1146.038228,energidataservice_auto,1,,2026-07-12 16:14:57
5758,2026-07-09T04:45:00,2026-07-09T04:45:00,DK1,144.720001,1081.825423,energidataservice_auto,1,,2026-07-12 16:14:57
5757,2026-07-09T04:45:00,2026-07-09T04:45:00,DK2,147.380005,1101.709751,energidataservice_auto,1,,2026-07-12 16:14:57
5760,2026-07-09T05:00:00,2026-07-09T05:00:00,DK1,163.0,1218.4739,energidataservice_auto,1,,2026-07-12 16:14:57
5759,2026-07-09T05:00:00,2026-07-09T05:00:00,DK2,164.410004,1229.014103,energidataservice_auto,1,,2026-07-12 16:14:57
5762,2026-07-09T05:15:00,2026-07-09T05:15:00,DK1,151.169998,1130.041086,energidataservice_auto,1,,2026-07-12 16:14:57
5761,2026-07-09T05:15:00,2026-07-09T05:15:00,DK2,151.380005,1131.610951,energidataservice_auto,1,,2026-07-12 16:14:57
5764,2026-07-09T05:30:00,2026-07-09T05:30:00,DK1,143.059998,1069.416403,energidataservice_auto,1,,2026-07-12 16:14:57
5763,2026-07-09T05:30:00,2026-07-09T05:30:00,DK2,140.589996,1050.952397,energidataservice_auto,1,,2026-07-12 16:14:57
5766,2026-07-09T05:45:00,2026-07-09T05:45:00,DK1,131.820007,985.394098,energidataservice_auto,1,,2026-07-12 16:14:57
5765,2026-07-09T05:45:00,2026-07-09T05:45:00,DK2,134.25,1003.559025,energidataservice_auto,1,,2026-07-12 16:14:57
5768,2026-07-09T06:00:00,2026-07-09T06:00:00,DK1,154.080002,1151.794239,energidataservice_auto,1,,2026-07-12 16:14:57
5767,2026-07-09T06:00:00,2026-07-09T06:00:00,DK2,151.339996,1131.311872,energidataservice_auto,1,,2026-07-12 16:14:57
5770,2026-07-09T06:15:00,2026-07-09T06:15:00,DK1,139.960007,1046.24304,energidataservice_auto,1,,2026-07-12 16:14:57
5769,2026-07-09T06:15:00,2026-07-09T06:15:00,DK2,137.449997,1027.479963,energidataservice_auto,1,,2026-07-12 16:14:57
5772,2026-07-09T06:30:00,2026-07-09T06:30:00,DK1,134.929993,1008.642177,energidataservice_auto,1,,2026-07-12 16:14:57
5771,2026-07-09T06:30:00,2026-07-09T06:30:00,DK2,134.259995,1003.633741,energidataservice_auto,1,,2026-07-12 16:14:57
5774,2026-07-09T06:45:00,2026-07-09T06:45:00,DK1,124.480003,930.525366,energidataservice_auto,1,,2026-07-12 16:14:57
5773,2026-07-09T06:45:00,2026-07-09T06:45:00,DK2,130.389999,974.70436,energidataservice_auto,1,,2026-07-12 16:14:57
5776,2026-07-09T07:00:00,2026-07-09T07:00:00,DK1,132.600006,991.224825,energidataservice_auto,1,,2026-07-12 16:14:57
5775,2026-07-09T07:00:00,2026-07-09T07:00:00,DK2,131.369995,982.030124,energidataservice_auto,1,,2026-07-12 16:14:57
5778,2026-07-09T07:15:00,2026-07-09T07:15:00,DK1,120.82,903.165746,energidataservice_auto,1,,2026-07-12 16:14:57
5777,2026-07-09T07:15:00,2026-07-09T07:15:00,DK2,121.68,909.594504,energidataservice_auto,1,,2026-07-12 16:14:57
5780,2026-07-09T07:30:00,2026-07-09T07:30:00,DK1,114.769997,857.940159,energidataservice_auto,1,,2026-07-12 16:14:57
5779,2026-07-09T07:30:00,2026-07-09T07:30:00,DK2,113.139999,845.755435,energidataservice_auto,1,,2026-07-12 16:14:57
5782,2026-07-09T07:45:00,2026-07-09T07:45:00,DK1,107.809998,805.912078,energidataservice_auto,1,,2026-07-12 16:14:57
5781,2026-07-09T07:45:00,2026-07-09T07:45:00,DK2,106.18,793.727354,energidataservice_auto,1,,2026-07-12 16:14:57
5784,2026-07-09T08:00:00,2026-07-09T08:00:00,DK1,111.349998,832.37464,energidataservice_auto,1,,2026-07-12 16:14:57
5783,2026-07-09T08:00:00,2026-07-09T08:00:00,DK2,109.75,820.414175,energidataservice_auto,1,,2026-07-12 16:14:57
5786,2026-07-09T08:15:00,2026-07-09T08:15:00,DK1,106.300003,794.624412,energidataservice_auto,1,,2026-07-12 16:14:57
5785,2026-07-09T08:15:00,2026-07-09T08:15:00,DK2,104.519997,781.318334,energidataservice_auto,1,,2026-07-12 16:14:57
5788,2026-07-09T08:30:00,2026-07-09T08:30:00,DK1,100.82,753.659746,energidataservice_auto,1,,2026-07-12 16:14:57
5787,2026-07-09T08:30:00,2026-07-09T08:30:00,DK2,99.059998,740.503203,energidataservice_auto,1,,2026-07-12 16:14:57
5790,2026-07-09T08:45:00,2026-07-09T08:45:00,DK1,89.860001,671.730465,energidataservice_auto,1,,2026-07-12 16:14:57
5789,2026-07-09T08:45:00,2026-07-09T08:45:00,DK2,87.690002,655.509072,energidataservice_auto,1,,2026-07-12 16:14:57
5792,2026-07-09T09:00:00,2026-07-09T09:00:00,DK1,104.93,784.383229,energidataservice_auto,1,,2026-07-12 16:14:57
5791,2026-07-09T09:00:00,2026-07-09T09:00:00,DK2,102.389999,765.39596,energidataservice_auto,1,,2026-07-12 16:14:57
5794,2026-07-09T09:15:00,2026-07-09T09:15:00,DK1,92.190002,689.147922,energidataservice_auto,1,,2026-07-12 16:14:57
5793,2026-07-09T09:15:00,2026-07-09T09:15:00,DK2,90.529999,676.738902,energidataservice_auto,1,,2026-07-12 16:14:57
5796,2026-07-09T09:30:00,2026-07-09T09:30:00,DK1,84.779999,633.755927,energidataservice_auto,1,,2026-07-12 16:14:57
5795,2026-07-09T09:30:00,2026-07-09T09:30:00,DK2,83.199997,621.944938,energidataservice_auto,1,,2026-07-12 16:14:57
5798,2026-07-09T09:45:00,2026-07-09T09:45:00,DK1,79.660004,595.482428,energidataservice_auto,1,,2026-07-12 16:14:57
5797,2026-07-09T09:45:00,2026-07-09T09:45:00,DK2,77.57,579.859021,energidataservice_auto,1,,2026-07-12 16:14:57
5800,2026-07-09T10:00:00,2026-07-09T10:00:00,DK1,87.169998,651.621886,energidataservice_auto,1,,2026-07-12 16:14:57
5799,2026-07-09T10:00:00,2026-07-09T10:00:00,DK2,84.669998,632.933636,energidataservice_auto,1,,2026-07-12 16:14:57
5802,2026-07-09T10:15:00,2026-07-09T10:15:00,DK1,72.5,541.95925,energidataservice_auto,1,,2026-07-12 16:14:57
5801,2026-07-09T10:15:00,2026-07-09T10:15:00,DK2,70.660004,528.204728,energidataservice_auto,1,,2026-07-12 16:14:57
5804,2026-07-09T10:30:00,2026-07-09T10:30:00,DK1,63.509998,474.756288,energidataservice_auto,1,,2026-07-12 16:14:57
5803,2026-07-09T10:30:00,2026-07-09T10:30:00,DK2,62.189999,464.8889,energidataservice_auto,1,,2026-07-12 16:14:57
5806,2026-07-09T10:45:00,2026-07-09T10:45:00,DK1,57.110001,426.91439,energidataservice_auto,1,,2026-07-12 16:14:57
5805,2026-07-09T10:45:00,2026-07-09T10:45:00,DK2,55.630001,415.850946,energidataservice_auto,1,,2026-07-12 16:14:57
5808,2026-07-09T11:00:00,2026-07-09T11:00:00,DK1,61.610001,460.55324,energidataservice_auto,1,,2026-07-12 16:14:57
5807,2026-07-09T11:00:00,2026-07-09T11:00:00,DK2,60.09,449.190777,energidataservice_auto,1,,2026-07-12 16:14:57
5810,2026-07-09T11:15:00,2026-07-09T11:15:00,DK1,54.48,407.254344,energidataservice_auto,1,,2026-07-12 16:14:57
5809,2026-07-09T11:15:00,2026-07-09T11:15:00,DK2,53.009998,396.265638,energidataservice_auto,1,,2026-07-12 16:14:57
5812,2026-07-09T11:30:00,2026-07-09T11:30:00,DK1,41.279999,308.580377,energidataservice_auto,1,,2026-07-12 16:14:57
5811,2026-07-09T11:30:00,2026-07-09T11:30:00,DK2,40.119999,299.909029,energidataservice_auto,1,,2026-07-12 16:14:57
5814,2026-07-09T11:45:00,2026-07-09T11:45:00,DK1,26.15,195.479095,energidataservice_auto,1,,2026-07-12 16:14:57
5813,2026-07-09T11:45:00,2026-07-09T11:45:00,DK2,25.700001,192.115217,energidataservice_auto,1,,2026-07-12 16:14:57
5816,2026-07-09T12:00:00,2026-07-09T12:00:00,DK1,34.52,258.047356,energidataservice_auto,1,,2026-07-12 16:14:57
5815,2026-07-09T12:00:00,2026-07-09T12:00:00,DK2,33.900002,253.412685,energidataservice_auto,1,,2026-07-12 16:14:57
5818,2026-07-09T12:15:00,2026-07-09T12:15:00,DK1,36.830002,275.315314,energidataservice_auto,1,,2026-07-12 16:14:57
5817,2026-07-09T12:15:00,2026-07-09T12:15:00,DK2,36.349998,271.72714,energidataservice_auto,1,,2026-07-12 16:14:57
5820,2026-07-09T12:30:00,2026-07-09T12:30:00,DK1,38.939999,291.088175,energidataservice_auto,1,,2026-07-12 16:14:57
5819,2026-07-09T12:30:00,2026-07-09T12:30:00,DK2,38.919998,290.938661,energidataservice_auto,1,,2026-07-12 16:14:57
5822,2026-07-09T12:45:00,2026-07-09T12:45:00,DK1,44.59,333.323627,energidataservice_auto,1,,2026-07-12 16:14:57
5821,2026-07-09T12:45:00,2026-07-09T12:45:00,DK2,44.02,329.062706,energidataservice_auto,1,,2026-07-12 16:14:57
5824,2026-07-09T13:00:00,2026-07-09T13:00:00,DK1,34.009998,254.234938,energidataservice_auto,1,,2026-07-12 16:14:57
5823,2026-07-09T13:00:00,2026-07-09T13:00:00,DK2,34.0,254.1602,energidataservice_auto,1,,2026-07-12 16:14:57
5826,2026-07-09T13:15:00,2026-07-09T13:15:00,DK1,44.93,335.865229,energidataservice_auto,1,,2026-07-12 16:14:57
5825,2026-07-09T13:15:00,2026-07-09T13:15:00,DK2,44.09,329.585977,energidataservice_auto,1,,2026-07-12 16:14:57
5828,2026-07-09T13:30:00,2026-07-09T13:30:00,DK1,58.200001,435.062467,energidataservice_auto,1,,2026-07-12 16:14:57
5827,2026-07-09T13:30:00,2026-07-09T13:30:00,DK2,57.150002,427.21341,energidataservice_auto,1,,2026-07-12 16:14:57
5830,2026-07-09T13:45:00,2026-07-09T13:45:00,DK1,77.029999,575.822352,energidataservice_auto,1,,2026-07-12 16:14:57
5829,2026-07-09T13:45:00,2026-07-09T13:45:00,DK2,75.0,560.6475,energidataservice_auto,1,,2026-07-12 16:14:57
5832,2026-07-09T14:00:00,2026-07-09T14:00:00,DK1,64.82,484.548946,energidataservice_auto,1,,2026-07-12 16:14:57
5831,2026-07-09T14:00:00,2026-07-09T14:00:00,DK2,63.349998,473.56024,energidataservice_auto,1,,2026-07-12 16:14:57
4822,2026-07-09T14:15:00,2026-07-09T14:15:00,DK1,80.480003,601.612166,energidataservice_auto,1,,2026-07-12 16:12:42
4821,2026-07-09T14:15:00,2026-07-09T14:15:00,DK2,78.75,588.679875,energidataservice_auto,1,,2026-07-12 16:12:42
4824,2026-07-09T14:30:00,2026-07-09T14:30:00,DK1,89.559998,669.487853,energidataservice_auto,1,,2026-07-12 16:12:42
4823,2026-07-09T14:30:00,2026-07-09T14:30:00,DK2,88.089996,658.499147,energidataservice_auto,1,,2026-07-12 16:12:42
4826,2026-07-09T14:45:00,2026-07-09T14:45:00,DK1,101.050003,755.379087,energidataservice_auto,1,,2026-07-12 16:12:42
4825,2026-07-09T14:45:00,2026-07-09T14:45:00,DK2,99.75,745.661175,energidataservice_auto,1,,2026-07-12 16:12:42
4828,2026-07-09T15:00:00,2026-07-09T15:00:00,DK1,86.190002,644.296122,energidataservice_auto,1,,2026-07-12 16:12:42
4827,2026-07-09T15:00:00,2026-07-09T15:00:00,DK2,85.669998,640.408936,energidataservice_auto,1,,2026-07-12 16:12:42
4830,2026-07-09T15:15:00,2026-07-09T15:15:00,DK1,105.389999,787.82186,energidataservice_auto,1,,2026-07-12 16:12:42
4829,2026-07-09T15:15:00,2026-07-09T15:15:00,DK2,104.699997,782.663888,energidataservice_auto,1,,2026-07-12 16:12:42
4832,2026-07-09T15:30:00,2026-07-09T15:30:00,DK1,114.410004,855.249103,energidataservice_auto,1,,2026-07-12 16:12:42
4831,2026-07-09T15:30:00,2026-07-09T15:30:00,DK2,114.470001,855.697598,energidataservice_auto,1,,2026-07-12 16:12:42
4834,2026-07-09T15:45:00,2026-07-09T15:45:00,DK1,129.949997,971.415213,energidataservice_auto,1,,2026-07-12 16:12:42
4833,2026-07-09T15:45:00,2026-07-09T15:45:00,DK2,127.160004,950.559178,energidataservice_auto,1,,2026-07-12 16:12:42
4836,2026-07-09T16:00:00,2026-07-09T16:00:00,DK1,116.379997,869.975392,energidataservice_auto,1,,2026-07-12 16:12:42
4835,2026-07-09T16:00:00,2026-07-09T16:00:00,DK2,120.639999,901.820185,energidataservice_auto,1,,2026-07-12 16:12:42
4838,2026-07-09T16:15:00,2026-07-09T16:15:00,DK1,123.519997,923.349034,energidataservice_auto,1,,2026-07-12 16:12:42
4837,2026-07-09T16:15:00,2026-07-09T16:15:00,DK2,128.539993,960.87501,energidataservice_auto,1,,2026-07-12 16:12:42
4840,2026-07-09T16:30:00,2026-07-09T16:30:00,DK1,136.539993,1020.67741,energidataservice_auto,1,,2026-07-12 16:12:42
4839,2026-07-09T16:30:00,2026-07-09T16:30:00,DK2,134.639999,1006.474385,energidataservice_auto,1,,2026-07-12 16:12:42
4842,2026-07-09T16:45:00,2026-07-09T16:45:00,DK1,147.850006,1105.22315,energidataservice_auto,1,,2026-07-12 16:12:42
4841,2026-07-09T16:45:00,2026-07-09T16:45:00,DK2,142.610001,1066.05254,energidataservice_auto,1,,2026-07-12 16:12:42
4844,2026-07-09T17:00:00,2026-07-09T17:00:00,DK1,143.449997,1072.331763,energidataservice_auto,1,,2026-07-12 16:12:42
4843,2026-07-09T17:00:00,2026-07-09T17:00:00,DK2,143.089996,1069.640647,energidataservice_auto,1,,2026-07-12 16:12:42
4846,2026-07-09T17:15:00,2026-07-09T17:15:00,DK1,153.199997,1145.215938,energidataservice_auto,1,,2026-07-12 16:12:42
4845,2026-07-09T17:15:00,2026-07-09T17:15:00,DK2,152.610001,1140.80554,energidataservice_auto,1,,2026-07-12 16:12:42
4848,2026-07-09T17:30:00,2026-07-09T17:30:00,DK1,171.119995,1279.173299,energidataservice_auto,1,,2026-07-12 16:12:42
4847,2026-07-09T17:30:00,2026-07-09T17:30:00,DK2,170.619995,1275.435649,energidataservice_auto,1,,2026-07-12 16:12:42
4850,2026-07-09T17:45:00,2026-07-09T17:45:00,DK1,200.919998,1501.937261,energidataservice_auto,1,,2026-07-12 16:12:42
4849,2026-07-09T17:45:00,2026-07-09T17:45:00,DK2,200.910004,1501.862553,energidataservice_auto,1,,2026-07-12 16:12:42
4852,2026-07-09T18:00:00,2026-07-09T18:00:00,DK1,186.649994,1395.2647,energidataservice_auto,1,,2026-07-12 16:12:42
4851,2026-07-09T18:00:00,2026-07-09T18:00:00,DK2,185.809998,1388.985478,energidataservice_auto,1,,2026-07-12 16:12:42
4854,2026-07-09T18:15:00,2026-07-09T18:15:00,DK1,202.889999,1516.66361,energidataservice_auto,1,,2026-07-12 16:12:42
4853,2026-07-09T18:15:00,2026-07-09T18:15:00,DK2,201.169998,1503.806086,energidataservice_auto,1,,2026-07-12 16:12:42
4856,2026-07-09T18:30:00,2026-07-09T18:30:00,DK1,227.669998,1701.901536,energidataservice_auto,1,,2026-07-12 16:12:42
4855,2026-07-09T18:30:00,2026-07-09T18:30:00,DK2,225.25,1683.811325,energidataservice_auto,1,,2026-07-12 16:12:42
4858,2026-07-09T18:45:00,2026-07-09T18:45:00,DK1,241.940002,1808.574097,energidataservice_auto,1,,2026-07-12 16:12:42
4857,2026-07-09T18:45:00,2026-07-09T18:45:00,DK2,238.190002,1780.541722,energidataservice_auto,1,,2026-07-12 16:12:42
4860,2026-07-09T19:00:00,2026-07-09T19:00:00,DK1,238.289993,1781.289185,energidataservice_auto,1,,2026-07-12 16:12:42
4859,2026-07-09T19:00:00,2026-07-09T19:00:00,DK2,234.520004,1753.107386,energidataservice_auto,1,,2026-07-12 16:12:42
4862,2026-07-09T19:15:00,2026-07-09T19:15:00,DK1,229.309998,1714.161028,energidataservice_auto,1,,2026-07-12 16:12:42
4861,2026-07-09T19:15:00,2026-07-09T19:15:00,DK2,226.309998,1691.735128,energidataservice_auto,1,,2026-07-12 16:12:42
4864,2026-07-09T19:30:00,2026-07-09T19:30:00,DK1,210.509995,1573.625366,energidataservice_auto,1,,2026-07-12 16:12:42
4863,2026-07-09T19:30:00,2026-07-09T19:30:00,DK2,208.539993,1558.89901,energidataservice_auto,1,,2026-07-12 16:12:42
4866,2026-07-09T19:45:00,2026-07-09T19:45:00,DK1,193.419998,1445.872511,energidataservice_auto,1,,2026-07-12 16:12:42
4865,2026-07-09T19:45:00,2026-07-09T19:45:00,DK2,192.270004,1437.275961,energidataservice_auto,1,,2026-07-12 16:12:42
4868,2026-07-09T20:00:00,2026-07-09T20:00:00,DK1,211.479996,1580.876414,energidataservice_auto,1,,2026-07-12 16:12:42
4867,2026-07-09T20:00:00,2026-07-09T20:00:00,DK2,209.839996,1568.616922,energidataservice_auto,1,,2026-07-12 16:12:42
4870,2026-07-09T20:15:00,2026-07-09T20:15:00,DK1,189.729996,1418.288639,energidataservice_auto,1,,2026-07-12 16:12:42
4869,2026-07-09T20:15:00,2026-07-09T20:15:00,DK2,188.789993,1411.261835,energidataservice_auto,1,,2026-07-12 16:12:42
4872,2026-07-09T20:30:00,2026-07-09T20:30:00,DK1,174.800003,1306.682462,energidataservice_auto,1,,2026-07-12 16:12:42
4871,2026-07-09T20:30:00,2026-07-09T20:30:00,DK2,174.809998,1306.757178,energidataservice_auto,1,,2026-07-12 16:12:42
4874,2026-07-09T20:45:00,2026-07-09T20:45:00,DK1,164.710007,1231.256715,energidataservice_auto,1,,2026-07-12 16:12:42
4873,2026-07-09T20:45:00,2026-07-09T20:45:00,DK2,164.720001,1231.331423,energidataservice_auto,1,,2026-07-12 16:12:42
4876,2026-07-09T21:00:00,2026-07-09T21:00:00,DK1,173.380005,1296.067551,energidataservice_auto,1,,2026-07-12 16:12:42
4875,2026-07-09T21:00:00,2026-07-09T21:00:00,DK2,173.0,1293.2269,energidataservice_auto,1,,2026-07-12 16:12:42
4878,2026-07-09T21:15:00,2026-07-09T21:15:00,DK1,166.259995,1242.843341,energidataservice_auto,1,,2026-07-12 16:12:42
4877,2026-07-09T21:15:00,2026-07-09T21:15:00,DK2,165.639999,1238.208685,energidataservice_auto,1,,2026-07-12 16:12:42
4880,2026-07-09T21:30:00,2026-07-09T21:30:00,DK1,156.460007,1169.58549,energidataservice_auto,1,,2026-07-12 16:12:42
4879,2026-07-09T21:30:00,2026-07-09T21:30:00,DK2,156.330002,1168.613664,energidataservice_auto,1,,2026-07-12 16:12:42
4882,2026-07-09T21:45:00,2026-07-09T21:45:00,DK1,157.770004,1179.378111,energidataservice_auto,1,,2026-07-12 16:12:42
4881,2026-07-09T21:45:00,2026-07-09T21:45:00,DK2,157.380005,1176.462751,energidataservice_auto,1,,2026-07-12 16:12:42
4884,2026-07-09T22:00:00,2026-07-09T22:00:00,DK1,168.460007,1259.255398,energidataservice_auto,1,,2026-07-12 16:12:42
4883,2026-07-09T22:00:00,2026-07-09T22:00:00,DK2,167.979996,1255.667268,energidataservice_auto,1,,2026-07-12 16:12:42
4886,2026-07-09T22:15:00,2026-07-09T22:15:00,DK1,154.649994,1156.02417,energidataservice_auto,1,,2026-07-12 16:12:42
4885,2026-07-09T22:15:00,2026-07-09T22:15:00,DK2,154.660004,1156.098996,energidataservice_auto,1,,2026-07-12 16:12:42
4888,2026-07-09T22:30:00,2026-07-09T22:30:00,DK1,149.600006,1118.275005,energidataservice_auto,1,,2026-07-12 16:12:42
4887,2026-07-09T22:30:00,2026-07-09T22:30:00,DK2,149.580002,1118.125473,energidataservice_auto,1,,2026-07-12 16:12:42
4890,2026-07-09T22:45:00,2026-07-09T22:45:00,DK1,143.490005,1072.602136,energidataservice_auto,1,,2026-07-12 16:12:42
4889,2026-07-09T22:45:00,2026-07-09T22:45:00,DK2,142.720001,1066.846279,energidataservice_auto,1,,2026-07-12 16:12:42
4892,2026-07-09T23:00:00,2026-07-09T23:00:00,DK1,149.610001,1118.349718,energidataservice_auto,1,,2026-07-12 16:12:42
4891,2026-07-09T23:00:00,2026-07-09T23:00:00,DK2,149.619995,1118.424425,energidataservice_auto,1,,2026-07-12 16:12:42
4894,2026-07-09T23:15:00,2026-07-09T23:15:00,DK1,143.910004,1075.741671,energidataservice_auto,1,,2026-07-12 16:12:42
4893,2026-07-09T23:15:00,2026-07-09T23:15:00,DK2,143.869995,1075.4426,energidataservice_auto,1,,2026-07-12 16:12:42
4896,2026-07-09T23:30:00,2026-07-09T23:30:00,DK1,142.300003,1063.706752,energidataservice_auto,1,,2026-07-12 16:12:42
4895,2026-07-09T23:30:00,2026-07-09T23:30:00,DK2,141.440002,1057.278159,energidataservice_auto,1,,2026-07-12 16:12:42
4898,2026-07-09T23:45:00,2026-07-09T23:45:00,DK1,138.389999,1034.479082,energidataservice_auto,1,,2026-07-12 16:12:42
4897,2026-07-09T23:45:00,2026-07-09T23:45:00,DK2,138.949997,1038.665123,energidataservice_auto,1,,2026-07-12 16:12:42
4900,2026-07-10T00:00:00,2026-07-10T00:00:00,DK1,141.979996,1061.314668,energidataservice_auto,1,,2026-07-12 16:12:42
4899,2026-07-10T00:00:00,2026-07-10T00:00:00,DK2,141.990005,1061.389486,energidataservice_auto,1,,2026-07-12 16:12:42
4902,2026-07-10T00:15:00,2026-07-10T00:15:00,DK1,141.160004,1055.185146,energidataservice_auto,1,,2026-07-12 16:12:42
4901,2026-07-10T00:15:00,2026-07-10T00:15:00,DK2,141.169998,1055.259852,energidataservice_auto,1,,2026-07-12 16:12:42
4904,2026-07-10T00:30:00,2026-07-10T00:30:00,DK1,137.830002,1030.293048,energidataservice_auto,1,,2026-07-12 16:12:42
4903,2026-07-10T00:30:00,2026-07-10T00:30:00,DK2,137.75,1029.695025,energidataservice_auto,1,,2026-07-12 16:12:42
4906,2026-07-10T00:45:00,2026-07-10T00:45:00,DK1,138.679993,1036.646816,energidataservice_auto,1,,2026-07-12 16:12:42
4905,2026-07-10T00:45:00,2026-07-10T00:45:00,DK2,138.139999,1032.610307,energidataservice_auto,1,,2026-07-12 16:12:42
4908,2026-07-10T01:00:00,2026-07-10T01:00:00,DK1,138.550003,1035.675127,energidataservice_auto,1,,2026-07-12 16:12:42
4907,2026-07-10T01:00:00,2026-07-10T01:00:00,DK2,138.559998,1035.749841,energidataservice_auto,1,,2026-07-12 16:12:42
4910,2026-07-10T01:15:00,2026-07-10T01:15:00,DK1,137.979996,1031.414268,energidataservice_auto,1,,2026-07-12 16:12:42
4909,2026-07-10T01:15:00,2026-07-10T01:15:00,DK2,137.919998,1030.965777,energidataservice_auto,1,,2026-07-12 16:12:42
4912,2026-07-10T01:30:00,2026-07-10T01:30:00,DK1,137.699997,1029.321248,energidataservice_auto,1,,2026-07-12 16:12:42
4911,2026-07-10T01:30:00,2026-07-10T01:30:00,DK2,137.710007,1029.396073,energidataservice_auto,1,,2026-07-12 16:12:42
4914,2026-07-10T01:45:00,2026-07-10T01:45:00,DK1,137.839996,1030.367754,energidataservice_auto,1,,2026-07-12 16:12:42
4913,2026-07-10T01:45:00,2026-07-10T01:45:00,DK2,137.679993,1029.171716,energidataservice_auto,1,,2026-07-12 16:12:42
4916,2026-07-10T02:00:00,2026-07-10T02:00:00,DK1,137.279999,1026.181721,energidataservice_auto,1,,2026-07-12 16:12:42
4915,2026-07-10T02:00:00,2026-07-10T02:00:00,DK2,137.369995,1026.85445,energidataservice_auto,1,,2026-07-12 16:12:42
4918,2026-07-10T02:15:00,2026-07-10T02:15:00,DK1,137.800003,1030.068802,energidataservice_auto,1,,2026-07-12 16:12:42
4917,2026-07-10T02:15:00,2026-07-10T02:15:00,DK2,137.990005,1031.489086,energidataservice_auto,1,,2026-07-12 16:12:42
4920,2026-07-10T02:30:00,2026-07-10T02:30:00,DK1,137.520004,1027.975782,energidataservice_auto,1,,2026-07-12 16:12:42
4919,2026-07-10T02:30:00,2026-07-10T02:30:00,DK2,137.699997,1029.321248,energidataservice_auto,1,,2026-07-12 16:12:42
4922,2026-07-10T02:45:00,2026-07-10T02:45:00,DK1,139.889999,1045.691732,energidataservice_auto,1,,2026-07-12 16:12:42
4921,2026-07-10T02:45:00,2026-07-10T02:45:00,DK2,140.0,1046.514,energidataservice_auto,1,,2026-07-12 16:12:42
4924,2026-07-10T03:00:00,2026-07-10T03:00:00,DK1,140.320007,1048.906084,energidataservice_auto,1,,2026-07-12 16:12:42
4923,2026-07-10T03:00:00,2026-07-10T03:00:00,DK2,139.470001,1042.552204,energidataservice_auto,1,,2026-07-12 16:12:42
4926,2026-07-10T03:15:00,2026-07-10T03:15:00,DK1,141.559998,1058.175141,energidataservice_auto,1,,2026-07-12 16:12:42
4925,2026-07-10T03:15:00,2026-07-10T03:15:00,DK2,141.199997,1055.484098,energidataservice_auto,1,,2026-07-12 16:12:42
4928,2026-07-10T03:30:00,2026-07-10T03:30:00,DK1,142.429993,1064.678441,energidataservice_auto,1,,2026-07-12 16:12:42
4927,2026-07-10T03:30:00,2026-07-10T03:30:00,DK2,140.399994,1049.503995,energidataservice_auto,1,,2026-07-12 16:12:42
4930,2026-07-10T03:45:00,2026-07-10T03:45:00,DK1,145.820007,1090.019134,energidataservice_auto,1,,2026-07-12 16:12:42
4929,2026-07-10T03:45:00,2026-07-10T03:45:00,DK2,139.589996,1043.449179,energidataservice_auto,1,,2026-07-12 16:12:42
4932,2026-07-10T04:00:00,2026-07-10T04:00:00,DK1,146.949997,1098.465923,energidataservice_auto,1,,2026-07-12 16:12:42
4931,2026-07-10T04:00:00,2026-07-10T04:00:00,DK2,153.339996,1146.231804,energidataservice_auto,1,,2026-07-12 16:12:42
4934,2026-07-10T04:15:00,2026-07-10T04:15:00,DK1,155.830002,1164.844848,energidataservice_auto,1,,2026-07-12 16:12:42
4933,2026-07-10T04:15:00,2026-07-10T04:15:00,DK2,157.039993,1173.889652,energidataservice_auto,1,,2026-07-12 16:12:42
4936,2026-07-10T04:30:00,2026-07-10T04:30:00,DK1,152.300003,1138.457752,energidataservice_auto,1,,2026-07-12 16:12:42
4935,2026-07-10T04:30:00,2026-07-10T04:30:00,DK2,152.300003,1138.457752,energidataservice_auto,1,,2026-07-12 16:12:42
4938,2026-07-10T04:45:00,2026-07-10T04:45:00,DK1,150.080002,1121.863023,energidataservice_auto,1,,2026-07-12 16:12:42
4937,2026-07-10T04:45:00,2026-07-10T04:45:00,DK2,150.089996,1121.937729,energidataservice_auto,1,,2026-07-12 16:12:42
4940,2026-07-10T05:00:00,2026-07-10T05:00:00,DK1,161.179993,1204.836566,energidataservice_auto,1,,2026-07-12 16:12:42
4939,2026-07-10T05:00:00,2026-07-10T05:00:00,DK2,160.539993,1200.052502,energidataservice_auto,1,,2026-07-12 16:12:42
4942,2026-07-10T05:15:00,2026-07-10T05:15:00,DK1,153.350006,1146.30663,energidataservice_auto,1,,2026-07-12 16:12:42
4941,2026-07-10T05:15:00,2026-07-10T05:15:00,DK2,153.369995,1146.45605,energidataservice_auto,1,,2026-07-12 16:12:42
4944,2026-07-10T05:30:00,2026-07-10T05:30:00,DK1,144.960007,1083.590548,energidataservice_auto,1,,2026-07-12 16:12:42
4943,2026-07-10T05:30:00,2026-07-10T05:30:00,DK2,144.970001,1083.665254,energidataservice_auto,1,,2026-07-12 16:12:42
4946,2026-07-10T05:45:00,2026-07-10T05:45:00,DK1,131.919998,986.115177,energidataservice_auto,1,,2026-07-12 16:12:42
4945,2026-07-10T05:45:00,2026-07-10T05:45:00,DK2,132.419998,989.852727,energidataservice_auto,1,,2026-07-12 16:12:42
4948,2026-07-10T06:00:00,2026-07-10T06:00:00,DK1,154.669998,1156.173702,energidataservice_auto,1,,2026-07-12 16:12:42
4947,2026-07-10T06:00:00,2026-07-10T06:00:00,DK2,153.949997,1150.791623,energidataservice_auto,1,,2026-07-12 16:12:42
4950,2026-07-10T06:15:00,2026-07-10T06:15:00,DK1,140.690002,1051.671834,energidataservice_auto,1,,2026-07-12 16:12:42
4949,2026-07-10T06:15:00,2026-07-10T06:15:00,DK2,139.369995,1041.80465,energidataservice_auto,1,,2026-07-12 16:12:42
4952,2026-07-10T06:30:00,2026-07-10T06:30:00,DK1,131.0,979.2381,energidataservice_auto,1,,2026-07-12 16:12:42
4951,2026-07-10T06:30:00,2026-07-10T06:30:00,DK2,131.880005,985.816225,energidataservice_auto,1,,2026-07-12 16:12:42
4954,2026-07-10T06:45:00,2026-07-10T06:45:00,DK1,112.0,837.2112,energidataservice_auto,1,,2026-07-12 16:12:42
4953,2026-07-10T06:45:00,2026-07-10T06:45:00,DK2,123.839996,925.716354,energidataservice_auto,1,,2026-07-12 16:12:42
4956,2026-07-10T07:00:00,2026-07-10T07:00:00,DK1,138.119995,1032.460775,energidataservice_auto,1,,2026-07-12 16:12:42
4955,2026-07-10T07:00:00,2026-07-10T07:00:00,DK2,129.800003,970.268002,energidataservice_auto,1,,2026-07-12 16:12:42
4958,2026-07-10T07:15:00,2026-07-10T07:15:00,DK1,130.789993,977.668277,energidataservice_auto,1,,2026-07-12 16:12:42
4957,2026-07-10T07:15:00,2026-07-10T07:15:00,DK2,128.440002,960.101859,energidataservice_auto,1,,2026-07-12 16:12:42
4960,2026-07-10T07:30:00,2026-07-10T07:30:00,DK1,115.25,861.505275,energidataservice_auto,1,,2026-07-12 16:12:42
4959,2026-07-10T07:30:00,2026-07-10T07:30:00,DK2,117.279999,876.679721,energidataservice_auto,1,,2026-07-12 16:12:42
4962,2026-07-10T07:45:00,2026-07-10T07:45:00,DK1,104.650002,782.26923,energidataservice_auto,1,,2026-07-12 16:12:42
4961,2026-07-10T07:45:00,2026-07-10T07:45:00,DK2,105.370003,787.651309,energidataservice_auto,1,,2026-07-12 16:12:42
4964,2026-07-10T08:00:00,2026-07-10T08:00:00,DK1,113.629997,849.395591,energidataservice_auto,1,,2026-07-12 16:12:42
4963,2026-07-10T08:00:00,2026-07-10T08:00:00,DK2,111.589996,834.146379,energidataservice_auto,1,,2026-07-12 16:12:42
4966,2026-07-10T08:15:00,2026-07-10T08:15:00,DK1,109.610001,819.345718,energidataservice_auto,1,,2026-07-12 16:12:42
4965,2026-07-10T08:15:00,2026-07-10T08:15:00,DK2,108.949997,814.412123,energidataservice_auto,1,,2026-07-12 16:12:42
4968,2026-07-10T08:30:00,2026-07-10T08:30:00,DK1,94.349998,705.27567,energidataservice_auto,1,,2026-07-12 16:12:42
4967,2026-07-10T08:30:00,2026-07-10T08:30:00,DK2,94.290001,704.827186,energidataservice_auto,1,,2026-07-12 16:12:42
4970,2026-07-10T08:45:00,2026-07-10T08:45:00,DK1,84.610001,632.468218,energidataservice_auto,1,,2026-07-12 16:12:42
4969,2026-07-10T08:45:00,2026-07-10T08:45:00,DK2,84.690002,633.066234,energidataservice_auto,1,,2026-07-12 16:12:42
4972,2026-07-10T09:00:00,2026-07-10T09:00:00,DK1,89.699997,670.516448,energidataservice_auto,1,,2026-07-12 16:12:42
4971,2026-07-10T09:00:00,2026-07-10T09:00:00,DK2,89.709999,670.591214,energidataservice_auto,1,,2026-07-12 16:12:42
4974,2026-07-10T09:15:00,2026-07-10T09:15:00,DK1,82.550003,617.069527,energidataservice_auto,1,,2026-07-12 16:12:42
4973,2026-07-10T09:15:00,2026-07-10T09:15:00,DK2,82.550003,617.069527,energidataservice_auto,1,,2026-07-12 16:12:42
4976,2026-07-10T09:30:00,2026-07-10T09:30:00,DK1,75.0,560.6325,energidataservice_auto,1,,2026-07-12 16:12:42
4975,2026-07-10T09:30:00,2026-07-10T09:30:00,DK2,75.0,560.6325,energidataservice_auto,1,,2026-07-12 16:12:42
4978,2026-07-10T09:45:00,2026-07-10T09:45:00,DK1,65.709999,491.188814,energidataservice_auto,1,,2026-07-12 16:12:42
4977,2026-07-10T09:45:00,2026-07-10T09:45:00,DK2,65.879997,492.459566,energidataservice_auto,1,,2026-07-12 16:12:42
4980,2026-07-10T10:00:00,2026-07-10T10:00:00,DK1,78.199997,584.552798,energidataservice_auto,1,,2026-07-12 16:12:42
4979,2026-07-10T10:00:00,2026-07-10T10:00:00,DK2,76.800003,574.087702,energidataservice_auto,1,,2026-07-12 16:12:42
4982,2026-07-10T10:15:00,2026-07-10T10:15:00,DK1,66.879997,499.934666,energidataservice_auto,1,,2026-07-12 16:12:42
4981,2026-07-10T10:15:00,2026-07-10T10:15:00,DK2,65.68,490.964568,energidataservice_auto,1,,2026-07-12 16:12:42
4984,2026-07-10T10:30:00,2026-07-10T10:30:00,DK1,52.740002,394.236789,energidataservice_auto,1,,2026-07-12 16:12:42
4983,2026-07-10T10:30:00,2026-07-10T10:30:00,DK2,52.740002,394.236789,energidataservice_auto,1,,2026-07-12 16:12:42
4986,2026-07-10T10:45:00,2026-07-10T10:45:00,DK1,40.02,299.153502,energidataservice_auto,1,,2026-07-12 16:12:42
4985,2026-07-10T10:45:00,2026-07-10T10:45:00,DK2,40.0,299.004,energidataservice_auto,1,,2026-07-12 16:12:42
4988,2026-07-10T11:00:00,2026-07-10T11:00:00,DK1,43.439999,324.718337,energidataservice_auto,1,,2026-07-12 16:12:42
4987,2026-07-10T11:00:00,2026-07-10T11:00:00,DK2,43.490002,325.092114,energidataservice_auto,1,,2026-07-12 16:12:42
4990,2026-07-10T11:15:00,2026-07-10T11:15:00,DK1,39.0,291.5289,energidataservice_auto,1,,2026-07-12 16:12:42
4989,2026-07-10T11:15:00,2026-07-10T11:15:00,DK2,39.27,293.547177,energidataservice_auto,1,,2026-07-12 16:12:42
4992,2026-07-10T11:30:00,2026-07-10T11:30:00,DK1,37.0,276.5787,energidataservice_auto,1,,2026-07-12 16:12:42
4991,2026-07-10T11:30:00,2026-07-10T11:30:00,DK2,37.209999,278.148464,energidataservice_auto,1,,2026-07-12 16:12:42
4994,2026-07-10T11:45:00,2026-07-10T11:45:00,DK1,30.0,224.253,energidataservice_auto,1,,2026-07-12 16:12:42
4993,2026-07-10T11:45:00,2026-07-10T11:45:00,DK2,30.15,225.374265,energidataservice_auto,1,,2026-07-12 16:12:42
4996,2026-07-10T12:00:00,2026-07-10T12:00:00,DK1,38.900002,290.781405,energidataservice_auto,1,,2026-07-12 16:12:42
4995,2026-07-10T12:00:00,2026-07-10T12:00:00,DK2,39.02,291.678402,energidataservice_auto,1,,2026-07-12 16:12:42
4998,2026-07-10T12:15:00,2026-07-10T12:15:00,DK1,40.0,299.004,energidataservice_auto,1,,2026-07-12 16:12:42
4997,2026-07-10T12:15:00,2026-07-10T12:15:00,DK2,40.07,299.527257,energidataservice_auto,1,,2026-07-12 16:12:42
5000,2026-07-10T12:30:00,2026-07-10T12:30:00,DK1,42.91,320.756541,energidataservice_auto,1,,2026-07-12 16:12:42
4999,2026-07-10T12:30:00,2026-07-10T12:30:00,DK2,43.049999,321.803048,energidataservice_auto,1,,2026-07-12 16:12:42
5002,2026-07-10T12:45:00,2026-07-10T12:45:00,DK1,41.990002,313.879464,energidataservice_auto,1,,2026-07-12 16:12:42
5001,2026-07-10T12:45:00,2026-07-10T12:45:00,DK2,42.110001,314.776468,energidataservice_auto,1,,2026-07-12 16:12:42
5004,2026-07-10T13:00:00,2026-07-10T13:00:00,DK1,46.23,345.573873,energidataservice_auto,1,,2026-07-12 16:12:42
5003,2026-07-10T13:00:00,2026-07-10T13:00:00,DK2,46.150002,344.97588,energidataservice_auto,1,,2026-07-12 16:12:42
5006,2026-07-10T13:15:00,2026-07-10T13:15:00,DK1,55.830002,417.334848,energidataservice_auto,1,,2026-07-12 16:12:42
5005,2026-07-10T13:15:00,2026-07-10T13:15:00,DK2,55.830002,417.334848,energidataservice_auto,1,,2026-07-12 16:12:42
5008,2026-07-10T13:30:00,2026-07-10T13:30:00,DK1,65.809998,491.936316,energidataservice_auto,1,,2026-07-12 16:12:42
5007,2026-07-10T13:30:00,2026-07-10T13:30:00,DK2,65.809998,491.936316,energidataservice_auto,1,,2026-07-12 16:12:42
5010,2026-07-10T13:45:00,2026-07-10T13:45:00,DK1,80.529999,601.969796,energidataservice_auto,1,,2026-07-12 16:12:42
5009,2026-07-10T13:45:00,2026-07-10T13:45:00,DK2,80.529999,601.969796,energidataservice_auto,1,,2026-07-12 16:12:42
5012,2026-07-10T14:00:00,2026-07-10T14:00:00,DK1,61.200001,457.476127,energidataservice_auto,1,,2026-07-12 16:12:42
5011,2026-07-10T14:00:00,2026-07-10T14:00:00,DK2,61.200001,457.476127,energidataservice_auto,1,,2026-07-12 16:12:42
5014,2026-07-10T14:15:00,2026-07-10T14:15:00,DK1,83.110001,621.255568,energidataservice_auto,1,,2026-07-12 16:12:42
5013,2026-07-10T14:15:00,2026-07-10T14:15:00,DK2,83.120003,621.330334,energidataservice_auto,1,,2026-07-12 16:12:42
5016,2026-07-10T14:30:00,2026-07-10T14:30:00,DK1,97.099998,725.832195,energidataservice_auto,1,,2026-07-12 16:12:42
5015,2026-07-10T14:30:00,2026-07-10T14:30:00,DK2,97.110001,725.906968,energidataservice_auto,1,,2026-07-12 16:12:42
5018,2026-07-10T14:45:00,2026-07-10T14:45:00,DK1,112.139999,838.257707,energidataservice_auto,1,,2026-07-12 16:12:42
5017,2026-07-10T14:45:00,2026-07-10T14:45:00,DK2,112.269997,839.229455,energidataservice_auto,1,,2026-07-12 16:12:42
5020,2026-07-10T15:00:00,2026-07-10T15:00:00,DK1,103.629997,774.644591,energidataservice_auto,1,,2026-07-12 16:12:42
5019,2026-07-10T15:00:00,2026-07-10T15:00:00,DK2,105.540001,788.922061,energidataservice_auto,1,,2026-07-12 16:12:42
5022,2026-07-10T15:15:00,2026-07-10T15:15:00,DK1,106.550003,796.471927,energidataservice_auto,1,,2026-07-12 16:12:42
5021,2026-07-10T15:15:00,2026-07-10T15:15:00,DK2,108.690002,812.468634,energidataservice_auto,1,,2026-07-12 16:12:42
5024,2026-07-10T15:30:00,2026-07-10T15:30:00,DK1,117.589996,878.996979,energidataservice_auto,1,,2026-07-12 16:12:42
5023,2026-07-10T15:30:00,2026-07-10T15:30:00,DK2,119.769997,895.292705,energidataservice_auto,1,,2026-07-12 16:12:42
5026,2026-07-10T15:45:00,2026-07-10T15:45:00,DK1,128.600006,961.297905,energidataservice_auto,1,,2026-07-12 16:12:42
5025,2026-07-10T15:45:00,2026-07-10T15:45:00,DK2,128.529999,960.774596,energidataservice_auto,1,,2026-07-12 16:12:42
5028,2026-07-10T16:00:00,2026-07-10T16:00:00,DK1,109.370003,817.551709,energidataservice_auto,1,,2026-07-12 16:12:42
5027,2026-07-10T16:00:00,2026-07-10T16:00:00,DK2,114.190002,853.581684,energidataservice_auto,1,,2026-07-12 16:12:42
5030,2026-07-10T16:15:00,2026-07-10T16:15:00,DK1,121.18,905.832618,energidataservice_auto,1,,2026-07-12 16:12:42
5029,2026-07-10T16:15:00,2026-07-10T16:15:00,DK2,126.029999,942.086846,energidataservice_auto,1,,2026-07-12 16:12:42
5032,2026-07-10T16:30:00,2026-07-10T16:30:00,DK1,138.759995,1037.244839,energidataservice_auto,1,,2026-07-12 16:12:42
5031,2026-07-10T16:30:00,2026-07-10T16:30:00,DK2,138.830002,1037.768148,energidataservice_auto,1,,2026-07-12 16:12:42
5034,2026-07-10T16:45:00,2026-07-10T16:45:00,DK1,145.490005,1087.552336,energidataservice_auto,1,,2026-07-12 16:12:42
5033,2026-07-10T16:45:00,2026-07-10T16:45:00,DK2,145.830002,1090.093848,energidataservice_auto,1,,2026-07-12 16:12:42
5036,2026-07-10T17:00:00,2026-07-10T17:00:00,DK1,143.289993,1071.107027,energidataservice_auto,1,,2026-07-12 16:12:42
5035,2026-07-10T17:00:00,2026-07-10T17:00:00,DK2,144.389999,1079.329682,energidataservice_auto,1,,2026-07-12 16:12:42
5038,2026-07-10T17:15:00,2026-07-10T17:15:00,DK1,151.050003,1129.113877,energidataservice_auto,1,,2026-07-12 16:12:42
5037,2026-07-10T17:15:00,2026-07-10T17:15:00,DK2,151.029999,1128.964346,energidataservice_auto,1,,2026-07-12 16:12:42
5040,2026-07-10T17:30:00,2026-07-10T17:30:00,DK1,175.0,1308.1425,energidataservice_auto,1,,2026-07-12 16:12:42
5039,2026-07-10T17:30:00,2026-07-10T17:30:00,DK2,174.550003,1304.778727,energidataservice_auto,1,,2026-07-12 16:12:42
5042,2026-07-10T17:45:00,2026-07-10T17:45:00,DK1,192.009995,1435.293914,energidataservice_auto,1,,2026-07-12 16:12:42
5041,2026-07-10T17:45:00,2026-07-10T17:45:00,DK2,191.419998,1430.883627,energidataservice_auto,1,,2026-07-12 16:12:42
5044,2026-07-10T18:00:00,2026-07-10T18:00:00,DK1,176.809998,1321.672416,energidataservice_auto,1,,2026-07-12 16:12:42
5043,2026-07-10T18:00:00,2026-07-10T18:00:00,DK2,176.429993,1318.831841,energidataservice_auto,1,,2026-07-12 16:12:42
5046,2026-07-10T18:15:00,2026-07-10T18:15:00,DK1,184.240005,1377.212461,energidataservice_auto,1,,2026-07-12 16:12:42
5045,2026-07-10T18:15:00,2026-07-10T18:15:00,DK2,183.889999,1374.596132,energidataservice_auto,1,,2026-07-12 16:12:42
5048,2026-07-10T18:30:00,2026-07-10T18:30:00,DK1,193.289993,1444.862027,energidataservice_auto,1,,2026-07-12 16:12:42
5047,2026-07-10T18:30:00,2026-07-10T18:30:00,DK2,192.970001,1442.470054,energidataservice_auto,1,,2026-07-12 16:12:42
5050,2026-07-10T18:45:00,2026-07-10T18:45:00,DK1,195.220001,1459.289029,energidataservice_auto,1,,2026-07-12 16:12:42
5049,2026-07-10T18:45:00,2026-07-10T18:45:00,DK2,194.910004,1456.971771,energidataservice_auto,1,,2026-07-12 16:12:42
5052,2026-07-10T19:00:00,2026-07-10T19:00:00,DK1,190.149994,1421.39022,energidataservice_auto,1,,2026-07-12 16:12:42
5051,2026-07-10T19:00:00,2026-07-10T19:00:00,DK2,189.889999,1419.446732,energidataservice_auto,1,,2026-07-12 16:12:42
5054,2026-07-10T19:15:00,2026-07-10T19:15:00,DK1,179.229996,1339.762143,energidataservice_auto,1,,2026-07-12 16:12:42
5053,2026-07-10T19:15:00,2026-07-10T19:15:00,DK2,179.100006,1338.790455,energidataservice_auto,1,,2026-07-12 16:12:42
5056,2026-07-10T19:30:00,2026-07-10T19:30:00,DK1,170.0,1270.767,energidataservice_auto,1,,2026-07-12 16:12:42
5055,2026-07-10T19:30:00,2026-07-10T19:30:00,DK2,170.0,1270.767,energidataservice_auto,1,,2026-07-12 16:12:42
5058,2026-07-10T19:45:00,2026-07-10T19:45:00,DK1,168.559998,1260.002841,energidataservice_auto,1,,2026-07-12 16:12:42
5057,2026-07-10T19:45:00,2026-07-10T19:45:00,DK2,168.570007,1260.077659,energidataservice_auto,1,,2026-07-12 16:12:42
5060,2026-07-10T20:00:00,2026-07-10T20:00:00,DK1,172.699997,1290.949748,energidataservice_auto,1,,2026-07-12 16:12:42
5059,2026-07-10T20:00:00,2026-07-10T20:00:00,DK2,172.710007,1291.024573,energidataservice_auto,1,,2026-07-12 16:12:42
5062,2026-07-10T20:15:00,2026-07-10T20:15:00,DK1,169.160004,1264.487946,energidataservice_auto,1,,2026-07-12 16:12:42
5061,2026-07-10T20:15:00,2026-07-10T20:15:00,DK2,169.169998,1264.562652,energidataservice_auto,1,,2026-07-12 16:12:42
5064,2026-07-10T20:30:00,2026-07-10T20:30:00,DK1,168.550003,1259.928127,energidataservice_auto,1,,2026-07-12 16:12:42
5063,2026-07-10T20:30:00,2026-07-10T20:30:00,DK2,168.559998,1260.002841,energidataservice_auto,1,,2026-07-12 16:12:42
6078,2026-07-10T20:45:00,2026-07-10T20:45:00,DK1,161.589996,1207.901379,energidataservice_auto,1,,2026-07-12 16:14:57
6077,2026-07-10T20:45:00,2026-07-10T20:45:00,DK2,161.600006,1207.976205,energidataservice_auto,1,,2026-07-12 16:14:57
6080,2026-07-10T21:00:00,2026-07-10T21:00:00,DK1,162.259995,1212.909689,energidataservice_auto,1,,2026-07-12 16:14:57
6079,2026-07-10T21:00:00,2026-07-10T21:00:00,DK2,162.259995,1212.909689,energidataservice_auto,1,,2026-07-12 16:14:57
6082,2026-07-10T21:15:00,2026-07-10T21:15:00,DK1,156.320007,1168.507684,energidataservice_auto,1,,2026-07-12 16:14:57
6081,2026-07-10T21:15:00,2026-07-10T21:15:00,DK2,156.330002,1168.582398,energidataservice_auto,1,,2026-07-12 16:14:57
6084,2026-07-10T21:30:00,2026-07-10T21:30:00,DK1,153.369995,1146.45605,energidataservice_auto,1,,2026-07-12 16:14:57
6083,2026-07-10T21:30:00,2026-07-10T21:30:00,DK2,153.380005,1146.530875,energidataservice_auto,1,,2026-07-12 16:14:57
6086,2026-07-10T21:45:00,2026-07-10T21:45:00,DK1,145.899994,1090.617045,energidataservice_auto,1,,2026-07-12 16:14:57
6085,2026-07-10T21:45:00,2026-07-10T21:45:00,DK2,145.910004,1090.691871,energidataservice_auto,1,,2026-07-12 16:14:57
6088,2026-07-10T22:00:00,2026-07-10T22:00:00,DK1,160.309998,1198.333266,energidataservice_auto,1,,2026-07-12 16:14:57
6087,2026-07-10T22:00:00,2026-07-10T22:00:00,DK2,144.429993,1079.628641,energidataservice_auto,1,,2026-07-12 16:14:57
6090,2026-07-10T22:15:00,2026-07-10T22:15:00,DK1,153.690002,1148.848134,energidataservice_auto,1,,2026-07-12 16:14:57
6089,2026-07-10T22:15:00,2026-07-10T22:15:00,DK2,150.929993,1128.216791,energidataservice_auto,1,,2026-07-12 16:14:57
6092,2026-07-10T22:30:00,2026-07-10T22:30:00,DK1,146.080002,1091.962623,energidataservice_auto,1,,2026-07-12 16:14:57
6091,2026-07-10T22:30:00,2026-07-10T22:30:00,DK2,145.800003,1089.869602,energidataservice_auto,1,,2026-07-12 16:14:57
6094,2026-07-10T22:45:00,2026-07-10T22:45:00,DK1,141.509995,1057.801364,energidataservice_auto,1,,2026-07-12 16:14:57
6093,2026-07-10T22:45:00,2026-07-10T22:45:00,DK2,141.279999,1056.082121,energidataservice_auto,1,,2026-07-12 16:14:57
6096,2026-07-10T23:00:00,2026-07-10T23:00:00,DK1,145.229996,1085.608743,energidataservice_auto,1,,2026-07-12 16:14:57
6095,2026-07-10T23:00:00,2026-07-10T23:00:00,DK2,144.929993,1083.366191,energidataservice_auto,1,,2026-07-12 16:14:57
6098,2026-07-10T23:15:00,2026-07-10T23:15:00,DK1,145.0,1083.8895,energidataservice_auto,1,,2026-07-12 16:14:57
6097,2026-07-10T23:15:00,2026-07-10T23:15:00,DK2,145.009995,1083.964214,energidataservice_auto,1,,2026-07-12 16:14:57
6100,2026-07-10T23:30:00,2026-07-10T23:30:00,DK1,144.979996,1083.739968,energidataservice_auto,1,,2026-07-12 16:14:57
6099,2026-07-10T23:30:00,2026-07-10T23:30:00,DK2,144.990005,1083.814786,energidataservice_auto,1,,2026-07-12 16:14:57
6102,2026-07-10T23:45:00,2026-07-10T23:45:00,DK1,140.410004,1049.578821,energidataservice_auto,1,,2026-07-12 16:14:57
6101,2026-07-10T23:45:00,2026-07-10T23:45:00,DK2,140.419998,1049.653527,energidataservice_auto,1,,2026-07-12 16:14:57
6104,2026-07-11T00:00:00,2026-07-11T00:00:00,DK1,143.350006,1071.55563,energidataservice_auto,1,,2026-07-12 16:14:57
6103,2026-07-11T00:00:00,2026-07-11T00:00:00,DK2,143.229996,1070.658543,energidataservice_auto,1,,2026-07-12 16:14:57
6106,2026-07-11T00:15:00,2026-07-11T00:15:00,DK1,140.710007,1051.821373,energidataservice_auto,1,,2026-07-12 16:14:57
6105,2026-07-11T00:15:00,2026-07-11T00:15:00,DK2,140.710007,1051.821373,energidataservice_auto,1,,2026-07-12 16:14:57
6108,2026-07-11T00:30:00,2026-07-11T00:30:00,DK1,139.990005,1046.439286,energidataservice_auto,1,,2026-07-12 16:14:57
6107,2026-07-11T00:30:00,2026-07-11T00:30:00,DK2,139.820007,1045.168534,energidataservice_auto,1,,2026-07-12 16:14:57
6110,2026-07-11T00:45:00,2026-07-11T00:45:00,DK1,140.279999,1048.607021,energidataservice_auto,1,,2026-07-12 16:14:57
6109,2026-07-11T00:45:00,2026-07-11T00:45:00,DK2,139.860001,1045.467493,energidataservice_auto,1,,2026-07-12 16:14:57
6112,2026-07-11T01:00:00,2026-07-11T01:00:00,DK1,141.100006,1054.736655,energidataservice_auto,1,,2026-07-12 16:14:57
6111,2026-07-11T01:00:00,2026-07-11T01:00:00,DK2,140.960007,1053.690148,energidataservice_auto,1,,2026-07-12 16:14:57
6114,2026-07-11T01:15:00,2026-07-11T01:15:00,DK1,141.779999,1059.819671,energidataservice_auto,1,,2026-07-12 16:14:57
6113,2026-07-11T01:15:00,2026-07-11T01:15:00,DK2,141.320007,1056.381184,energidataservice_auto,1,,2026-07-12 16:14:57
6116,2026-07-11T01:30:00,2026-07-11T01:30:00,DK1,140.710007,1051.821373,energidataservice_auto,1,,2026-07-12 16:14:57
6115,2026-07-11T01:30:00,2026-07-11T01:30:00,DK2,140.279999,1048.607021,energidataservice_auto,1,,2026-07-12 16:14:57
6118,2026-07-11T01:45:00,2026-07-11T01:45:00,DK1,138.830002,1037.768148,energidataservice_auto,1,,2026-07-12 16:14:57
6117,2026-07-11T01:45:00,2026-07-11T01:45:00,DK2,138.699997,1036.796348,energidataservice_auto,1,,2026-07-12 16:14:57
6120,2026-07-11T02:00:00,2026-07-11T02:00:00,DK1,142.429993,1064.678441,energidataservice_auto,1,,2026-07-12 16:14:57
6119,2026-07-11T02:00:00,2026-07-11T02:00:00,DK2,142.050003,1061.837977,energidataservice_auto,1,,2026-07-12 16:14:57
6122,2026-07-11T02:15:00,2026-07-11T02:15:00,DK1,144.570007,1080.675259,energidataservice_auto,1,,2026-07-12 16:14:57
6121,2026-07-11T02:15:00,2026-07-11T02:15:00,DK2,144.080002,1077.012423,energidataservice_auto,1,,2026-07-12 16:14:57
6124,2026-07-11T02:30:00,2026-07-11T02:30:00,DK1,137.509995,1027.900964,energidataservice_auto,1,,2026-07-12 16:14:57
6123,2026-07-11T02:30:00,2026-07-11T02:30:00,DK2,137.210007,1025.658523,energidataservice_auto,1,,2026-07-12 16:14:57
6126,2026-07-11T02:45:00,2026-07-11T02:45:00,DK1,137.059998,1024.537191,energidataservice_auto,1,,2026-07-12 16:14:57
6125,2026-07-11T02:45:00,2026-07-11T02:45:00,DK2,137.0,1024.0887,energidataservice_auto,1,,2026-07-12 16:14:57
6128,2026-07-11T03:00:00,2026-07-11T03:00:00,DK1,141.440002,1057.278159,energidataservice_auto,1,,2026-07-12 16:14:57
6127,2026-07-11T03:00:00,2026-07-11T03:00:00,DK2,140.990005,1053.914386,energidataservice_auto,1,,2026-07-12 16:14:57
6130,2026-07-11T03:15:00,2026-07-11T03:15:00,DK1,138.630005,1036.27315,energidataservice_auto,1,,2026-07-12 16:14:57
6129,2026-07-11T03:15:00,2026-07-11T03:15:00,DK2,138.309998,1033.881066,energidataservice_auto,1,,2026-07-12 16:14:57
6132,2026-07-11T03:30:00,2026-07-11T03:30:00,DK1,139.830002,1045.243248,energidataservice_auto,1,,2026-07-12 16:14:57
6131,2026-07-11T03:30:00,2026-07-11T03:30:00,DK2,139.210007,1040.608723,energidataservice_auto,1,,2026-07-12 16:14:57
6134,2026-07-11T03:45:00,2026-07-11T03:45:00,DK1,135.669998,1014.146802,energidataservice_auto,1,,2026-07-12 16:14:57
6133,2026-07-11T03:45:00,2026-07-11T03:45:00,DK2,135.220001,1010.783029,energidataservice_auto,1,,2026-07-12 16:14:57
6136,2026-07-11T04:00:00,2026-07-11T04:00:00,DK1,146.520004,1095.251682,energidataservice_auto,1,,2026-07-12 16:14:57
6135,2026-07-11T04:00:00,2026-07-11T04:00:00,DK2,145.850006,1090.24338,energidataservice_auto,1,,2026-07-12 16:14:57
6138,2026-07-11T04:15:00,2026-07-11T04:15:00,DK1,141.160004,1055.185146,energidataservice_auto,1,,2026-07-12 16:14:57
6137,2026-07-11T04:15:00,2026-07-11T04:15:00,DK2,140.830002,1052.718348,energidataservice_auto,1,,2026-07-12 16:14:57
6140,2026-07-11T04:30:00,2026-07-11T04:30:00,DK1,131.600006,983.723205,energidataservice_auto,1,,2026-07-12 16:14:57
6139,2026-07-11T04:30:00,2026-07-11T04:30:00,DK2,131.600006,983.723205,energidataservice_auto,1,,2026-07-12 16:14:57
6142,2026-07-11T04:45:00,2026-07-11T04:45:00,DK1,126.339996,944.404104,energidataservice_auto,1,,2026-07-12 16:14:57
6141,2026-07-11T04:45:00,2026-07-11T04:45:00,DK2,126.07,942.385857,energidataservice_auto,1,,2026-07-12 16:14:57
6144,2026-07-11T05:00:00,2026-07-11T05:00:00,DK1,131.660004,984.171696,energidataservice_auto,1,,2026-07-12 16:14:57
6143,2026-07-11T05:00:00,2026-07-11T05:00:00,DK2,131.610001,983.797918,energidataservice_auto,1,,2026-07-12 16:14:57
6146,2026-07-11T05:15:00,2026-07-11T05:15:00,DK1,126.889999,948.515432,energidataservice_auto,1,,2026-07-12 16:14:57
6145,2026-07-11T05:15:00,2026-07-11T05:15:00,DK2,126.389999,944.777882,energidataservice_auto,1,,2026-07-12 16:14:57
6148,2026-07-11T05:30:00,2026-07-11T05:30:00,DK1,122.010002,912.036966,energidataservice_auto,1,,2026-07-12 16:14:57
6147,2026-07-11T05:30:00,2026-07-11T05:30:00,DK2,122.18,913.307718,energidataservice_auto,1,,2026-07-12 16:14:57
6150,2026-07-11T05:45:00,2026-07-11T05:45:00,DK1,115.629997,864.345791,energidataservice_auto,1,,2026-07-12 16:14:57
6149,2026-07-11T05:45:00,2026-07-11T05:45:00,DK2,116.830002,873.315948,energidataservice_auto,1,,2026-07-12 16:14:57
6152,2026-07-11T06:00:00,2026-07-11T06:00:00,DK1,142.160004,1062.660246,energidataservice_auto,1,,2026-07-12 16:14:57
6151,2026-07-11T06:00:00,2026-07-11T06:00:00,DK2,139.610001,1043.598718,energidataservice_auto,1,,2026-07-12 16:14:57
6154,2026-07-11T06:15:00,2026-07-11T06:15:00,DK1,123.949997,926.538623,energidataservice_auto,1,,2026-07-12 16:14:57
6153,2026-07-11T06:15:00,2026-07-11T06:15:00,DK2,123.959999,926.613389,energidataservice_auto,1,,2026-07-12 16:14:57
6156,2026-07-11T06:30:00,2026-07-11T06:30:00,DK1,105.790001,790.790836,energidataservice_auto,1,,2026-07-12 16:14:57
6155,2026-07-11T06:30:00,2026-07-11T06:30:00,DK2,105.919998,791.762577,energidataservice_auto,1,,2026-07-12 16:14:57
6158,2026-07-11T06:45:00,2026-07-11T06:45:00,DK1,89.910004,672.086271,energidataservice_auto,1,,2026-07-12 16:14:57
6157,2026-07-11T06:45:00,2026-07-11T06:45:00,DK2,89.970001,672.534754,energidataservice_auto,1,,2026-07-12 16:14:57
6160,2026-07-11T07:00:00,2026-07-11T07:00:00,DK1,107.07,800.358957,energidataservice_auto,1,,2026-07-12 16:14:57
6159,2026-07-11T07:00:00,2026-07-11T07:00:00,DK2,107.080002,800.433723,energidataservice_auto,1,,2026-07-12 16:14:57
6162,2026-07-11T07:15:00,2026-07-11T07:15:00,DK1,92.279999,689.802221,energidataservice_auto,1,,2026-07-12 16:14:57
6161,2026-07-11T07:15:00,2026-07-11T07:15:00,DK2,92.029999,687.933446,energidataservice_auto,1,,2026-07-12 16:14:57
6164,2026-07-11T07:30:00,2026-07-11T07:30:00,DK1,67.550003,504.943027,energidataservice_auto,1,,2026-07-12 16:14:57
6163,2026-07-11T07:30:00,2026-07-11T07:30:00,DK2,67.730003,506.288545,energidataservice_auto,1,,2026-07-12 16:14:57
6166,2026-07-11T07:45:00,2026-07-11T07:45:00,DK1,29.52,220.664952,energidataservice_auto,1,,2026-07-12 16:14:57
6165,2026-07-11T07:45:00,2026-07-11T07:45:00,DK2,29.32,219.169932,energidataservice_auto,1,,2026-07-12 16:14:57
6168,2026-07-11T08:00:00,2026-07-11T08:00:00,DK1,40.0,299.004,energidataservice_auto,1,,2026-07-12 16:14:57
6167,2026-07-11T08:00:00,2026-07-11T08:00:00,DK2,39.009998,291.603636,energidataservice_auto,1,,2026-07-12 16:14:57
6170,2026-07-11T08:15:00,2026-07-11T08:15:00,DK1,18.09,135.224559,energidataservice_auto,1,,2026-07-12 16:14:57
6169,2026-07-11T08:15:00,2026-07-11T08:15:00,DK2,18.690001,139.709626,energidataservice_auto,1,,2026-07-12 16:14:57
6172,2026-07-11T08:30:00,2026-07-11T08:30:00,DK1,5.31,39.692781,energidataservice_auto,1,,2026-07-12 16:14:57
6171,2026-07-11T08:30:00,2026-07-11T08:30:00,DK2,5.83,43.579833,energidataservice_auto,1,,2026-07-12 16:14:57
6174,2026-07-11T08:45:00,2026-07-11T08:45:00,DK1,4.1,30.64791,energidataservice_auto,1,,2026-07-12 16:14:57
6173,2026-07-11T08:45:00,2026-07-11T08:45:00,DK2,4.69,35.058219,energidataservice_auto,1,,2026-07-12 16:14:57
6176,2026-07-11T09:00:00,2026-07-11T09:00:00,DK1,8.0,59.8008,energidataservice_auto,1,,2026-07-12 16:14:57
6175,2026-07-11T09:00:00,2026-07-11T09:00:00,DK2,10.97,82.001847,energidataservice_auto,1,,2026-07-12 16:14:57
6178,2026-07-11T09:15:00,2026-07-11T09:15:00,DK1,7.99,59.726049,energidataservice_auto,1,,2026-07-12 16:14:57
6177,2026-07-11T09:15:00,2026-07-11T09:15:00,DK2,9.99,74.676249,energidataservice_auto,1,,2026-07-12 16:14:57
6180,2026-07-11T09:30:00,2026-07-11T09:30:00,DK1,6.32,47.242632,energidataservice_auto,1,,2026-07-12 16:14:57
6179,2026-07-11T09:30:00,2026-07-11T09:30:00,DK2,10.3,76.99353,energidataservice_auto,1,,2026-07-12 16:14:57
6182,2026-07-11T09:45:00,2026-07-11T09:45:00,DK1,6.31,47.167881,energidataservice_auto,1,,2026-07-12 16:14:57
6181,2026-07-11T09:45:00,2026-07-11T09:45:00,DK2,9.41,70.340691,energidataservice_auto,1,,2026-07-12 16:14:57
6184,2026-07-11T10:00:00,2026-07-11T10:00:00,DK1,7.5,56.06325,energidataservice_auto,1,,2026-07-12 16:14:57
6183,2026-07-11T10:00:00,2026-07-11T10:00:00,DK2,13.86,103.604886,energidataservice_auto,1,,2026-07-12 16:14:57
6186,2026-07-11T10:15:00,2026-07-11T10:15:00,DK1,6.68,49.933668,energidataservice_auto,1,,2026-07-12 16:14:57
6185,2026-07-11T10:15:00,2026-07-11T10:15:00,DK2,10.3,76.99353,energidataservice_auto,1,,2026-07-12 16:14:57
6188,2026-07-11T10:30:00,2026-07-11T10:30:00,DK1,6.31,47.167881,energidataservice_auto,1,,2026-07-12 16:14:57
6187,2026-07-11T10:30:00,2026-07-11T10:30:00,DK2,10.02,74.900502,energidataservice_auto,1,,2026-07-12 16:14:57
6190,2026-07-11T10:45:00,2026-07-11T10:45:00,DK1,6.31,47.167881,energidataservice_auto,1,,2026-07-12 16:14:57
6189,2026-07-11T10:45:00,2026-07-11T10:45:00,DK2,9.33,69.742683,energidataservice_auto,1,,2026-07-12 16:14:57
6192,2026-07-11T11:00:00,2026-07-11T11:00:00,DK1,6.31,47.167881,energidataservice_auto,1,,2026-07-12 16:14:57
6191,2026-07-11T11:00:00,2026-07-11T11:00:00,DK2,12.08,90.299208,energidataservice_auto,1,,2026-07-12 16:14:57
6194,2026-07-11T11:15:00,2026-07-11T11:15:00,DK1,6.31,47.167881,energidataservice_auto,1,,2026-07-12 16:14:57
6193,2026-07-11T11:15:00,2026-07-11T11:15:00,DK2,9.99,74.676249,energidataservice_auto,1,,2026-07-12 16:14:57
6196,2026-07-11T11:30:00,2026-07-11T11:30:00,DK1,5.58,41.711058,energidataservice_auto,1,,2026-07-12 16:14:57
6195,2026-07-11T11:30:00,2026-07-11T11:30:00,DK2,9.69,72.433719,energidataservice_auto,1,,2026-07-12 16:14:57
6198,2026-07-11T11:45:00,2026-07-11T11:45:00,DK1,5.0,37.3755,energidataservice_auto,1,,2026-07-12 16:14:57
6197,2026-07-11T11:45:00,2026-07-11T11:45:00,DK2,8.09,60.473559,energidataservice_auto,1,,2026-07-12 16:14:57
6200,2026-07-11T12:00:00,2026-07-11T12:00:00,DK1,6.31,47.167881,energidataservice_auto,1,,2026-07-12 16:14:57
6199,2026-07-11T12:00:00,2026-07-11T12:00:00,DK2,10.0,74.751,energidataservice_auto,1,,2026-07-12 16:14:57
6202,2026-07-11T12:15:00,2026-07-11T12:15:00,DK1,4.99,37.300749,energidataservice_auto,1,,2026-07-12 16:14:57
6201,2026-07-11T12:15:00,2026-07-11T12:15:00,DK2,9.7,72.50847,energidataservice_auto,1,,2026-07-12 16:14:57
6204,2026-07-11T12:30:00,2026-07-11T12:30:00,DK1,4.99,37.300749,energidataservice_auto,1,,2026-07-12 16:14:57
6203,2026-07-11T12:30:00,2026-07-11T12:30:00,DK2,9.11,68.098161,energidataservice_auto,1,,2026-07-12 16:14:57
6206,2026-07-11T12:45:00,2026-07-11T12:45:00,DK1,4.1,30.64791,energidataservice_auto,1,,2026-07-12 16:14:57
6205,2026-07-11T12:45:00,2026-07-11T12:45:00,DK2,8.23,61.520073,energidataservice_auto,1,,2026-07-12 16:14:57
6208,2026-07-11T13:00:00,2026-07-11T13:00:00,DK1,4.28,31.993428,energidataservice_auto,1,,2026-07-12 16:14:57
6207,2026-07-11T13:00:00,2026-07-11T13:00:00,DK2,8.86,66.229386,energidataservice_auto,1,,2026-07-12 16:14:57
6210,2026-07-11T13:15:00,2026-07-11T13:15:00,DK1,4.49,33.563199,energidataservice_auto,1,,2026-07-12 16:14:57
6209,2026-07-11T13:15:00,2026-07-11T13:15:00,DK2,8.12,60.697812,energidataservice_auto,1,,2026-07-12 16:14:57
6212,2026-07-11T13:30:00,2026-07-11T13:30:00,DK1,5.14,38.422014,energidataservice_auto,1,,2026-07-12 16:14:57
6211,2026-07-11T13:30:00,2026-07-11T13:30:00,DK2,8.72,65.182872,energidataservice_auto,1,,2026-07-12 16:14:57
6214,2026-07-11T13:45:00,2026-07-11T13:45:00,DK1,6.31,47.167881,energidataservice_auto,1,,2026-07-12 16:14:57
6213,2026-07-11T13:45:00,2026-07-11T13:45:00,DK2,6.64,49.634664,energidataservice_auto,1,,2026-07-12 16:14:57
6216,2026-07-11T14:00:00,2026-07-11T14:00:00,DK1,3.4,25.41534,energidataservice_auto,1,,2026-07-12 16:14:57
6215,2026-07-11T14:00:00,2026-07-11T14:00:00,DK2,6.78,50.681178,energidataservice_auto,1,,2026-07-12 16:14:57
6218,2026-07-11T14:15:00,2026-07-11T14:15:00,DK1,4.1,30.64791,energidataservice_auto,1,,2026-07-12 16:14:57
6217,2026-07-11T14:15:00,2026-07-11T14:15:00,DK2,8.57,64.061607,energidataservice_auto,1,,2026-07-12 16:14:57
6220,2026-07-11T14:30:00,2026-07-11T14:30:00,DK1,5.3,39.61803,energidataservice_auto,1,,2026-07-12 16:14:57
6219,2026-07-11T14:30:00,2026-07-11T14:30:00,DK2,8.47,63.314097,energidataservice_auto,1,,2026-07-12 16:14:57
6222,2026-07-11T14:45:00,2026-07-11T14:45:00,DK1,25.23,188.596773,energidataservice_auto,1,,2026-07-12 16:14:57
6221,2026-07-11T14:45:00,2026-07-11T14:45:00,DK2,25.74,192.409074,energidataservice_auto,1,,2026-07-12 16:14:57
6224,2026-07-11T15:00:00,2026-07-11T15:00:00,DK1,14.58,108.986958,energidataservice_auto,1,,2026-07-12 16:14:57
6223,2026-07-11T15:00:00,2026-07-11T15:00:00,DK2,14.8,110.63148,energidataservice_auto,1,,2026-07-12 16:14:57
6226,2026-07-11T15:15:00,2026-07-11T15:15:00,DK1,67.190002,502.251984,energidataservice_auto,1,,2026-07-12 16:14:57
6225,2026-07-11T15:15:00,2026-07-11T15:15:00,DK2,67.5,504.56925,energidataservice_auto,1,,2026-07-12 16:14:57
6228,2026-07-11T15:30:00,2026-07-11T15:30:00,DK1,95.059998,710.582991,energidataservice_auto,1,,2026-07-12 16:14:57
6227,2026-07-11T15:30:00,2026-07-11T15:30:00,DK2,95.949997,717.235823,energidataservice_auto,1,,2026-07-12 16:14:57
6230,2026-07-11T15:45:00,2026-07-11T15:45:00,DK1,123.900002,926.164905,energidataservice_auto,1,,2026-07-12 16:14:57
6229,2026-07-11T15:45:00,2026-07-11T15:45:00,DK2,121.629997,909.196391,energidataservice_auto,1,,2026-07-12 16:14:57
6232,2026-07-11T16:00:00,2026-07-11T16:00:00,DK1,98.099998,733.307295,energidataservice_auto,1,,2026-07-12 16:14:57
6231,2026-07-11T16:00:00,2026-07-11T16:00:00,DK2,106.419998,795.500127,energidataservice_auto,1,,2026-07-12 16:14:57
6234,2026-07-11T16:15:00,2026-07-11T16:15:00,DK1,113.790001,850.591636,energidataservice_auto,1,,2026-07-12 16:14:57
6233,2026-07-11T16:15:00,2026-07-11T16:15:00,DK2,117.57,878.847507,energidataservice_auto,1,,2026-07-12 16:14:57
6236,2026-07-11T16:30:00,2026-07-11T16:30:00,DK1,131.300003,981.480652,energidataservice_auto,1,,2026-07-12 16:14:57
6235,2026-07-11T16:30:00,2026-07-11T16:30:00,DK2,132.029999,986.937446,energidataservice_auto,1,,2026-07-12 16:14:57
6238,2026-07-11T16:45:00,2026-07-11T16:45:00,DK1,139.949997,1046.140223,energidataservice_auto,1,,2026-07-12 16:14:57
6237,2026-07-11T16:45:00,2026-07-11T16:45:00,DK2,137.720001,1029.470779,energidataservice_auto,1,,2026-07-12 16:14:57
6240,2026-07-11T17:00:00,2026-07-11T17:00:00,DK1,130.240005,973.557061,energidataservice_auto,1,,2026-07-12 16:14:57
6239,2026-07-11T17:00:00,2026-07-11T17:00:00,DK2,132.630005,991.42255,energidataservice_auto,1,,2026-07-12 16:14:57
6242,2026-07-11T17:15:00,2026-07-11T17:15:00,DK1,141.059998,1054.437591,energidataservice_auto,1,,2026-07-12 16:14:57
6241,2026-07-11T17:15:00,2026-07-11T17:15:00,DK2,142.070007,1061.987509,energidataservice_auto,1,,2026-07-12 16:14:57
6244,2026-07-11T17:30:00,2026-07-11T17:30:00,DK1,144.320007,1078.806484,energidataservice_auto,1,,2026-07-12 16:14:57
6243,2026-07-11T17:30:00,2026-07-11T17:30:00,DK2,143.809998,1074.994116,energidataservice_auto,1,,2026-07-12 16:14:57
6246,2026-07-11T17:45:00,2026-07-11T17:45:00,DK1,149.059998,1114.238391,energidataservice_auto,1,,2026-07-12 16:14:57
6245,2026-07-11T17:45:00,2026-07-11T17:45:00,DK2,149.110001,1114.612168,energidataservice_auto,1,,2026-07-12 16:14:57
6248,2026-07-11T18:00:00,2026-07-11T18:00:00,DK1,148.179993,1107.660266,energidataservice_auto,1,,2026-07-12 16:14:57
6247,2026-07-11T18:00:00,2026-07-11T18:00:00,DK2,148.229996,1108.034043,energidataservice_auto,1,,2026-07-12 16:14:57
6250,2026-07-11T18:15:00,2026-07-11T18:15:00,DK1,151.279999,1130.833121,energidataservice_auto,1,,2026-07-12 16:14:57
6249,2026-07-11T18:15:00,2026-07-11T18:15:00,DK2,151.309998,1131.057366,energidataservice_auto,1,,2026-07-12 16:14:57
6252,2026-07-11T18:30:00,2026-07-11T18:30:00,DK1,153.520004,1147.577382,energidataservice_auto,1,,2026-07-12 16:14:57
6251,2026-07-11T18:30:00,2026-07-11T18:30:00,DK2,153.630005,1148.39965,energidataservice_auto,1,,2026-07-12 16:14:57
6254,2026-07-11T18:45:00,2026-07-11T18:45:00,DK1,154.589996,1155.575679,energidataservice_auto,1,,2026-07-12 16:14:57
6253,2026-07-11T18:45:00,2026-07-11T18:45:00,DK2,154.649994,1156.02417,energidataservice_auto,1,,2026-07-12 16:14:57
6256,2026-07-11T19:00:00,2026-07-11T19:00:00,DK1,156.509995,1169.927864,energidataservice_auto,1,,2026-07-12 16:14:57
6255,2026-07-11T19:00:00,2026-07-11T19:00:00,DK2,156.449997,1169.479373,energidataservice_auto,1,,2026-07-12 16:14:57
6258,2026-07-11T19:15:00,2026-07-11T19:15:00,DK1,154.630005,1155.87475,energidataservice_auto,1,,2026-07-12 16:14:57
6257,2026-07-11T19:15:00,2026-07-11T19:15:00,DK2,154.639999,1155.949457,energidataservice_auto,1,,2026-07-12 16:14:57
6260,2026-07-11T19:30:00,2026-07-11T19:30:00,DK1,157.949997,1180.692023,energidataservice_auto,1,,2026-07-12 16:14:57
6259,2026-07-11T19:30:00,2026-07-11T19:30:00,DK2,157.949997,1180.692023,energidataservice_auto,1,,2026-07-12 16:14:57
6262,2026-07-11T19:45:00,2026-07-11T19:45:00,DK1,156.539993,1170.152102,energidataservice_auto,1,,2026-07-12 16:14:57
6261,2026-07-11T19:45:00,2026-07-11T19:45:00,DK2,156.550003,1170.226927,energidataservice_auto,1,,2026-07-12 16:14:57
6264,2026-07-11T20:00:00,2026-07-11T20:00:00,DK1,160.009995,1196.090714,energidataservice_auto,1,,2026-07-12 16:14:57
6263,2026-07-11T20:00:00,2026-07-11T20:00:00,DK2,160.009995,1196.090714,energidataservice_auto,1,,2026-07-12 16:14:57
6266,2026-07-11T20:15:00,2026-07-11T20:15:00,DK1,155.309998,1160.957766,energidataservice_auto,1,,2026-07-12 16:14:57
6265,2026-07-11T20:15:00,2026-07-11T20:15:00,DK2,155.320007,1161.032584,energidataservice_auto,1,,2026-07-12 16:14:57
6268,2026-07-11T20:30:00,2026-07-11T20:30:00,DK1,155.279999,1160.733521,energidataservice_auto,1,,2026-07-12 16:14:57
6267,2026-07-11T20:30:00,2026-07-11T20:30:00,DK2,155.289993,1160.808227,energidataservice_auto,1,,2026-07-12 16:14:57
6270,2026-07-11T20:45:00,2026-07-11T20:45:00,DK1,148.949997,1113.416123,energidataservice_auto,1,,2026-07-12 16:14:57
6269,2026-07-11T20:45:00,2026-07-11T20:45:00,DK2,148.970001,1113.565654,energidataservice_auto,1,,2026-07-12 16:14:57
6272,2026-07-11T21:00:00,2026-07-11T21:00:00,DK1,151.380005,1131.580675,energidataservice_auto,1,,2026-07-12 16:14:57
6271,2026-07-11T21:00:00,2026-07-11T21:00:00,DK2,151.440002,1132.029159,energidataservice_auto,1,,2026-07-12 16:14:57
6274,2026-07-11T21:15:00,2026-07-11T21:15:00,DK1,145.240005,1085.683561,energidataservice_auto,1,,2026-07-12 16:14:57
6273,2026-07-11T21:15:00,2026-07-11T21:15:00,DK2,145.300003,1086.132052,energidataservice_auto,1,,2026-07-12 16:14:57
6276,2026-07-11T21:30:00,2026-07-11T21:30:00,DK1,145.0,1083.8895,energidataservice_auto,1,,2026-07-12 16:14:57
6275,2026-07-11T21:30:00,2026-07-11T21:30:00,DK2,143.850006,1075.29318,energidataservice_auto,1,,2026-07-12 16:14:57
6278,2026-07-11T21:45:00,2026-07-11T21:45:00,DK1,140.779999,1052.344571,energidataservice_auto,1,,2026-07-12 16:14:57
6277,2026-07-11T21:45:00,2026-07-11T21:45:00,DK2,141.940002,1061.015709,energidataservice_auto,1,,2026-07-12 16:14:57
6280,2026-07-11T22:00:00,2026-07-11T22:00:00,DK1,140.509995,1050.326264,energidataservice_auto,1,,2026-07-12 16:14:57
6279,2026-07-11T22:00:00,2026-07-11T22:00:00,DK2,138.320007,1033.955884,energidataservice_auto,1,,2026-07-12 16:14:57
6282,2026-07-11T22:15:00,2026-07-11T22:15:00,DK1,140.0,1046.514,energidataservice_auto,1,,2026-07-12 16:14:57
6281,2026-07-11T22:15:00,2026-07-11T22:15:00,DK2,137.820007,1030.218334,energidataservice_auto,1,,2026-07-12 16:14:57
6284,2026-07-11T22:30:00,2026-07-11T22:30:00,DK1,138.759995,1037.244839,energidataservice_auto,1,,2026-07-12 16:14:57
6283,2026-07-11T22:30:00,2026-07-11T22:30:00,DK2,138.770004,1037.319657,energidataservice_auto,1,,2026-07-12 16:14:57
6286,2026-07-11T22:45:00,2026-07-11T22:45:00,DK1,130.5,975.50055,energidataservice_auto,1,,2026-07-12 16:14:57
6285,2026-07-11T22:45:00,2026-07-11T22:45:00,DK2,130.509995,975.575264,energidataservice_auto,1,,2026-07-12 16:14:57
6288,2026-07-11T23:00:00,2026-07-11T23:00:00,DK1,135.199997,1010.633498,energidataservice_auto,1,,2026-07-12 16:14:57
6287,2026-07-11T23:00:00,2026-07-11T23:00:00,DK2,135.210007,1010.708323,energidataservice_auto,1,,2026-07-12 16:14:57
6290,2026-07-11T23:15:00,2026-07-11T23:15:00,DK1,135.0,1009.1385,energidataservice_auto,1,,2026-07-12 16:14:57
6289,2026-07-11T23:15:00,2026-07-11T23:15:00,DK2,135.009995,1009.213214,energidataservice_auto,1,,2026-07-12 16:14:57
6292,2026-07-11T23:30:00,2026-07-11T23:30:00,DK1,131.339996,981.779604,energidataservice_auto,1,,2026-07-12 16:14:57
6291,2026-07-11T23:30:00,2026-07-11T23:30:00,DK2,131.339996,981.779604,energidataservice_auto,1,,2026-07-12 16:14:57
6294,2026-07-11T23:45:00,2026-07-11T23:45:00,DK1,126.0,941.8626,energidataservice_auto,1,,2026-07-12 16:14:57
6293,2026-07-11T23:45:00,2026-07-11T23:45:00,DK2,126.010002,941.937366,energidataservice_auto,1,,2026-07-12 16:14:57
6296,2026-07-12T00:00:00,2026-07-12T00:00:00,DK1,127.940002,956.364309,energidataservice_auto,1,,2026-07-12 16:14:57
6295,2026-07-12T00:00:00,2026-07-12T00:00:00,DK2,127.949997,956.439023,energidataservice_auto,1,,2026-07-12 16:14:57
6298,2026-07-12T00:15:00,2026-07-12T00:15:00,DK1,126.040001,942.161611,energidataservice_auto,1,,2026-07-12 16:14:57
6297,2026-07-12T00:15:00,2026-07-12T00:15:00,DK2,126.050003,942.236377,energidataservice_auto,1,,2026-07-12 16:14:57
6300,2026-07-12T00:30:00,2026-07-12T00:30:00,DK1,124.800003,932.892502,energidataservice_auto,1,,2026-07-12 16:14:57
6299,2026-07-12T00:30:00,2026-07-12T00:30:00,DK2,124.809998,932.967216,energidataservice_auto,1,,2026-07-12 16:14:57
6302,2026-07-12T00:45:00,2026-07-12T00:45:00,DK1,123.5,923.17485,energidataservice_auto,1,,2026-07-12 16:14:57
6301,2026-07-12T00:45:00,2026-07-12T00:45:00,DK2,123.510002,923.249616,energidataservice_auto,1,,2026-07-12 16:14:57
6304,2026-07-12T01:00:00,2026-07-12T01:00:00,DK1,127.93,956.289543,energidataservice_auto,1,,2026-07-12 16:14:57
6303,2026-07-12T01:00:00,2026-07-12T01:00:00,DK2,127.940002,956.364309,energidataservice_auto,1,,2026-07-12 16:14:57
6306,2026-07-12T01:15:00,2026-07-12T01:15:00,DK1,127.919998,956.214777,energidataservice_auto,1,,2026-07-12 16:14:57
6305,2026-07-12T01:15:00,2026-07-12T01:15:00,DK2,127.93,956.289543,energidataservice_auto,1,,2026-07-12 16:14:57
6308,2026-07-12T01:30:00,2026-07-12T01:30:00,DK1,122.849998,918.31602,energidataservice_auto,1,,2026-07-12 16:14:57
6307,2026-07-12T01:30:00,2026-07-12T01:30:00,DK2,122.860001,918.390793,energidataservice_auto,1,,2026-07-12 16:14:57
6310,2026-07-12T01:45:00,2026-07-12T01:45:00,DK1,121.699997,909.719648,energidataservice_auto,1,,2026-07-12 16:14:57
6309,2026-07-12T01:45:00,2026-07-12T01:45:00,DK2,121.709999,909.794414,energidataservice_auto,1,,2026-07-12 16:14:57
6312,2026-07-12T02:00:00,2026-07-12T02:00:00,DK1,127.0,949.3377,energidataservice_auto,1,,2026-07-12 16:14:57
6311,2026-07-12T02:00:00,2026-07-12T02:00:00,DK2,127.010002,949.412466,energidataservice_auto,1,,2026-07-12 16:14:57
6314,2026-07-12T02:15:00,2026-07-12T02:15:00,DK1,123.230003,921.156595,energidataservice_auto,1,,2026-07-12 16:14:57
6313,2026-07-12T02:15:00,2026-07-12T02:15:00,DK2,123.239998,921.231309,energidataservice_auto,1,,2026-07-12 16:14:57
6316,2026-07-12T02:30:00,2026-07-12T02:30:00,DK1,121.110001,905.309368,energidataservice_auto,1,,2026-07-12 16:14:57
6315,2026-07-12T02:30:00,2026-07-12T02:30:00,DK2,121.120003,905.384134,energidataservice_auto,1,,2026-07-12 16:14:57
6318,2026-07-12T02:45:00,2026-07-12T02:45:00,DK1,120.190002,898.432284,energidataservice_auto,1,,2026-07-12 16:14:57
6317,2026-07-12T02:45:00,2026-07-12T02:45:00,DK2,120.199997,898.506998,energidataservice_auto,1,,2026-07-12 16:14:57
6320,2026-07-12T03:00:00,2026-07-12T03:00:00,DK1,124.0,926.9124,energidataservice_auto,1,,2026-07-12 16:14:57
6319,2026-07-12T03:00:00,2026-07-12T03:00:00,DK2,122.07,912.485457,energidataservice_auto,1,,2026-07-12 16:14:57
6322,2026-07-12T03:15:00,2026-07-12T03:15:00,DK1,122.18,913.307718,energidataservice_auto,1,,2026-07-12 16:14:57
6321,2026-07-12T03:15:00,2026-07-12T03:15:00,DK2,122.190002,913.382484,energidataservice_auto,1,,2026-07-12 16:14:57
6324,2026-07-12T03:30:00,2026-07-12T03:30:00,DK1,120.540001,901.048561,energidataservice_auto,1,,2026-07-12 16:14:57
6323,2026-07-12T03:30:00,2026-07-12T03:30:00,DK2,119.400002,892.526955,energidataservice_auto,1,,2026-07-12 16:14:57
6326,2026-07-12T03:45:00,2026-07-12T03:45:00,DK1,113.199997,846.181298,energidataservice_auto,1,,2026-07-12 16:14:57
6325,2026-07-12T03:45:00,2026-07-12T03:45:00,DK2,113.010002,844.761066,energidataservice_auto,1,,2026-07-12 16:14:57
6328,2026-07-12T04:00:00,2026-07-12T04:00:00,DK1,118.639999,886.845857,energidataservice_auto,1,,2026-07-12 16:14:57
6327,2026-07-12T04:00:00,2026-07-12T04:00:00,DK2,117.900002,881.314305,energidataservice_auto,1,,2026-07-12 16:14:57
6330,2026-07-12T04:15:00,2026-07-12T04:15:00,DK1,112.330002,839.677998,energidataservice_auto,1,,2026-07-12 16:14:57
6329,2026-07-12T04:15:00,2026-07-12T04:15:00,DK2,112.339996,839.752704,energidataservice_auto,1,,2026-07-12 16:14:57
6332,2026-07-12T04:30:00,2026-07-12T04:30:00,DK1,110.0,822.261,energidataservice_auto,1,,2026-07-12 16:14:57
6331,2026-07-12T04:30:00,2026-07-12T04:30:00,DK2,110.0,822.261,energidataservice_auto,1,,2026-07-12 16:14:57
6334,2026-07-12T04:45:00,2026-07-12T04:45:00,DK1,105.480003,788.47357,energidataservice_auto,1,,2026-07-12 16:14:57
6333,2026-07-12T04:45:00,2026-07-12T04:45:00,DK2,105.480003,788.47357,energidataservice_auto,1,,2026-07-12 16:14:57
6336,2026-07-12T05:00:00,2026-07-12T05:00:00,DK1,112.309998,839.528466,energidataservice_auto,1,,2026-07-12 16:14:57
6335,2026-07-12T05:00:00,2026-07-12T05:00:00,DK2,112.309998,839.528466,energidataservice_auto,1,,2026-07-12 16:14:57
6338,2026-07-12T05:15:00,2026-07-12T05:15:00,DK1,108.300003,809.553352,energidataservice_auto,1,,2026-07-12 16:14:57
6337,2026-07-12T05:15:00,2026-07-12T05:15:00,DK2,108.309998,809.628066,energidataservice_auto,1,,2026-07-12 16:14:57
6340,2026-07-12T05:30:00,2026-07-12T05:30:00,DK1,101.209999,756.554864,energidataservice_auto,1,,2026-07-12 16:14:57
6339,2026-07-12T05:30:00,2026-07-12T05:30:00,DK2,101.209999,756.554864,energidataservice_auto,1,,2026-07-12 16:14:57
6342,2026-07-12T05:45:00,2026-07-12T05:45:00,DK1,77.279999,577.675721,energidataservice_auto,1,,2026-07-12 16:14:57
6341,2026-07-12T05:45:00,2026-07-12T05:45:00,DK2,77.290001,577.750486,energidataservice_auto,1,,2026-07-12 16:14:57
6344,2026-07-12T06:00:00,2026-07-12T06:00:00,DK1,103.559998,774.121341,energidataservice_auto,1,,2026-07-12 16:14:57
6343,2026-07-12T06:00:00,2026-07-12T06:00:00,DK2,103.559998,774.121341,energidataservice_auto,1,,2026-07-12 16:14:57
6346,2026-07-12T06:15:00,2026-07-12T06:15:00,DK1,79.489998,594.195684,energidataservice_auto,1,,2026-07-12 16:14:57
6345,2026-07-12T06:15:00,2026-07-12T06:15:00,DK2,79.449997,593.896673,energidataservice_auto,1,,2026-07-12 16:14:57
6348,2026-07-12T06:30:00,2026-07-12T06:30:00,DK1,52.360001,391.396243,energidataservice_auto,1,,2026-07-12 16:14:57
6347,2026-07-12T06:30:00,2026-07-12T06:30:00,DK2,50.02,373.904502,energidataservice_auto,1,,2026-07-12 16:14:57
6350,2026-07-12T06:45:00,2026-07-12T06:45:00,DK1,13.2,98.67132,energidataservice_auto,1,,2026-07-12 16:14:57
6349,2026-07-12T06:45:00,2026-07-12T06:45:00,DK2,12.65,94.560015,energidataservice_auto,1,,2026-07-12 16:14:57
6352,2026-07-12T07:00:00,2026-07-12T07:00:00,DK1,20.0,149.502,energidataservice_auto,1,,2026-07-12 16:14:57
6351,2026-07-12T07:00:00,2026-07-12T07:00:00,DK2,17.290001,129.244486,energidataservice_auto,1,,2026-07-12 16:14:57
6354,2026-07-12T07:15:00,2026-07-12T07:15:00,DK1,1.54,11.511654,energidataservice_auto,1,,2026-07-12 16:14:57
6353,2026-07-12T07:15:00,2026-07-12T07:15:00,DK2,4.93,36.852243,energidataservice_auto,1,,2026-07-12 16:14:57
6356,2026-07-12T07:30:00,2026-07-12T07:30:00,DK1,1.0,7.4751,energidataservice_auto,1,,2026-07-12 16:14:57
6355,2026-07-12T07:30:00,2026-07-12T07:30:00,DK2,3.93,29.377143,energidataservice_auto,1,,2026-07-12 16:14:57
6358,2026-07-12T07:45:00,2026-07-12T07:45:00,DK1,1.31,9.792381,energidataservice_auto,1,,2026-07-12 16:14:57
6357,2026-07-12T07:45:00,2026-07-12T07:45:00,DK2,3.67,27.433617,energidataservice_auto,1,,2026-07-12 16:14:57
6360,2026-07-12T08:00:00,2026-07-12T08:00:00,DK1,2.0,14.9502,energidataservice_auto,1,,2026-07-12 16:14:57
6359,2026-07-12T08:00:00,2026-07-12T08:00:00,DK2,5.28,39.468528,energidataservice_auto,1,,2026-07-12 16:14:57
6362,2026-07-12T08:15:00,2026-07-12T08:15:00,DK1,2.0,14.9502,energidataservice_auto,1,,2026-07-12 16:14:57
6361,2026-07-12T08:15:00,2026-07-12T08:15:00,DK2,4.98,37.225998,energidataservice_auto,1,,2026-07-12 16:14:57
6364,2026-07-12T08:30:00,2026-07-12T08:30:00,DK1,1.39,10.390389,energidataservice_auto,1,,2026-07-12 16:14:57
6363,2026-07-12T08:30:00,2026-07-12T08:30:00,DK2,4.22,31.544922,energidataservice_auto,1,,2026-07-12 16:14:57
6366,2026-07-12T08:45:00,2026-07-12T08:45:00,DK1,1.37,10.240887,energidataservice_auto,1,,2026-07-12 16:14:57
6365,2026-07-12T08:45:00,2026-07-12T08:45:00,DK2,3.96,29.601396,energidataservice_auto,1,,2026-07-12 16:14:57
6368,2026-07-12T09:00:00,2026-07-12T09:00:00,DK1,0.5,3.73755,energidataservice_auto,1,,2026-07-12 16:14:57
6367,2026-07-12T09:00:00,2026-07-12T09:00:00,DK2,4.9,36.62799,energidataservice_auto,1,,2026-07-12 16:14:57
6370,2026-07-12T09:15:00,2026-07-12T09:15:00,DK1,0.0,0.0,energidataservice_auto,1,,2026-07-12 16:14:57
6369,2026-07-12T09:15:00,2026-07-12T09:15:00,DK2,4.97,37.151247,energidataservice_auto,1,,2026-07-12 16:14:57
6372,2026-07-12T09:30:00,2026-07-12T09:30:00,DK1,0.0,0.0,energidataservice_auto,1,,2026-07-12 16:14:57
6371,2026-07-12T09:30:00,2026-07-12T09:30:00,DK2,4.99,37.300749,energidataservice_auto,1,,2026-07-12 16:14:57
6374,2026-07-12T09:45:00,2026-07-12T09:45:00,DK1,-0.01,-0.074751,energidataservice_auto,1,,2026-07-12 16:14:57
6373,2026-07-12T09:45:00,2026-07-12T09:45:00,DK2,4.99,37.300749,energidataservice_auto,1,,2026-07-12 16:14:57
6376,2026-07-12T10:00:00,2026-07-12T10:00:00,DK1,-0.05,-0.373755,energidataservice_auto,1,,2026-07-12 16:14:57
6375,2026-07-12T10:00:00,2026-07-12T10:00:00,DK2,6.03,45.074853,energidataservice_auto,1,,2026-07-12 16:14:57
6378,2026-07-12T10:15:00,2026-07-12T10:15:00,DK1,-0.14,-1.046514,energidataservice_auto,1,,2026-07-12 16:14:57
6377,2026-07-12T10:15:00,2026-07-12T10:15:00,DK2,6.83,51.054933,energidataservice_auto,1,,2026-07-12 16:14:57
6380,2026-07-12T10:30:00,2026-07-12T10:30:00,DK1,-4.0,-29.9004,energidataservice_auto,1,,2026-07-12 16:14:57
6379,2026-07-12T10:30:00,2026-07-12T10:30:00,DK2,5.41,40.440291,energidataservice_auto,1,,2026-07-12 16:14:57
6382,2026-07-12T10:45:00,2026-07-12T10:45:00,DK1,-2.86,-21.378786,energidataservice_auto,1,,2026-07-12 16:14:57
6381,2026-07-12T10:45:00,2026-07-12T10:45:00,DK2,6.83,51.054933,energidataservice_auto,1,,2026-07-12 16:14:57
6384,2026-07-12T11:00:00,2026-07-12T11:00:00,DK1,-0.09,-0.672759,energidataservice_auto,1,,2026-07-12 16:14:57
6383,2026-07-12T11:00:00,2026-07-12T11:00:00,DK2,7.7,57.55827,energidataservice_auto,1,,2026-07-12 16:14:57
6386,2026-07-12T11:15:00,2026-07-12T11:15:00,DK1,-0.08,-0.598008,energidataservice_auto,1,,2026-07-12 16:14:57
6385,2026-07-12T11:15:00,2026-07-12T11:15:00,DK2,6.84,51.129684,energidataservice_auto,1,,2026-07-12 16:14:57
6388,2026-07-12T11:30:00,2026-07-12T11:30:00,DK1,-0.09,-0.672759,energidataservice_auto,1,,2026-07-12 16:14:57
6387,2026-07-12T11:30:00,2026-07-12T11:30:00,DK2,8.2,61.29582,energidataservice_auto,1,,2026-07-12 16:14:57
6390,2026-07-12T11:45:00,2026-07-12T11:45:00,DK1,-0.09,-0.672759,energidataservice_auto,1,,2026-07-12 16:14:57
6389,2026-07-12T11:45:00,2026-07-12T11:45:00,DK2,9.41,70.340691,energidataservice_auto,1,,2026-07-12 16:14:57
6392,2026-07-12T12:00:00,2026-07-12T12:00:00,DK1,-0.09,-0.672759,energidataservice_auto,1,,2026-07-12 16:14:57
6391,2026-07-12T12:00:00,2026-07-12T12:00:00,DK2,10.05,75.124755,energidataservice_auto,1,,2026-07-12 16:14:57
6394,2026-07-12T12:15:00,2026-07-12T12:15:00,DK1,-0.08,-0.598008,energidataservice_auto,1,,2026-07-12 16:14:57
6393,2026-07-12T12:15:00,2026-07-12T12:15:00,DK2,10.88,81.329088,energidataservice_auto,1,,2026-07-12 16:14:57
6396,2026-07-12T12:30:00,2026-07-12T12:30:00,DK1,-0.08,-0.598008,energidataservice_auto,1,,2026-07-12 16:14:57
6395,2026-07-12T12:30:00,2026-07-12T12:30:00,DK2,11.1,82.97361,energidataservice_auto,1,,2026-07-12 16:14:57
6398,2026-07-12T12:45:00,2026-07-12T12:45:00,DK1,-0.08,-0.598008,energidataservice_auto,1,,2026-07-12 16:14:57
6397,2026-07-12T12:45:00,2026-07-12T12:45:00,DK2,12.84,95.980284,energidataservice_auto,1,,2026-07-12 16:14:57
6400,2026-07-12T13:00:00,2026-07-12T13:00:00,DK1,-0.14,-1.046514,energidataservice_auto,1,,2026-07-12 16:14:57
6399,2026-07-12T13:00:00,2026-07-12T13:00:00,DK2,10.64,79.535064,energidataservice_auto,1,,2026-07-12 16:14:57
6402,2026-07-12T13:15:00,2026-07-12T13:15:00,DK1,-2.86,-21.378786,energidataservice_auto,1,,2026-07-12 16:14:57
6401,2026-07-12T13:15:00,2026-07-12T13:15:00,DK2,11.84,88.505184,energidataservice_auto,1,,2026-07-12 16:14:57
6404,2026-07-12T13:30:00,2026-07-12T13:30:00,DK1,-0.13,-0.971763,energidataservice_auto,1,,2026-07-12 16:14:57
6403,2026-07-12T13:30:00,2026-07-12T13:30:00,DK2,12.8,95.68128,energidataservice_auto,1,,2026-07-12 16:14:57
6406,2026-07-12T13:45:00,2026-07-12T13:45:00,DK1,-0.06,-0.448506,energidataservice_auto,1,,2026-07-12 16:14:57
6405,2026-07-12T13:45:00,2026-07-12T13:45:00,DK2,13.85,103.530135,energidataservice_auto,1,,2026-07-12 16:14:57
6408,2026-07-12T14:00:00,2026-07-12T14:00:00,DK1,-0.02,-0.149502,energidataservice_auto,1,,2026-07-12 16:14:57
6407,2026-07-12T14:00:00,2026-07-12T14:00:00,DK2,12.57,93.962007,energidataservice_auto,1,,2026-07-12 16:14:57
